Vitamin C (mg per 100g),Vitamin B11 (mg per 100g),Sodium (mg per 100g),Calcium (mg per 100g),Carbohydrates (g per 100g),food,Iron (mg per 100g),Calories (kcal per 100g),Sugars (g per 100g),Dietary Fiber (g per 100g),Fat (g per 100g),Protein (g per 100g),preparation,micronutrient_density,clusters
0.082,0.086,0.018,2.8,0.073,margarine with yoghurt,0.027,88.0,0.0,0.0,9.8,0.058,other,24.95056332556332,0
0.4,0.005,0.065,10.2,3.7,sunflower seed butter,0.7,99.0,1.7,0.9,8.8,2.8,other,6.432271432271432,0
0.0,0.0,0.0,0.0,0.0,hazelnut oil,0.0,120.0,0.0,0.0,13.6,0.0,other,0.0,0
0.0,0.0,0.0,0.0,0.0,cod liver fish oil,0.0,123.0,0.0,0.0,13.6,0.0,other,0.0,0
0.0,0.0,0.0,0.0,0.0,sardine oil,0.0,123.0,0.0,0.0,13.6,0.0,other,0.0,0
0.0,0.0,0.0,0.0,0.0,cupu assu oil,0.0,120.0,0.0,0.0,13.6,0.0,other,0.0,0
0.0,0.0,0.0,0.0,0.0,lard,0.0,115.0,0.0,0.0,12.8,0.0,other,0.0,0
0.0,0.002,0.031,153.6,3.8,sesame butter,3.1,94.0,0.0,0.9,8.1,2.9,other,31.422985997454084,0
0.0,0.067,0.019,0.6,0.1,margarine spread,0.078,59.0,0.0,0.0,6.7,0.082,other,29.20252064319861,0
0.0,0.0,0.0,0.0,0.0,lard vegetable oil,0.0,115.0,0.0,0.0,12.8,0.0,other,0.0,0
0.0,0.0,0.0,0.0,0.0,shortening,0.0,113.0,0.0,0.0,12.8,0.0,other,0.0,0
0.092,0.052,0.081,2.9,0.1,vegetable oil spread,0.0,75.0,0.0,0.0,8.4,0.007,other,17.767065527065522,0
0.0,0.0,0.0,0.0,0.0,cottonseed oil,0.0,120.0,0.0,0.0,13.6,0.0,other,0.0,0
0.051,0.004,0.1,5.7,0.4,vegetable oil spread fat free,0.041,6.0,0.0,0.0,0.5,0.2,other,28.71509971509972,0
0.051,0.006,0.1,0.0,0.0,soy margarine,0.0,88.0,0.0,0.0,9.9,0.0,other,1.7689393939393938,0
0.036,0.001,0.1,0.068,0.017,margarine with salt,0.0,100.0,0.0,0.0,11.3,0.031,other,0.2952307692307692,0
0.076,0.084,0.091,0.059,0.018,margarine,0.0,102.0,0.0,0.0,11.5,0.037,other,20.675473437238143,0
0.0,0.0,0.0,0.0,0.0,salmon fish oil,0.0,123.0,0.0,0.0,13.6,0.0,other,0.0,0
0.0,0.017,0.037,55.5,3.0,almond butter,0.6,98.0,0.7,1.6,8.9,3.4,other,12.094453165881738,0
0.0,0.0,0.0,0.0,1.0,sour cream shoprite,0.0,60.0,0.014,0.0,5.0,0.0,other,0.0,0
0.0,0.0,0.0,0.0,0.0,ucuhuba butter oil,0.0,120.0,0.0,0.0,13.6,0.0,other,0.0,0
0.0,0.0,0.0,0.0,0.0,chicken fat,0.0,115.0,0.0,0.0,12.8,0.0,other,0.0,0
0.0,0.0,0.0,0.0,0.0,herring fish oil,0.0,123.0,0.0,0.0,13.6,0.0,other,0.0,0
0.0,0.0,0.009,0.0,0.0,bacon grease,0.0,39.0,0.0,0.0,4.3,0.0,other,0.0,0
0.0,0.0,0.0,0.0,0.0,turkey fat,0.0,45.0,0.0,0.0,5.0,0.0,other,0.0,0
0.0,0.0,0.0,0.0,0.0,beef tallow,0.0,115.0,0.0,0.0,12.8,0.0,other,0.0,0
0.0,0.0,0.0,0.0,0.0,goose fat,0.0,45.0,0.0,0.0,5.0,0.0,other,0.0,0
0.0,0.0,0.0,0.0,0.0,duck fat,0.0,44.0,0.0,0.0,5.0,0.0,other,0.0,0
0.0,0.0,0.0,0.0,0.0,mutton tallow,0.0,45.0,0.0,0.0,5.0,0.0,other,0.0,0
0.0,0.0,0.0,0.0,0.0,grapeseed oil,0.0,120.0,0.0,0.0,13.6,0.0,other,0.0,0
0.0,0.0,0.0,0.0,0.0,almond oil,0.0,120.0,0.0,0.0,13.6,0.0,other,0.0,0
0.0,0.0,0.0,0.1,0.0,sunflower oil,0.0,120.0,0.0,0.0,13.6,0.0,other,0.00641025641025641,0
0.0,0.099,0.071,6.9,4.4,cashew butter,0.8,94.0,0.8,0.3,7.9,2.8,other,31.622567739589012,0
0.0,0.0,0.0,0.088,0.0,canola oil,0.0,124.0,0.0,0.0,14.0,0.0,other,0.005459057071960298,0
0.0,0.0,0.0,0.0,0.0,teaseed oil,0.0,120.0,0.0,0.0,13.6,0.0,other,0.0,0
0.0,0.0,0.0,0.0,0.0,avocado oil,0.0,124.0,0.0,0.0,14.0,0.0,other,0.0,0
0.0,0.0,0.0,0.0,0.0,vegetable palm kernel oil,0.0,117.0,0.0,0.0,13.6,0.0,other,0.0,0
0.0,0.0,0.0,0.029,0.0,coconut oil,0.0,117.0,0.0,0.0,13.6,0.0,other,0.0019066403681788301,0
0.0,0.0,0.0,0.0,0.0,safflower oil,0.0,120.0,0.0,0.0,13.6,0.0,other,0.0,0
0.0,0.0,0.0,0.073,0.0,vegetable oil,0.0,120.0,0.0,0.0,13.6,0.0,other,0.004679487179487179,0
0.0,0.0,0.0,0.0,0.0,apricot kernel oil,0.0,40.0,0.0,0.0,4.5,0.0,other,0.0,0
0.0,0.0,0.0,0.0,0.0,peanut oil,0.004,119.0,0.0,0.0,13.5,0.0,other,0.018674136321195148,0
0.0,0.0,0.0,0.0,0.0,poppyseed oil,0.0,120.0,0.0,0.0,13.6,0.0,other,0.0,0
0.0,0.0,0.0,0.1,0.0,flaxseed oil,0.0,120.0,0.0,0.0,13.6,0.086,other,0.00641025641025641,0
0.0,0.0,0.0,0.0,0.0,wheat germ oil,0.0,120.0,0.0,0.0,13.6,0.0,other,0.0,0
0.0,0.0,0.0,0.0,0.0,sesame oil,0.0,40.0,0.0,0.0,4.5,0.0,other,0.0,0
0.0,0.0,0.0,0.0,0.0,corn granola oil,0.0,124.0,0.0,0.0,14.0,0.0,other,0.0,0
0.0,0.0,0.0,0.0,0.0,cocoa butter oil,0.0,120.0,0.0,0.0,13.6,0.0,other,0.0,0
0.0,0.0,0.004,0.1,0.0,olive oil,0.092,119.0,0.0,0.0,13.5,0.0,other,0.43596925949867127,0
0.0,0.0,0.098,0.033,0.0,palm kernel oil,0.0,40.0,0.0,0.0,4.5,0.0,other,0.006346153846153847,0
0.0,0.0,0.0,0.0,0.0,mustard oil,0.0,124.0,0.0,0.0,14.0,0.0,other,0.0,0
0.0,0.0,0.0,0.0,0.0,rice bran oil,0.001,120.0,0.0,0.0,13.6,0.0,other,0.00462962962962963,0
0.0,0.2,0.06,28.6,62.9,vegetable macaroni dry,3.6,308.0,0.0,3.6,0.9,11.0,other,23.441558441558445,1
0.0,0.048,0.5,11.2,37.5,chow mein noodles,2.6,257.0,0.5,1.5,9.9,5.9,other,10.62489607236689,6
0.0,0.045,0.015,14.7,35.7,vegetable macaroni cooked,0.7,172.0,1.5,5.8,0.1,6.1,cooked,9.459103557940766,6
0.0,0.048,0.027,4.2,83.2,corn pasta dry,1.0,375.0,0.0,11.6,2.2,7.8,other,4.767635327635328,1
0.0,0.029,0.095,13.3,27.1,egg noodles dry,0.7,146.0,0.7,1.3,1.7,5.4,other,8.330113569839597,6
0.0,0.024,0.002,11.3,21.2,whole wheat spaghetti dry,1.0,98.0,0.0,0.0,0.4,4.1,other,12.678353392639108,6
0.0,0.023,0.2,9.9,21.1,japanese soba noodles dry,0.8,95.0,0.0,0.0,0.2,4.1,other,11.532613585245164,6
0.0,0.091,0.006,5.1,23.6,rice noodles dry,0.2,103.0,0.0,0.5,0.2,1.0,other,23.547008547008545,6
0.0,0.007,0.094,16.4,21.2,spinach spaghetti dry,0.6,105.0,0.8,3.0,0.4,3.8,other,6.042735042735043,6
0.029,0.2,0.027,0.0,20.1,egg noodles cooked,0.051,110.0,0.3,1.0,1.7,3.6,cooked,45.74141414141414,6
0.0,0.039,0.3,14.1,48.5,japanese somen noodles cooked,0.9,231.0,0.0,0.0,0.3,7.0,cooked,6.854811854811854,6
0.0,0.023,0.028,42.0,78.8,whole wheat macaroni dry,3.8,365.0,0.0,8.7,1.5,15.4,other,8.244350778597354,1
0.0,0.0,0.0,0.0,4.1,pasta marinara and ground beef sauce,0.0,41.0,1.0,0.5,1.6,2.5,other,0.0,0
0.0,0.2,0.097,22.1,78.4,macaroni raw,3.5,390.0,2.8,3.4,1.6,13.7,raw,18.242165242165242,1
0.0,0.061,0.09,5.9,21.1,spaghetti dry,0.9,105.0,0.8,0.9,0.4,3.7,other,19.71794871794872,6
0.0,0.0,0.0,0.0,3.4,fusilli cucina,0.0,100.0,0.041,0.0,0.4,0.0,other,0.0,0
0.0,0.028,0.5,6.5,21.0,japanese somen noodles dry,0.4,101.0,0.0,1.2,0.2,3.2,other,9.625962596259626,6
0.0,0.1,0.073,13.8,57.3,pasta cooked,2.6,301.0,0.0,0.0,2.4,11.8,cooked,13.457137178067411,1
0.089,0.4,0.071,0.0,43.2,macaroni cooked,0.1,221.0,0.8,2.5,1.3,8.1,cooked,45.54499748617396,6
0.0,0.083,0.096,21.3,26.7,spinach egg noodles dry,1.6,145.0,0.0,2.6,1.7,5.6,other,21.570586501620983,6
0.0,0.022,0.1,4.6,24.4,japanese soba noodles cooked,0.5,113.0,0.0,0.0,0.1,5.8,cooked,7.638605249224718,6
0.0,0.009,0.075,7.0,42.3,rice noodles cooked,0.2,190.0,0.052,1.8,0.4,3.2,cooked,2.052406657669815,6
0.0,0.039,0.057,21.0,37.2,whole wheat macaroni cooked,1.5,174.0,1.1,3.9,0.8,7.5,cooked,11.321102269378128,6
0.1,0.6,0.089,0.0,71.0,spaghetti cooked,0.2,363.0,1.3,4.1,2.1,13.3,cooked,27.88490970309152,1
0.0,0.081,0.091,21.0,37.2,whole wheat spaghetti cooked,1.5,174.0,1.1,6.3,0.8,7.5,cooked,17.35558502799882,6
0.3,0.062,0.4,191.3,24.7,waffle,1.7,218.0,0.0,0.0,10.6,5.9,other,18.345487336313024,6
0.0,0.038,0.004,12.5,8.3,baked taco shell,0.2,61.0,0.2,0.9,2.7,0.8,other,18.971556676474705,0
0.034,0.068,0.2,0.054,30.2,blueberry muffin,0.063,214.0,17.9,0.6,9.2,2.6,other,8.127070852304497,6
0.0,0.1,0.8,197.6,77.7,bread crumbs,5.2,427.0,6.7,4.9,5.7,14.4,other,16.180067655477494,1
0.0,0.019,0.1,16.1,15.0,warm cinnamon roll mcdonalds,0.5,113.0,7.0,0.5,5.1,2.0,other,7.757733908176384,0
0.0,0.043,0.3,48.8,33.7,corn muffin,1.9,201.0,11.7,2.2,5.5,3.9,other,12.467364034528211,6
0.0,0.2,0.9,137.9,98.4,tortilla,7.5,467.0,5.4,4.7,1.9,14.3,other,21.900291000933404,1
0.0,0.057,0.4,38.4,25.4,croutons seasoned,1.1,186.0,1.8,2.0,7.3,4.3,other,12.53492326072971,6
0.0,0.045,0.2,98.7,16.0,buttermilk waffle,2.2,102.0,1.5,0.9,3.1,2.4,other,30.455421484833252,0
0.0,0.065,0.4,79.9,24.1,flour tortilla,1.6,146.0,1.3,1.2,3.7,3.9,other,21.42811146235804,6
0.2,0.062,0.082,13.1,6.2,glazed donut,0.3,55.0,3.0,0.3,3.0,0.8,other,33.44832944832945,0
0.0,0.036,0.075,19.4,10.7,corn tortilla,0.3,52.0,0.2,1.5,0.7,1.4,other,23.38264299802761,0
0.2,0.094,0.3,114.0,23.6,muffin,1.4,169.0,0.0,1.5,6.5,3.9,other,23.827947200728264,6
0.0,0.061,0.035,6.1,5.9,croutons,0.3,33.0,0.0,0.4,0.5,1.0,other,52.68453768453769,0
0.0,0.086,0.4,21.3,33.2,donut with jelly filling,1.5,289.0,17.9,0.8,15.9,5.0,other,10.889894419306183,6
1.7,0.003,0.3,59.8,42.2,sweet cinnamon rolls,1.3,309.0,26.3,2.0,13.6,5.1,other,4.679971233369292,1
0.0,0.09,0.067,10.7,8.2,oat bran muffin,0.7,46.0,1.4,0.8,1.3,1.2,other,59.15644741731697,0
0.0,0.062,0.1,10.7,24.4,french cruller donut,1.0,169.0,14.4,0.5,7.5,1.3,other,12.945936377889039,6
0.1,0.031,0.2,83.2,10.8,pancakes,0.7,86.0,0.0,0.0,3.7,2.4,other,21.104651162790695,0
0.041,0.059,0.1,127.8,34.4,chocolate donut,1.4,250.0,19.2,1.3,11.9,2.7,other,12.961641025641027,6
0.1,0.06,0.2,77.9,28.8,sweet cheese rolls,0.5,238.0,0.0,0.8,12.1,4.7,other,10.034116210586799,6
0.2,0.02,0.1,31.5,11.2,eclair,0.9,234.0,2.0,0.4,19.2,4.4,other,5.4039739937175835,0
0.0,0.02,0.3,21.3,25.5,donut with cream filling,1.6,307.0,12.4,0.7,20.8,5.4,other,5.057768868843787,6
0.0,0.051,0.2,5.6,37.1,fruit toaster pastry,2.0,209.0,14.8,0.5,5.6,2.4,other,11.622909254488201,6
0.027,0.082,0.2,27.0,22.9,donut,0.5,192.0,0.0,0.7,10.3,2.3,other,13.221198361823363,6
0.2,0.094,0.3,110.0,12.9,pancakes whole wheat,1.4,92.0,0.0,1.2,2.9,3.7,other,43.436454849498325,0
0.0,0.0,0.2,26.5,22.3,keikitos,1.1,196.0,10.8,0.5,10.6,2.9,other,4.1579452293738015,6
0.01,0.007,0.05,0.041,5.2,zwieback,0.083,30.0,0.9,0.2,0.7,0.7,other,7.417920227920227,0
0.2,0.077,0.099,4.3,9.2,chocolate coated donut,0.7,81.0,4.8,0.3,4.5,0.9,other,29.249234989975726,0
0.0,0.023,0.2,101.3,16.3,waffle toasted,2.3,103.0,1.7,0.8,3.2,2.4,other,25.55348103891793,0
0.017,0.063,0.2,17.0,34.1,cinnamon toaster pastry,2.0,206.0,0.0,0.5,7.1,2.6,other,13.683345780433159,6
0.0,0.082,0.2,26.6,17.2,wheat bran bread,1.1,89.0,3.5,1.4,1.2,3.2,other,32.19917410928647,6
0.038,0.2,0.1,0.081,14.3,white bread,0.04,77.0,1.6,0.8,1.0,2.6,other,65.28659118659118,0
0.0,0.066,0.1,19.5,11.9,oat bran bread,0.9,71.0,2.3,1.4,1.3,3.1,other,32.3943661971831,0
0.0,0.0,0.0,0.0,0.0,whole wheat bread natures own,0.0,50.0,0.0,0.0,1.0,0.0,other,0.0,0
0.0,0.0,0.0,0.0,15.3,high protein bread dr zaks,0.0,152.0,0.6,0.0,3.0,0.0,other,0.0,0
0.062,0.1,0.1,0.026,13.8,wheat bread,0.066,79.0,1.7,1.2,1.3,3.1,other,32.19943741209564,0
0.0,0.066,0.2,37.7,19.5,egg bread toasted,1.2,117.0,0.7,0.9,2.4,3.9,other,22.279202279202277,6
0.0,0.0,0.0,0.0,2.0,butter toastbrot ja,0.0,66.0,0.4,0.0,0.9,0.0,other,0.0,0
0.095,0.037,0.2,13.6,18.0,vienna bread toasted,1.1,93.0,1.0,0.9,0.6,3.8,other,17.755720981527432,6
0.095,0.08,0.2,14.1,18.1,vienna bread,1.2,92.0,0.8,0.8,0.6,3.8,other,30.279171311780008,6
0.0,0.043,0.008,23.6,8.3,protein bread,0.8,47.0,0.3,0.6,0.4,2.3,other,36.19112565921077,0
1.0,0.073,0.2,12.0,31.1,banana bread,0.8,186.0,0.0,0.6,6.0,2.5,other,13.294963698189505,6
0.0,0.063,0.081,18.6,11.7,rice bran bread,1.0,66.0,1.3,1.3,1.2,2.4,other,34.44897694897695,0
0.0,0.0,0.0,0.0,18.0,white fibre wonder bread,0.0,95.0,2.0,1.5,1.0,3.5,other,0.0,6
0.0,0.038,0.3,20.0,20.4,focaccia,1.8,142.0,1.0,1.0,4.5,5.0,other,14.81581798483207,6
0.0,0.035,0.1,19.2,11.8,oat bran bread toasted,0.9,70.0,2.3,1.3,1.3,3.1,other,21.752747252747255,0
0.1,0.037,0.2,23.4,15.5,rye bread,0.9,83.0,1.2,1.9,1.1,2.7,other,19.47121820615796,0
0.033,0.059,0.2,24.9,13.5,wheat germ bread,1.0,73.0,1.0,0.6,0.8,2.7,other,30.48987238028334,0
0.0,0.023,0.049,23.1,8.2,protein bread toasted,0.8,46.0,0.2,0.6,0.4,2.2,other,26.024712002972876,0
0.0,0.064,0.1,17.8,13.1,oatmeal bread,0.7,73.0,2.2,1.1,1.2,2.3,other,29.120711860437886,0
0.0,0.0,0.3,87.2,36.4,arepa,1.0,215.0,0.9,2.5,5.3,5.4,other,5.703836215464122,6
0.1,0.077,0.1,20.9,16.5,raisin bread toasted,0.9,86.0,1.8,1.4,1.4,2.5,other,30.196283045120246,0
0.0,0.011,0.2,12.2,14.0,cracked wheat bread,0.8,74.0,0.0,1.6,1.1,2.5,other,10.99041349041349,0
0.095,0.034,0.2,11.6,17.9,garlic bread,1.3,151.0,1.6,1.1,7.1,3.6,other,11.072904284824816,6
0.047,0.039,0.2,23.2,15.4,rye bread toasted,0.9,82.0,1.2,1.9,1.0,2.7,other,20.22785074004586,0
0.0,0.084,0.2,15.2,23.6,whole wheat bread,1.4,128.0,1.8,2.8,2.5,3.9,other,23.396100427350426,6
0.0,0.012,0.2,15.1,23.7,whole wheat bread toasted,1.4,128.0,1.8,2.8,2.5,3.9,other,9.327590811965813,6
0.8,0.038,0.1,54.2,35.5,pan dulce bread,1.8,231.0,7.9,1.4,7.3,5.9,other,10.63122063122063,6
0.0,0.064,0.026,18.8,11.8,rice bran bread toasted,1.0,66.0,1.3,1.3,1.3,2.4,other,34.85107485107485,0
0.0,0.068,0.1,4.2,15.4,pita bread whole wheat,0.9,74.0,0.2,2.1,0.7,2.7,other,30.166320166320165,0
0.03,0.084,0.2,25.0,13.6,wheat germ bread toasted,1.0,73.0,1.0,0.6,0.8,2.7,other,39.057487413651806,0
0.0,0.06,0.2,17.7,12.4,pumpernickel bread,0.7,65.0,0.1,1.7,0.8,2.3,other,31.154503616042078,0
0.0,0.2,0.5,86.6,73.4,frybread,6.1,502.0,3.1,0.0,18.6,10.2,other,18.037933735144893,1
0.0,0.005,0.2,33.7,15.4,white bread toasted,0.9,83.0,1.3,0.7,1.1,2.5,other,10.653382761816497,0
0.0,0.0,0.028,51.5,20.2,piki bread,1.7,109.0,0.4,2.6,2.0,2.5,other,12.29906688622285,6
0.008,0.048,0.1,39.6,13.4,wheat bread toasted,1.0,75.0,1.5,1.1,1.0,3.1,other,27.480797720797717,0
0.0,0.012,0.3,51.6,33.4,pita bread,1.6,165.0,0.8,1.3,0.7,5.5,other,9.61098161098161,6
0.084,0.059,0.1,0.072,15.1,potato bread,0.072,85.0,3.0,2.0,1.0,4.0,other,17.93984917043741,0
0.0,0.066,0.2,37.2,19.1,egg bread,1.2,115.0,0.7,0.9,2.4,3.8,other,22.633221850613154,6
0.004,0.079,0.1,18.0,13.2,oatmeal bread toasted,0.7,73.0,2.2,1.1,1.2,2.3,other,34.284861257463994,0
0.0,0.007,0.4,43.2,21.5,cheese bread,1.2,196.0,1.0,1.0,10.0,5.0,other,5.989665096807954,6
0.0,0.085,0.2,21.5,15.1,pumpernickel bread toasted,0.9,80.0,0.2,2.1,1.0,2.8,other,34.87980769230769,0
0.052,0.037,0.1,21.1,16.7,raisin bread,0.9,88.0,1.8,1.4,1.4,2.5,other,18.103243978243977,0
0.0,0.027,0.1,18.8,14.8,pumpernickel roll,0.8,77.0,0.1,1.5,0.8,3.0,other,16.416361416361415,0
0.2,0.03,0.047,4.9,14.4,cinnamon raisin bagel,1.0,71.0,1.6,0.6,0.4,2.5,other,19.231973034789934,0
0.0,0.054,0.2,101.5,25.5,english muffin,1.6,127.0,0.9,2.6,1.1,5.0,other,23.77683558785921,6
0.0,0.008,0.3,12.9,22.8,rye dinner roll,1.2,123.0,0.5,2.1,1.5,4.4,other,7.852824682092974,6
0.0,0.091,0.2,174.9,26.7,english muffin whole wheat,1.6,134.0,5.3,4.4,1.4,5.8,other,33.65129480801123,6
0.0,0.032,0.1,29.7,14.3,dinner roll whole wheat,0.7,74.0,2.4,2.1,1.3,2.4,other,19.153384153384152,0
0.0,0.059,0.1,49.3,12.9,dinner roll,1.0,76.0,0.5,1.1,1.8,2.4,other,31.707714799820057,0
0.048,0.2,0.2,0.008,21.1,hotdog roll,0.095,117.0,3.1,0.8,1.6,4.1,other,43.2322448681423,6
0.1,0.4,0.4,0.019,47.9,bagel,0.2,245.0,6.0,4.0,1.5,10.0,other,41.315789290075,1
0.1,0.053,0.4,8.3,36.8,oat bran bagel,2.1,176.0,1.1,2.5,0.8,7.4,other,14.583090520590519,6
0.0,0.0,0.0,0.0,0.0,pain au chocolat de la boulangerie,0.0,235.0,0.0,0.0,12.0,0.0,other,0.0,0
0.2,0.016,0.1,3.4,13.8,egg bagel,1.0,72.0,0.0,0.6,0.5,2.8,other,13.94349477682811,0
0.9,0.041,0.2,102.4,27.4,english muffin toasted,2.4,140.0,1.8,1.5,1.1,5.4,other,23.185897435897438,6
0.0,0.089,0.2,175.7,26.9,english muffin whole wheat toasted,1.6,135.0,5.4,4.5,1.4,5.9,other,33.07723963279519,6
0.2,0.006,0.6,237.4,45.0,biscuit,2.9,357.0,2.2,1.5,16.5,7.1,other,10.110608345902463,1
0.0,0.07,0.2,34.6,19.1,french roll,1.0,105.0,0.1,1.2,1.6,3.3,other,24.492470492470495,6
0.0,0.076,0.1,28.1,13.3,oat bran dinner roll,1.4,78.0,2.2,1.4,1.5,3.1,other,37.10168748630287,0
0.0,0.016,0.002,4.2,8.2,pecan shortbread cookies,0.3,76.0,0.0,0.3,4.6,0.7,other,7.881241565452092,0
0.1,0.051,0.1,9.3,17.2,oatmeal cookies,0.6,113.0,6.2,0.7,4.5,1.6,other,14.964450495423945,0
0.0,0.038,0.8,34.7,81.1,chocolate wafers,4.5,485.0,33.2,3.8,15.9,7.4,other,7.663758921490879,1
0.0,0.045,0.3,38.4,58.9,vanilla wafers low fat,1.9,353.0,30.0,1.5,12.2,4.0,other,7.0139948185273955,1
0.0,0.046,0.058,9.6,18.7,chocolate chip cookies mcdonalds,1.1,136.0,9.6,0.6,6.4,1.6,other,13.492332830568124,6
0.0,0.0,0.012,5.4,5.4,gingersnap cookies,0.4,29.0,1.4,0.2,0.7,0.4,other,9.095195991747715,0
0.0,0.0,0.0,0.0,0.8,biscotti abbracci mulino bianco,0.0,54.0,0.051,0.0,2.6,0.4,other,0.0,0
0.052,0.093,0.047,0.036,9.3,chocolate chip cookie,0.049,63.0,5.3,0.3,2.8,0.5,other,37.43296703296703,0
0.0,0.046,0.2,17.4,38.3,brownie,1.4,243.0,22.0,1.3,9.8,2.9,other,8.484049101333053,6
0.0,0.05,0.097,2.8,5.2,shortbread cookies,0.2,40.0,1.2,0.1,1.9,0.5,other,34.56623931623931,0
0.078,0.069,0.022,15.0,10.3,oatmeal cookies with raisins,0.4,65.0,0.0,0.0,2.4,1.0,other,31.865746219592374,0
0.093,0.038,0.098,7.4,9.2,peanut butter sandwich cookies,0.4,67.0,5.0,0.3,3.0,1.2,other,18.499681081770632,0
0.091,0.028,0.007,3.2,10.2,sugar cookies,0.3,72.0,5.7,0.1,3.2,0.8,other,12.519349477682809,0
0.0,0.019,0.067,8.1,9.3,chocolate covered graham crackers,0.5,68.0,5.8,0.4,3.2,0.8,other,11.986551030668679,0
0.1,0.074,0.077,6.9,10.2,raisin cookies,0.3,60.0,7.1,0.2,2.0,0.6,other,34.68091168091168,0
0.0,0.067,0.045,1.5,4.3,vanilla wafers,0.1,28.0,0.0,0.1,1.2,0.3,other,62.21764346764348,0
0.0,0.013,0.4,20.2,64.5,graham crackers,3.1,355.0,26.1,2.4,8.5,5.8,other,6.204526303117851,1
0.032,0.092,0.1,7.8,11.8,peanut butter cookies,0.4,95.0,0.0,0.0,4.8,1.8,other,27.218713450292398,0
0.0,0.036,0.044,4.1,10.8,vanilla sandwich cookie,0.3,72.0,5.9,0.2,3.0,0.7,other,15.252849002849,0
0.0,0.069,0.06,2.7,7.1,sugar wafers with creme filling,0.4,51.0,4.3,0.2,2.3,0.4,other,38.588067705714764,0
0.0,0.039,0.3,20.0,18.6,cheese puffs,0.7,197.0,1.1,0.6,12.8,2.1,other,7.704238795609353,6
0.062,0.075,0.067,0.059,2.2,saltine crackers,0.025,13.0,0.063,0.022,0.3,0.3,other,145.86397107166334,0
0.4,0.002,0.014,23.4,13.5,trail mix,0.9,139.0,0.0,0.0,8.8,4.1,other,5.5715427657873695,0
0.0,0.079,0.3,0.8,17.8,corn cones,0.7,144.0,0.0,0.3,7.6,1.6,other,16.458630104463435,6
0.076,0.094,0.037,8.1,7.8,chocolate pretzels,0.2,50.0,0.0,0.0,1.8,0.8,other,50.63726495726495,0
0.0,0.041,0.001,11.4,8.9,french toast sticks,0.4,73.0,2.1,0.3,3.8,1.3,other,18.286500409788083,0
0.087,0.081,0.1,0.036,9.8,crackers,0.011,82.0,1.3,0.4,4.2,1.1,other,24.89091098603294,0
0.0,0.006,0.09,17.0,4.7,sesame sticks,0.055,54.0,0.084,0.3,3.7,1.1,other,5.765273820829376,0
0.009,0.039,0.065,0.026,4.2,cheese crackers,0.032,34.0,0.3,0.2,1.6,0.8,other,29.23464052287581,0
0.037,0.038,0.1,15.3,14.6,oriental rice cracker mix,0.7,143.0,0.8,3.7,7.2,4.9,other,10.214631522323828,6
0.0,0.022,0.2,5.5,17.1,breadsticks,1.1,103.0,0.3,0.8,2.4,3.0,other,11.683677703095178,0
0.017,0.056,0.095,18.9,7.7,milk crackers,0.4,50.0,1.8,0.2,1.7,0.8,other,35.38991452991453,0
0.0,0.088,0.002,6.4,22.1,matzo crackers whole wheat,1.3,98.0,0.0,3.3,0.4,3.7,other,30.320948892377466,6
0.07,0.041,0.057,11.2,22.0,matzo crackers with egg,0.8,109.0,0.0,0.8,0.6,3.4,other,14.342899709872187,6
0.086,0.013,0.067,0.015,3.3,granola bites,0.074,23.0,1.5,0.3,0.9,0.4,other,16.33835005574136,0
0.0,0.068,0.2,10.1,19.5,crackers whole wheat,0.9,120.0,0.3,2.9,4.0,3.0,other,18.98076923076923,6
10.6,0.099,0.1,79.8,91.8,tropical trail mix,3.7,619.0,0.0,0.0,23.9,8.8,other,10.213537135992711,1
0.0,0.079,0.9,26.5,79.8,soft pretzels,4.5,389.0,0.3,2.0,3.6,9.4,other,12.027882143563376,1
0.0,0.0,0.084,9.3,7.9,corn tostada shell,0.2,58.0,0.0,0.7,2.9,0.8,other,3.1491305629236668,0
0.0,0.077,0.0,3.6,23.4,matzo crackers,0.9,111.0,0.098,0.8,0.4,2.8,other,22.09632709632709,6
0.0,0.051,0.027,11.5,0.9,sesame crunch,0.019,9.0,0.6,0.1,0.6,0.2,other,152.66856600189934,0
1.9,0.01,0.2,159.1,65.6,trail mix with chocolate chips,4.9,707.0,0.0,0.0,46.6,20.7,other,6.233634352446234,2
0.0,0.2,0.078,26.5,93.0,cracker meal,5.3,440.0,0.4,3.0,2.0,10.7,other,18.51884226884227,1
0.0,0.093,0.053,2.3,34.1,puffed rice,12.0,153.0,0.0,0.6,0.2,2.4,other,58.88469917881681,6
0.0,0.0,0.0,0.0,0.5,filinchen gutena,0.0,19.0,0.028,0.0,0.2,0.4,other,0.0,0
0.0,0.055,0.2,27.9,23.0,melba toast crackers,1.1,117.0,0.3,1.9,1.0,3.6,other,18.809628168602526,6
0.026,0.069,0.052,10.1,21.6,matzo crackers with egg onion,1.2,109.0,0.0,1.4,1.1,2.8,other,22.681173057319846,6
0.0,0.0,0.2,2.5,20.3,cornnuts,0.5,126.0,0.2,2.0,4.4,2.4,other,2.357210690544024,6
0.084,0.1,0.4,0.01,24.1,pretzels,0.08,115.0,0.7,1.0,0.9,3.0,other,22.207432181345222,6
42.0,0.002,0.072,25.6,37.2,potato raw,1.7,164.0,1.7,4.7,0.2,4.3,raw,35.71972065874505,6
0.0,0.0,0.0,0.0,4.0,gatto di patate home made,0.0,202.0,3.6,0.0,9.4,0.0,other,0.0,0
0.5,0.1,0.097,0.057,36.6,baked potato,0.2,161.0,2.0,3.8,0.2,4.3,other,16.565870361522535,6
17.0,0.043,0.2,6.5,19.2,potato sticks,0.8,188.0,0.006,1.2,12.4,2.4,other,18.395390070921984,6
7.8,0.082,0.035,3.0,12.1,potato cooked,0.2,52.0,0.5,1.2,0.006,1.1,cooked,58.670282708744246,0
0.0,0.0,0.0,0.0,0.0,vivaldi potatoes sainsburys,0.0,23.0,0.0,0.0,0.1,0.0,other,0.0,0
0.0,0.0,0.9,0.0,13.4,potato ham chowder soup,1.7,192.0,0.0,1.4,12.5,6.5,other,4.918981481481482,0
21.0,0.056,0.068,48.0,66.7,russet potato raw,3.2,292.0,2.3,4.8,0.3,7.9,raw,20.138157124458495,1
24.8,0.061,0.084,53.8,64.1,russet potato baked,3.2,290.0,3.2,6.9,0.4,7.9,other,22.317860300618925,1
1.5,0.019,0.056,0.8,2.2,french fries,0.076,13.0,0.088,0.2,0.4,0.2,other,53.080210387902696,0
26.0,0.018,0.8,139.7,26.4,potato scalloped,1.4,216.0,0.0,4.7,9.0,7.0,other,24.033713200379868,6
0.8,0.063,0.058,0.9,1.9,cottage fries,0.025,11.0,0.019,0.2,0.4,0.2,other,153.15462315462318,0
0.0,0.013,0.7,43.6,35.5,mashed potatoes,0.8,215.0,1.2,3.1,6.8,4.0,other,5.138739813158418,6
12.6,0.023,0.7,50.4,35.3,mashed potato with milk and butter,0.5,237.0,3.0,3.2,8.9,3.9,other,11.141223989325255,6
18.3,0.026,0.02,21.3,33.9,red potato raw,1.6,149.0,2.7,3.6,0.3,4.0,raw,25.07428440314346,6
6.1,0.096,0.2,7.0,6.1,potato pancake,0.4,59.0,0.4,0.7,3.2,1.3,other,56.84485006518906,0
8.1,0.019,0.6,17.9,35.5,potato puffs,0.8,243.0,0.3,3.2,11.0,2.6,other,8.054060708381696,6
0.2,0.097,0.037,0.075,16.7,red potato baked,0.1,74.0,1.2,1.5,0.1,2.0,other,33.829117579117586,0
22.8,0.011,0.7,117.0,29.7,potatoes canned,2.2,132.0,0.0,4.2,0.3,3.6,other,37.352693602693606,6
4.3,0.031,0.053,11.4,4.7,potato skin raw,1.2,22.0,0.0,1.0,0.099,1.0,raw,91.23348873348874,0
0.3,0.004,0.055,0.3,0.7,shoestring french fries,0.052,4.0,0.062,0.099,0.1,0.099,other,41.13247863247863,0
0.068,0.023,0.3,0.069,15.3,hash brown potato,0.004,144.0,0.3,1.4,9.0,1.4,other,4.064642687559354,0
0.0,0.0,0.0,0.0,0.0,baked chips lays,0.0,130.0,0.0,0.0,2.0,0.0,other,0.0,0
0.073,0.062,0.2,0.068,17.2,corn chips,0.021,162.0,0.031,1.2,10.0,1.9,other,9.693215152474412,6
1.6,0.036,0.2,36.2,18.5,nacho cheese tortilla chips low fat,1.4,90.0,0.8,1.8,1.0,2.4,other,23.711301044634375,6
1.8,0.028,0.024,109.1,50.5,corn chips unsalted,1.5,490.0,1.2,3.9,29.4,5.8,other,5.2501308215593925,1
0.0,0.0,0.0,0.0,2.1,sweet chilli kettle baked chips,0.0,99.0,0.4,0.0,2.2,2.0,other,0.0,0
0.1,0.067,0.022,1.4,1.6,taro chips,0.008,11.0,0.04,0.2,0.6,0.049,other,154.66588966588967,0
0.5,0.01,0.3,8.7,19.5,onion snacks,1.1,150.0,1.4,1.2,6.8,2.3,other,6.557264957264958,6
92.0,0.0,0.8,122.4,98.1,potato chips cheese,3.1,843.0,0.0,8.8,46.2,14.5,other,15.022254666382779,2
0.0,0.0,0.041,0.9,1.2,yuca cassava chips,0.099,9.0,0.006,0.002,0.4,0.054,other,6.880341880341881,0
0.095,0.052,0.1,45.0,22.6,tortilla chips low fat,0.5,117.0,0.2,1.5,1.6,3.1,other,16.53407845715538,6
9.3,0.045,0.021,7.2,15.9,potato chips,0.5,161.0,0.007,1.4,10.4,2.1,other,15.475128735998304,6
0.092,0.006,0.077,0.014,20.3,tortilla chips,0.2,142.0,0.2,1.6,6.2,2.1,other,1.9115565185987722,6
0.0,0.088,0.05,16.5,15.9,sweet potato chips,0.6,149.0,2.5,2.5,9.1,0.8,other,17.854069867492683,6
0.038,0.023,0.2,0.002,18.2,nacho cheese tortilla chips,0.071,156.0,0.8,1.5,8.2,2.2,other,3.9659105851413536,6
1.4,0.002,0.3,14.7,17.1,vegetable chips,0.4,134.0,1.1,1.3,6.6,1.5,other,4.0362291108559765,6
0.039,0.2,0.3,0.051,20.5,pita chips,0.065,137.0,1.4,1.1,4.6,3.5,other,36.794428847713526,6
16.7,0.094,49.4,354.2,53.6,adobo fresco,9.2,780.0,5.8,3.7,60.2,5.8,other,15.437541091387244,3
4.5,0.093,0.003,1.4,0.6,chili pepper sauce red,0.051,3.0,0.4,0.1,0.089,0.1,other,954.7008547008547,0
0.0,0.0,0.2,8.2,1.0,creamy ranch sauce mcdonalds,0.039,132.0,1.0,0.0,14.7,0.3,other,0.6419968919968919,0
0.7,0.038,0.2,2.7,4.5,catsup,0.073,19.0,3.7,0.053,0.066,0.2,other,57.321187584345466,0
10.2,0.07,0.03,0.8,0.8,chili pepper sauce green,0.023,3.0,0.4,0.3,0.032,0.1,other,967.4216524216524,0
0.053,0.0,0.092,0.9,0.011,red wine vinegar,0.049,3.0,0.0,0.0,0.0,0.055,other,13.344729344729345,0
0.012,0.043,1.4,7.7,0.7,fish sauce,0.1,6.0,0.7,0.0,0.013,0.9,other,198.51994301994299,0
0.0,0.0,0.3,6.1,6.8,coleslaw dressing reduced fat,0.08,56.0,6.6,0.045,3.4,0.0,other,1.6315628815628813,0
0.1,0.046,0.094,13.6,0.6,sour dressing,0.091,21.0,0.6,0.0,2.0,0.4,other,62.68009768009768,0
348.4,0.062,0.017,16.7,22.6,guava sauce cooked,0.4,86.0,14.0,8.6,0.3,0.8,cooked,138.38004372888093,6
0.3,0.2,0.9,0.0,21.8,pizza sauce,0.3,136.0,9.5,5.0,2.9,5.5,other,38.23529411764706,6
0.3,0.0,0.2,1.7,11.0,sweetn sour sauce mcdonalds,0.2,48.0,10.0,0.0,0.3,0.2,other,3.2816951566951573,0
0.4,0.0,0.035,1.6,0.8,nance syrup,0.013,4.0,0.6,0.3,0.002,0.028,other,15.993589743589743,0
0.0,0.066,0.072,1.8,4.7,french dressing reduced fat,0.1,37.0,4.6,0.2,2.2,0.072,other,46.470316470316476,0
0.09,0.012,0.1,2.9,0.5,peppercorn dressing,0.055,76.0,0.3,0.0,8.2,0.2,other,4.7745164192532625,0
0.0,0.0,0.096,31.5,15.7,sorghum syrup,0.8,61.0,15.7,0.0,0.0,0.0,other,11.258231750035028,0
0.0,0.04,0.1,7.0,3.7,ranch dressing fat free,0.1,17.0,0.7,0.088,0.3,0.039,other,65.25892408245349,0
0.0,0.065,0.2,3.6,2.8,caesar dressing low calorie,0.016,17.0,2.4,0.053,0.7,0.028,other,97.74007038712921,0
1.3,0.057,0.065,0.6,0.6,sweet sour dressing,0.078,2.0,0.6,0.0,0.0,0.082,other,808.6965811965811,0
0.0,0.0,0.1,1.0,2.5,mayonnaise imitation fat free,0.008,13.0,1.6,0.3,0.4,0.043,other,0.9335963182117029,0
42.0,0.036,2.4,41.2,11.2,sofrito,1.9,488.0,0.0,3.5,37.5,26.4,other,14.21956003923217,4
0.092,0.042,0.3,7.7,3.9,turkey gravy instant,0.6,27.0,0.5,0.3,1.0,0.8,other,53.80690091801203,0
0.0,0.036,0.7,4.5,2.8,teriyaki sauce,0.3,16.0,2.5,0.016,0.015,1.1,other,68.83012820512819,0
0.2,0.032,0.083,0.083,13.0,tomato sauce,0.3,59.0,8.7,3.7,0.7,2.9,other,16.771650007243224,0
0.031,0.0,0.2,7.5,6.5,barbecue sauce kraft,0.1,28.0,5.2,0.032,0.053,0.1,other,4.167582417582418,0
0.0,0.055,0.1,2.2,3.8,coleslaw dressing,0.01,62.0,3.2,0.024,5.3,0.1,other,22.539977943203745,0
1.7,0.061,1.0,67.2,16.2,onion gravy dry,0.2,77.0,0.0,1.4,0.7,2.2,other,30.414585414585417,0
0.0,0.0,0.065,2.9,16.9,corn syrup light,0.0,62.0,16.9,0.0,0.09,0.0,other,0.35980148883374685,0
1.3,0.0,0.1,0.6,0.3,bacon tomato dressing,0.057,49.0,0.3,0.04,5.3,0.3,other,3.6882958311529745,0
0.0,0.0,0.064,1.0,13.9,pancake syrup,0.038,53.0,8.4,0.0,0.075,0.0,other,0.5434607321399774,0
0.0,0.0,0.071,4.3,2.7,balsamic vinegar,0.1,14.0,2.4,0.0,0.0,0.041,other,6.330891330891331,0
0.051,0.081,0.2,6.0,3.2,ranch dressing reduced fat,0.1,29.0,0.6,0.2,1.9,0.2,other,73.53020925434718,0
0.0,0.076,0.3,3.1,10.3,barbecue sauce mcdonalds,0.1,46.0,9.6,0.4,0.3,0.4,other,43.03047194351542,0
0.0,0.0,0.076,0.0,0.4,vinegar oil dressing,0.0,72.0,0.4,0.0,8.0,0.0,other,0.0,0
0.04,0.014,0.1,9.7,4.0,poppyseed dressing,0.048,66.0,3.9,0.03,5.5,0.2,other,6.904946904946903,0
0.006,0.056,0.019,1.8,3.5,honey mustard dressing,0.07,70.0,2.4,0.057,6.1,0.1,other,20.76288156288156,0
0.0,0.027,0.1,0.8,5.1,french dressing fat free,0.081,21.0,2.6,0.4,0.024,0.01,other,34.57875457875457,0
0.0,0.0,0.024,0.9,0.089,vinegar,0.002,3.0,0.063,0.0,0.0,0.0,other,2.678062678062678,0
0.055,0.0,0.012,0.5,1.3,spray dressing,0.096,13.0,1.1,0.075,0.9,0.07,other,4.868507560815253,0
0.3,0.049,0.2,3.6,5.8,honey mustard dressing fat free,0.053,25.0,2.7,0.2,0.2,0.2,other,52.61880341880343,0
0.0,0.056,1.4,16.7,13.0,mushroom gravy,1.6,119.0,0.0,1.0,6.4,3.0,other,20.313869137398548,0
2.0,0.018,0.9,295.0,22.9,white sauce,0.8,368.0,11.0,0.5,26.6,9.6,other,9.200808249721293,6
5.3,0.062,1.1,71.3,19.9,marinara pasta sauce,2.1,129.0,14.5,4.8,3.9,3.7,other,29.876101504008478,6
30.4,0.016,1.1,31.9,20.7,tomato sauce with mushrooms,2.2,86.0,14.1,3.7,0.3,3.6,other,60.99284436493738,6
0.095,0.04,0.4,9.3,4.3,pork gravy powder,0.3,25.0,1.7,0.2,0.6,0.6,other,49.950427350427354,0
0.0,0.067,1.5,14.0,11.2,beef gravy,1.6,123.0,0.5,0.9,5.5,8.7,other,21.720172329928428,0
0.037,0.048,0.1,5.1,1.1,green goddess dressing,0.067,64.0,1.0,0.094,6.5,0.3,other,20.008814102564102,0
1.0,0.095,2.0,245.0,27.9,salsa con queso,0.4,358.0,4.9,1.8,23.8,7.9,other,12.829465692594184,6
1.7,0.066,0.2,3.9,4.2,cocktail sauce,0.1,19.0,1.8,0.3,0.2,0.2,other,101.28654970760236,0
2.2,0.009,0.2,18.2,3.3,worcestershire sauce,0.9,13.0,1.7,0.0,0.0,0.0,other,85.34188034188035,0
0.1,0.037,0.2,5.6,6.9,barbecue sauce,0.1,29.0,5.7,0.2,0.1,0.1,other,35.680813439434125,0
31.1,0.003,1.3,41.7,24.4,tomato sauce with onions,2.3,103.0,0.0,4.4,0.5,3.8,other,49.79711227284043,6
0.048,0.029,0.3,7.9,3.6,brown gravy dry,0.1,22.0,0.0,0.1,0.6,0.6,other,38.48445998445998,0
0.0,0.055,0.2,10.9,2.1,blue cheese dressing light,0.042,14.0,0.6,0.0,0.4,0.3,other,105.86996336996334,0
21.0,0.053,1.2,41.5,17.7,spanish tomato sauce,8.5,81.0,0.0,3.4,0.7,3.5,other,107.40476944180648,6
0.036,0.005,0.5,5.8,2.0,oyster sauce,0.069,9.0,0.0,0.024,0.066,0.2,other,23.549857549857553,0
0.067,0.08,0.002,46.7,0.8,cheese sauce,0.047,30.0,0.033,0.071,2.2,1.5,other,79.75954415954418,0
0.097,0.069,0.3,5.1,7.1,hoisin sauce,0.2,35.0,4.4,0.4,0.5,0.5,other,53.88913308913309,0
0.2,0.042,0.1,0.5,5.3,pickle relish,0.1,20.0,4.4,0.2,0.061,0.097,other,56.58119658119658,0
24.4,0.035,1.3,90.3,25.0,tomato sauce with herbs cheese,2.1,144.0,0.0,5.4,4.7,5.2,other,37.82911918328585,6
0.6,0.0,0.1,3.8,2.5,french dressing,0.1,73.0,2.6,0.0,7.2,0.1,other,2.0746985130546776,0
0.0,0.0,0.0,0.0,0.087,mayonnaise hellmanns,0.0,15.0,0.2,0.0,1.7,0.0,other,0.0,0
0.0,0.0,0.086,30.8,19.1,canadian maple syrup,0.088,76.0,17.0,0.0,0.0,0.0,other,3.7606837606837606,0
0.0,0.0,0.059,20.4,13.4,maple syrup,0.014,52.0,13.6,0.0,0.047,0.09,other,3.1673241288625906,0
0.094,0.0,0.2,6.9,6.4,barbecue sauce bulls eye,0.1,27.0,5.6,0.2,0.1,0.1,other,4.410256410256411,0
0.093,0.061,0.1,0.024,0.9,ranch dressing,0.085,65.0,0.7,0.0,6.7,0.2,other,24.349848783694934,0
0.0,0.0,0.0,0.0,0.2,tomato ketchup mp,0.0,15.0,0.0,0.0,0.0,0.0,other,0.0,0
0.09,0.082,0.1,0.05,1.4,mayonnaise light,0.039,36.0,0.5,0.0,3.3,0.032,other,57.83475783475783,0
0.0,0.0,0.081,1.1,0.066,mayonnaise dressing,0.0,103.0,0.093,0.0,11.7,0.0,other,0.08215085884988799,0
0.0,0.091,0.05,12.8,15.0,malt syrup,0.2,67.0,15.0,0.0,0.0,1.3,other,37.083173874218645,0
1.8,0.077,1.4,37.5,14.5,gravy dry,0.3,86.0,0.0,0.0,2.0,3.3,other,30.001490757304705,0
0.057,0.098,0.2,7.1,0.5,caesar dressing,0.2,80.0,0.4,0.036,8.5,0.3,other,32.77574786324786,0
0.011,0.042,0.1,0.059,1.8,italian dressing,0.063,35.0,1.6,0.0,3.1,0.032,other,31.047887667887665,0
0.1,0.033,0.3,7.8,4.0,brown gravy instant,0.5,25.0,0.6,0.2,0.8,0.6,other,46.95555555555555,0
0.069,0.025,0.1,13.4,0.4,roquefort cheese dressing,0.069,15.0,0.4,0.0,1.1,0.8,other,51.60512820512822,0
0.1,0.072,0.2,5.6,0.7,blue cheese dressing,0.058,71.0,0.5,0.045,7.7,0.2,other,26.56915854098952,0
0.3,0.085,0.1,3.6,19.7,duck sauce,0.1,80.0,9.9,0.2,0.063,0.1,other,28.019764957264957,6
2.4,0.045,1.1,9.4,5.9,au jus,1.4,38.0,0.0,0.0,0.5,2.8,other,58.993477282950955,0
0.0,0.0,0.047,3.6,15.5,corn syrup dark,0.044,57.0,15.5,0.0,0.0,0.0,other,0.9146798620482831,0
0.061,0.052,0.2,6.0,3.2,buttermilk dressing light,0.1,30.0,0.6,0.2,1.9,0.2,other,46.94957264957264,0
0.0,0.0,0.011,1.0,0.1,cider vinegar,0.052,3.0,0.018,0.0,0.0,0.0,other,12.193732193732194,0
0.3,0.008,0.1,3.9,2.0,tartar sauce,0.047,32.0,0.6,0.078,2.5,0.2,other,9.04513888888889,0
3.5,0.045,0.1,0.4,0.031,pepper hot sauce,0.035,1.0,0.065,0.071,0.018,0.024,other,1536.4102564102564,0
1.0,0.033,0.083,1.2,1.2,tomato chili sauce,0.087,6.0,0.6,0.4,0.095,0.2,other,165.6125356125356,0
0.015,0.087,0.3,10.2,4.6,turkey gravy dry,0.2,26.0,0.0,0.0,0.5,0.7,other,91.00920447074292,0
0.3,0.055,0.1,5.4,1.2,salsa sauce,0.007,5.0,0.7,0.3,0.039,0.3,other,290.7521367521368,0
1.2,0.044,0.3,3.2,3.7,steak sauce,0.2,16.0,1.7,0.3,0.004,0.2,other,85.5662393162393,0
0.0,0.0,0.007,41.0,14.9,molasses,0.9,58.0,14.9,0.0,0.068,0.0,other,14.058355437665782,0
0.026,0.031,0.2,4.2,1.2,italian dressing fat free,0.036,7.0,1.2,0.077,0.1,0.1,other,118.59951159951159,0
0.021,0.032,0.1,2.3,8.1,plum sauce,0.3,35.0,0.0,0.1,0.2,0.2,other,28.191208791208787,0
0.0,0.0,0.0,0.0,0.0,chow mein stir fry master foods,0.0,26.0,0.0,0.0,0.2,0.0,other,0.0,0
0.01,0.065,0.3,9.4,4.1,beef gravy instant,0.4,25.0,1.6,0.3,0.6,0.7,other,76.82564102564103,0
0.081,0.056,0.039,0.027,0.6,horseradish,0.052,2.0,0.4,0.2,0.085,0.003,other,719.0482905982905,0
0.0,0.0,0.038,1.2,13.4,grenadine,0.011,54.0,9.3,0.0,0.0,0.0,other,0.2841088952200063,0
0.2,0.059,0.075,0.6,0.006,tabasco sauce,0.019,1.0,0.067,0.013,0.002,0.045,other,1512.3931623931624,0
1.5,0.079,0.024,1.8,6.7,sweet sour sauce,0.021,26.0,3.3,0.065,0.084,0.02,other,83.35305719921104,0
1.8,0.084,0.034,1.4,1.0,salsa verde,0.079,6.0,0.5,0.3,0.1,0.2,other,392.44301994302,0
0.04,0.082,0.7,0.094,5.1,miso,0.046,40.0,1.2,1.1,1.2,2.6,other,52.018076923076926,0
7.8,0.023,0.2,55.5,6.1,sprouted soybean cooked,1.2,76.0,0.4,0.8,4.2,8.0,cooked,33.35863697705803,0
0.0,0.2,0.083,159.8,28.6,soy flour roasted,4.9,375.0,6.5,8.2,18.6,29.6,other,23.87054131054131,1
0.0,0.3,0.085,250.8,30.7,soy flour low fat,7.2,330.0,9.3,14.1,7.8,40.0,other,40.69463869463869,1
0.007,0.2,0.2,0.0,9.9,green soybean cooked,0.1,127.0,0.0,3.8,5.8,11.1,cooked,39.813648293963254,0
0.0,0.0,0.03,711.0,9.1,azumaya tofu vitasoy,5.1,316.0,1.6,2.4,16.6,32.8,other,26.273937033430705,4
0.0,0.01,0.3,50.4,2.1,soy proteins isolate,4.1,96.0,0.0,1.6,1.0,22.8,other,30.369480056980052,4
0.048,0.2,0.03,0.013,41.8,tofu yogurt,0.2,246.0,3.2,0.5,4.7,9.2,other,20.79896115627823,6
0.0,0.047,2.1,33.1,9.1,bacon meatless,3.5,446.0,0.0,3.7,42.5,15.4,other,7.56515656739872,3
0.0,0.017,0.5,54.6,11.1,meatless chicken fried,5.0,304.0,0.0,5.6,16.6,27.7,other,11.917032163742688,4
0.6,0.2,0.1,0.0,8.4,soymilk,0.3,109.0,6.1,1.0,4.8,7.1,other,48.01223241590213,0
0.094,0.01,0.021,0.099,1.2,tofu fried,0.051,35.0,0.4,0.5,2.6,2.4,other,8.272551892551892,0
0.0,0.086,0.068,184.3,15.6,tempeh,4.5,320.0,0.0,0.0,17.9,30.8,other,18.96153846153846,4
0.029,0.021,0.081,0.0,1.7,koyadofu,0.2,81.0,0.0,1.2,5.2,8.9,other,7.893004115226336,0
0.0,0.066,0.3,16.2,4.5,meatless meatloaf,1.2,110.0,0.7,2.6,5.0,11.8,other,22.193473193473192,0
0.0,0.0,0.0,0.0,1.0,soya vanille joghurt alpro,0.0,21.0,0.09,0.0,0.6,0.3,other,0.0,0
0.0,0.006,0.094,423.0,15.5,soybean curd cheese,12.6,340.0,3.6,0.0,18.2,28.1,other,30.59954751131222,4
0.01,0.012,0.9,0.0,0.8,soy sauce,0.031,8.0,0.097,0.1,0.054,1.3,other,39.791666666666664,0
4.3,0.2,0.077,130.2,30.4,soybean dry roasted,3.7,419.0,0.0,7.5,20.1,36.8,other,20.36962242212839,1
0.0,0.0,0.0,0.0,0.0,soybean oil,0.048,120.0,0.0,0.0,13.6,0.0,other,0.2222222222222222,0
0.0,0.1,1.2,58.8,6.1,meatless chicken,5.5,376.0,0.0,6.0,21.4,39.7,other,15.978359701763958,4
0.4,0.3,0.075,0.099,17.1,soybean cooked,0.7,296.0,5.2,10.3,15.4,28.6,cooked,26.80437456687456,6
0.0,0.092,0.1,281.9,10.1,soymilk nonfat,0.9,68.0,8.9,0.5,0.046,6.0,other,73.06561085972851,0
0.009,0.062,0.023,0.061,1.8,soy flour,0.2,23.0,0.4,0.5,1.1,1.8,other,72.28610182088443,0
0.0,0.0,0.0,0.0,0.0,soybean lecithin oil,0.0,104.0,0.0,0.0,13.6,0.0,other,0.0,0
0.2,0.096,0.06,868.0,4.7,tofu raw,13.3,188.0,0.0,0.7,11.9,20.0,raw,87.70230951082016,4
0.0,0.098,0.2,48.4,15.0,soy chips,1.5,109.0,0.5,1.0,2.1,7.5,other,33.53799106092684,0
74.2,0.4,0.017,504.3,28.3,green soybean raw,9.1,376.0,0.0,10.8,17.4,33.2,raw,72.28518821603929,1
0.0,0.087,0.3,102.7,7.2,soy proteins concentrate,3.1,93.0,0.0,1.6,0.1,18.0,other,50.40023894862604,0
0.077,0.013,0.005,1.4,0.043,soybean margarine,0.0,34.0,0.0,0.0,3.8,0.052,other,10.127199597787833,0
0.0,0.03,0.1,281.9,20.7,chocolate soymilk nonfat,0.9,107.0,8.9,0.5,0.046,6.0,other,31.94823867721064,6
0.1,0.035,0.07,0.0,15.3,okara,0.2,93.0,0.0,0.0,2.1,3.9,other,10.722819593787335,0
0.0,0.1,0.8,36.0,11.5,meatless meatballs,3.1,284.0,1.8,6.6,13.0,30.2,other,15.842060912483447,4
0.0,0.032,0.1,60.8,15.3,vanilla soymilk,1.6,131.0,9.7,1.5,4.3,7.9,other,16.462451882299213,0
0.0,0.4,0.017,297.7,49.0,soy meal raw,16.7,414.0,0.0,0.0,2.9,54.8,raw,52.096081588835204,4
0.0,0.0,0.04,199.3,17.5,soymilk low fat,1.1,104.0,8.5,1.9,1.5,4.0,other,20.617192636423407,6
0.1,0.2,0.005,0.0,6.7,sprouted soybean raw,0.3,85.0,0.0,0.8,4.7,9.2,raw,60.915032679738566,0
11.2,0.7,0.023,515.2,56.1,soybean raw,29.2,830.0,13.6,17.3,37.1,67.9,raw,30.37050767171249,2
0.0,0.022,0.084,27.2,2.6,tempeh cooked,0.6,55.0,0.0,0.0,3.2,5.1,cooked,19.864801864801866,0
0.0,0.062,0.2,298.9,9.4,vanilla soymilk light,1.1,83.0,1.0,1.5,2.1,6.4,other,53.73905879929977,0
0.2,0.098,0.1,0.074,24.2,chocolate soymilk,0.5,153.0,19.1,1.0,3.7,5.5,other,17.97757667169432,6
0.0,0.0,0.0,0.0,0.0,soy oil,0.0,120.0,0.0,0.0,13.6,0.0,other,0.0,0
0.1,0.1,0.026,0.085,11.5,natto,0.5,169.0,3.9,4.3,8.8,14.2,other,16.506170029838668,6
0.061,0.07,0.012,0.2,1.5,chrysanthemum raw,0.044,12.0,0.0,1.5,0.3,1.7,raw,148.5633903133903,0
0.2,0.092,0.065,0.03,25.5,gourd cooked,0.2,100.0,9.2,5.2,0.6,1.2,cooked,24.335641025641024,6
0.019,0.085,0.042,0.033,0.6,cauliflower raw,0.01,3.0,0.2,0.3,0.081,0.2,raw,710.9735042735043,0
96.9,0.088,0.079,76.5,12.5,red cabbage raw,1.4,53.0,6.5,3.6,0.3,2.4,raw,255.96677955168522,0
0.064,0.06,0.04,0.074,1.1,broccoli raab raw,0.022,9.0,0.2,1.1,0.2,1.3,raw,168.87806267806266,0
3.5,0.094,0.012,31.6,2.4,napa cabbage cooked,0.8,13.0,0.0,0.0,0.2,1.2,cooked,263.57001972386587,0
0.2,0.006,0.019,8.4,0.5,kelp,0.1,2.0,0.069,0.018,0.067,0.07,other,146.1965811965812,0
0.016,0.04,0.044,0.007,4.2,shallots raw,0.004,18.0,2.0,0.8,0.061,0.6,raw,55.780769230769224,0
0.4,0.3,0.067,0.0,9.4,bamboo shoots raw,0.3,49.0,5.4,4.0,0.5,4.7,raw,157.36961451247163,0
28.7,0.076,0.043,183.6,6.3,jute cooked,2.7,32.0,0.9,1.7,0.2,3.2,cooked,250.03739316239316,0
0.026,0.041,0.057,0.021,0.6,red lettuce,0.093,4.0,0.1,0.3,0.08,0.4,other,269.9292735042735,0
0.6,0.2,0.1,0.4,20.1,broccoli cooked,0.2,98.0,3.9,9.2,1.1,6.7,cooked,52.865864294435724,6
56.4,0.091,0.025,21.1,3.9,romanesco raw,0.5,20.0,1.9,2.0,0.2,1.9,raw,449.08760683760687,0
10.1,0.1,0.028,41.2,26.9,eggplant raw,1.1,115.0,16.2,13.7,0.8,4.5,raw,39.56744704570792,6
0.2,0.056,0.003,0.011,12.6,leeks raw,0.1,54.0,3.5,1.6,0.3,1.3,raw,27.36782209559987,0
0.1,0.011,0.024,3.1,1.2,lemongrass citronella,0.4,5.0,0.0,0.0,0.076,0.038,other,106.43589743589743,0
0.1,0.004,0.006,0.098,12.0,pumpkin cooked,0.2,49.0,5.1,2.7,0.2,1.8,cooked,4.550532007674865,0
2.3,0.021,0.093,15.8,1.5,celery cooked,0.2,7.0,0.9,0.6,0.098,0.3,cooked,144.74358974358975,0
0.099,0.09,0.067,0.021,0.4,serrano pepper,0.063,2.0,0.2,0.2,0.075,0.1,other,1148.080769230769,0
8.0,0.059,0.076,141.0,2.9,nopales raw,0.5,14.0,1.0,1.9,0.063,1.1,raw,266.1630036630037,0
1.0,0.016,0.2,21.1,4.7,sweet potato leaves cooked,0.4,22.0,3.5,1.2,0.2,1.4,cooked,40.71095571095571,0
1.3,0.086,0.2,5.9,8.1,eggplant cooked,0.2,33.0,3.2,2.5,0.2,0.8,cooked,74.27091427091426,0
0.022,0.065,0.0,0.099,0.6,asparagus cooked,0.031,3.0,0.2,0.3,0.074,0.4,cooked,548.4760683760683,0
45.1,0.069,0.049,43.2,16.4,rutabaga cooked,0.4,72.0,9.5,4.3,0.4,2.2,cooked,101.25890313390316,6
0.2,0.2,0.068,0.055,30.6,parsnips raw,0.2,128.0,8.2,8.3,0.5,2.0,raw,40.107471955128204,6
1.6,0.013,1.9,0.0,3.5,sour pickles,0.6,17.0,1.6,1.9,0.3,0.5,other,49.18300653594771,0
39.5,0.2,0.4,197.3,6.3,turnip greens cooked,1.2,29.0,0.8,5.0,0.3,1.6,cooked,399.0775125257884,0
6.0,0.052,0.011,21.0,26.2,jerusalem artichokes,5.1,110.0,14.4,2.4,0.047,3.0,other,45.10489510489511,6
0.003,0.007,0.014,0.2,2.0,collard raw,0.004,12.0,0.2,1.4,0.2,1.1,raw,14.924501424501422,0
0.1,0.086,0.042,0.1,4.3,chrysanthemum cooked,0.1,20.0,2.0,2.3,0.036,1.6,cooked,110.87179487179486,0
0.0,0.3,0.3,729.6,73.5,oriental radish dried,7.8,314.0,43.3,27.7,0.8,9.2,other,55.559366323697525,7
15.4,0.093,0.019,9.2,7.7,tomatillos,0.8,42.0,5.2,2.5,1.3,1.3,other,108.36487586487587,0
18.1,0.04,0.056,10.3,2.0,taro shoots raw,0.5,9.0,0.0,0.0,0.069,0.8,raw,374.2355175688509,0
47.4,0.06,0.017,142.2,44.9,acorn squash raw,3.0,172.0,0.0,6.5,0.4,3.4,raw,55.39057841383423,1
3.8,0.089,0.077,11.5,2.4,leeks dried,0.2,10.0,0.0,0.3,0.026,0.5,other,284.6794871794871,0
0.3,0.2,0.006,0.2,16.2,cabbage raw,0.083,70.0,9.0,7.0,0.3,3.6,raw,72.58547008547009,6
124.8,0.055,0.2,6.6,4.5,sweet red peppers cooked,0.3,19.0,3.2,0.9,0.1,0.7,cooked,610.1282051282052,0
190.3,0.089,0.092,10.4,9.0,sweet red peppers raw,0.6,46.0,6.3,3.1,0.4,1.5,raw,274.7463768115942,0
0.082,0.049,0.098,0.052,2.9,cucumber peeled,0.018,16.0,1.8,0.9,0.2,0.8,other,77.78194444444443,0
9.0,0.059,0.066,28.0,1.5,purslane raw,0.9,9.0,0.0,0.0,0.2,0.9,raw,354.48717948717945,0
12.4,0.078,0.5,25.2,15.5,peas onions cooked,1.7,81.0,6.8,4.0,0.4,4.6,cooked,55.1366466181281,6
0.096,0.054,0.029,0.054,4.9,tomato cooked,0.052,22.0,3.1,0.9,0.1,1.2,cooked,63.180497280497285,0
26.5,0.014,0.3,19.6,4.5,taro shoots cooked,0.6,20.0,0.0,0.0,0.1,1.0,cooked,188.92735042735046,0
87.1,0.08,0.059,137.4,5.6,scots kale raw,2.0,28.0,0.0,1.1,0.4,1.9,raw,494.4932844932844,0
0.1,0.097,0.1,0.045,13.5,artichoke raw,0.3,60.0,1.3,6.9,0.2,4.2,raw,43.385398860398865,6
19.6,0.1,0.063,15.6,13.6,navy bean sprouts raw,2.0,70.0,0.0,0.0,0.7,6.4,raw,84.41269841269842,0
1.1,0.077,0.7,97.6,33.8,sweet pickles,0.4,146.0,29.2,1.6,0.7,0.9,other,20.6863950357101,6
22.2,0.059,0.4,25.0,5.0,oriental radish cooked,0.2,25.0,2.7,2.4,0.4,1.0,cooked,169.8034188034188,0
3.9,0.0,0.073,27.3,3.1,sweet potato leaves raw,0.3,15.0,0.0,1.9,0.2,0.9,raw,53.99999999999999,0
0.2,0.02,0.084,3.6,0.6,irishmoss,0.4,2.0,0.098,0.082,0.049,0.037,other,386.0683760683761,0
13.0,0.091,0.1,63.4,4.7,drumstick leaves cooked,1.0,25.0,0.4,0.8,0.4,2.2,cooked,190.5076923076923,0
14.3,0.08,0.027,32.5,10.0,winter squash raw,0.7,39.0,2.6,1.7,0.2,1.1,raw,108.40455840455839,0
10.4,0.036,0.062,24.4,7.5,pumpkin raw,0.9,30.0,3.2,0.6,0.1,1.2,raw,91.44159544159545,0
0.062,0.033,0.017,0.079,1.4,chicory greens,0.081,7.0,0.2,1.2,0.096,0.5,other,125.35665445665445,0
0.4,0.2,0.1,0.9,6.8,spinach cooked,0.3,41.0,0.8,4.3,0.5,5.3,cooked,127.26912653741923,0
0.0,0.001,1.2,42.0,7.8,radish pickled,0.3,42.0,3.0,3.3,0.5,1.7,other,12.255799755799757,0
0.4,0.1,0.063,0.033,25.0,sweet onion,0.2,106.0,16.6,3.0,0.3,2.6,other,25.05480567650379,6
6.2,0.031,0.028,63.5,20.7,salsify cooked,0.7,92.0,3.9,4.2,0.2,3.7,cooked,25.448253437383872,6
11.0,0.077,0.067,19.4,1.4,radish seeds sprouted,0.3,16.0,0.0,0.0,1.0,1.4,other,216.4449786324786,0
0.2,0.054,0.1,0.057,11.8,turnips raw,0.2,51.0,7.0,3.3,0.2,1.6,raw,29.09356460532931,0
3.5,0.088,0.008,48.4,20.5,burdock root raw,0.9,85.0,3.4,3.9,0.2,1.8,raw,40.719959778783306,6
0.4,0.1,0.047,0.049,11.8,red cabbage cooked,0.032,49.0,5.6,4.4,0.2,2.6,cooked,52.29794174079888,0
0.2,0.043,0.042,0.0,1.6,jute raw,0.049,10.0,0.0,0.0,0.046,1.3,raw,112.44444444444441,0
0.2,0.048,0.041,0.2,0.3,hot chile pepper dried,0.062,2.0,0.2,0.1,0.054,0.054,other,629.1025641025641,0
0.4,0.1,0.093,0.0,24.7,salsify raw,0.1,109.0,0.0,4.4,0.3,4.4,raw,23.853211009174313,6
24.5,0.076,0.047,26.7,4.9,crookneck squash raw,0.6,24.0,4.5,1.3,0.3,1.3,raw,215.03917378917373,0
0.0,0.098,0.0,0.0,7.6,indian squash cooked,0.0,38.0,4.7,3.5,0.4,0.7,cooked,64.47368421052632,0
0.7,0.3,0.091,0.022,65.4,poi,0.4,269.0,0.9,1.0,0.3,0.9,other,28.996911638547324,1
38.5,0.005,0.3,22.9,5.3,sesbania flower cooked,0.6,22.0,0.0,0.0,0.007,1.2,cooked,223.2847707847708,0
22.1,0.031,0.5,90.2,29.9,acorn squash cooked,1.9,115.0,0.0,9.0,0.3,2.3,cooked,43.303976217019695,6
0.2,0.008,0.094,0.068,5.1,cauliflower cooked,0.041,29.0,2.6,2.9,0.6,2.3,cooked,8.466312997347481,0
20.9,0.014,0.4,39.6,6.8,crookneck squash cooked,0.7,34.0,4.5,2.0,0.7,1.9,cooked,98.99195575666164,0
1.0,0.089,0.075,1.8,0.1,laver seaweed,0.087,1.0,0.071,0.09,0.012,0.2,other,2398.290598290598,0
0.0,0.089,0.4,11.6,29.0,mountain yam cooked,0.6,119.0,0.0,0.0,0.1,2.5,cooked,22.248437836673126,6
9.2,0.026,0.066,12.9,1.1,pumpkin flowers raw,0.2,5.0,0.0,0.0,0.084,0.3,raw,376.51282051282044,0
39.2,0.026,0.004,64.4,2.6,mustard greens raw,0.9,15.0,0.7,1.8,0.2,1.6,raw,400.06267806267806,0
0.1,0.06,0.082,1.2,2.4,arrowhead,0.3,12.0,0.0,0.0,0.084,0.6,other,140.58404558404558,0
1.1,0.094,0.4,72.0,8.5,japanese cabbage,0.7,45.0,2.0,4.7,0.2,2.4,other,75.88793922127255,0
14.1,0.092,0.3,14.9,4.5,mung bean sprouts cooked,0.8,24.0,3.5,1.0,0.1,2.5,cooked,184.40527065527067,0
19.4,0.037,0.4,27.0,5.9,scallop squash cooked,0.6,29.0,2.7,3.4,0.3,1.9,cooked,124.8821102269378,0
0.7,0.027,0.2,30.5,2.4,pumpkin leaves cooked,2.3,15.0,0.5,1.9,0.2,1.9,cooked,151.011396011396,0
25.1,0.053,0.028,3.2,1.8,hungarian pepper,0.1,8.0,1.0,0.3,0.1,0.2,other,524.2574786324786,0
22.3,0.043,0.07,43.3,23.6,sweet potato baked,0.8,103.0,7.4,3.8,0.2,2.3,other,42.04173927474898,6
20.5,0.05,0.049,58.5,2.5,chinese cabbage pe tsai raw,0.2,12.0,1.1,0.9,0.2,0.9,raw,340.74074074074076,0
4.7,0.024,0.054,44.7,27.5,taro raw,0.6,116.0,0.4,4.3,0.2,1.6,raw,15.512083701738872,6
26.3,0.061,0.047,15.6,11.5,yam bean jicama,0.8,49.0,2.3,6.4,0.1,0.9,other,102.27891156462586,6
0.03,0.0,0.001,7.4,0.5,olives,0.5,10.0,0.0,0.1,0.9,0.09,other,33.80341880341881,0
35.4,0.007,0.4,165.2,6.3,mustard greens cooked,1.2,36.0,2.0,2.8,0.7,3.6,cooked,167.93803418803418,0
6.7,0.049,0.082,49.6,4.4,pumpkin flowers cooked,1.2,20.0,3.2,1.2,0.1,1.5,cooked,150.88247863247867,0
42.6,0.031,0.3,11.4,15.3,tree fern cooked,0.2,57.0,0.0,5.3,0.096,0.4,cooked,100.12520617783778,6
3.3,0.065,0.08,26.0,1.7,endive,0.4,9.0,0.1,1.6,0.1,0.6,other,268.2098765432099,0
2.4,0.2,0.7,120.0,7.3,wakame,1.7,36.0,0.5,0.4,0.5,2.4,other,198.1718898385565,0
120.0,0.029,0.003,161.3,8.6,tahitian taro raw,1.6,55.0,0.0,0.0,1.2,3.5,raw,233.72105672105673,0
0.2,0.088,0.049,0.092,6.0,broccoli raw,0.016,31.0,1.5,2.4,0.3,2.6,raw,71.99415494899364,0
119.8,0.011,0.023,14.9,6.9,sweet green peppers raw,0.5,30.0,3.6,2.5,0.3,1.3,raw,355.57977207977206,0
44.2,0.012,0.5,158.1,3.0,chinese cabbage pak choi cooked,1.8,20.0,1.4,1.7,0.3,2.7,cooked,371.36324786324786,0
0.066,0.027,0.049,0.075,0.3,agar,0.002,1.0,0.005,0.027,0.058,0.053,other,684.0213675213674,0
0.085,0.028,0.038,0.069,0.4,watercress,0.063,4.0,0.099,0.2,0.006,0.8,other,186.24380341880337,0
35.9,0.009,0.3,164.2,7.9,beet greens cooked,2.7,39.0,0.9,4.2,0.3,3.7,cooked,178.89655928117466,0
3.7,0.009,0.068,45.1,18.1,winter squash cooked,0.9,76.0,6.8,5.7,0.7,1.8,cooked,19.513607737291945,6
16.8,0.063,0.017,32.5,1.4,new zealand spinach raw,0.4,8.0,0.2,0.8,0.1,0.8,raw,489.23611111111114,0
2.7,0.067,0.098,9.8,0.9,okra,0.082,4.0,0.2,0.4,0.082,0.2,other,523.9850427350427,0
7.0,0.015,0.031,12.2,31.9,yautia tannier,1.3,132.0,0.0,2.0,0.5,2.0,other,14.915501165501166,6
117.0,0.1,0.5,284.4,5.0,mustard spinach cooked,1.4,29.0,0.0,3.6,0.4,3.1,cooked,533.2920719127616,0
0.041,0.071,0.007,0.081,74.9,rhubarb cooked,0.024,278.0,68.9,4.8,0.1,0.9,cooked,6.451481891409948,1
0.026,0.096,0.1,0.079,13.0,beets raw,0.1,58.0,9.2,3.8,0.2,2.2,raw,42.39745063365753,0
141.0,0.083,0.077,30.0,8.5,drumstick pods raw,0.4,37.0,0.0,3.2,0.2,2.1,raw,338.5943635943636,0
3.8,0.035,0.041,2.3,0.3,baby zucchini,0.098,2.0,0.0,0.1,0.089,0.3,other,684.6794871794871,0
0.098,0.047,0.065,0.08,3.7,onion raw,0.011,16.0,1.7,0.7,0.048,0.4,raw,74.53846153846155,0
88.6,0.085,0.3,39.0,7.7,romanesco cooked,0.9,39.0,0.0,4.0,0.4,3.7,cooked,327.4216524216524,0
0.3,0.2,0.067,0.075,23.4,butternut squash raw,0.1,90.0,4.4,4.0,0.2,2.0,raw,56.54962013295347,6
12.1,0.029,0.071,60.2,1.1,amaranth leaves,0.6,6.0,0.0,0.0,0.075,0.7,other,477.6424501424502,0
33.0,0.1,0.012,104.5,3.9,turnip greens raw,0.6,18.0,0.4,1.8,0.2,0.8,raw,405.7692307692308,0
2.1,0.022,0.081,23.2,7.0,spaghetti squash raw,0.3,31.0,2.8,1.5,0.6,0.6,raw,36.401985111662526,0
5.8,0.01,0.9,59.8,9.2,seaweed dry,13.3,52.0,0.0,7.3,0.3,3.1,other,168.14102564102564,6
0.3,0.1,0.017,0.083,37.4,yam cooked,0.2,158.0,0.7,5.3,0.2,2.0,cooked,16.74103105052472,6
0.0,0.048,0.029,7.1,18.8,corn dried,0.7,119.0,6.0,5.8,3.0,4.1,other,13.810960281548518,6
4.2,0.08,0.061,24.0,5.4,cucumber,0.4,23.0,2.5,0.8,0.2,1.0,other,124.93496841322929,0
2.3,0.4,0.052,7.2,16.1,arrowroot,2.7,78.0,0.0,1.6,0.2,5.1,other,151.42230988384836,0
0.2,0.064,0.3,0.0,7.2,cardoon raw,0.4,30.0,0.0,2.8,0.2,1.2,raw,61.48148148148148,0
0.1,0.067,0.04,0.0,2.3,bamboo shoots cooked,0.083,14.0,0.0,1.2,0.3,1.8,cooked,123.73015873015873,0
0.6,0.1,0.051,0.009,8.7,summer squash raw,0.1,42.0,5.7,2.9,0.5,3.1,raw,62.43551078551079,0
0.3,0.1,0.079,0.048,26.2,sweet potato raw,0.2,112.0,5.4,3.9,0.002,2.0,raw,23.614407814407816,6
42.6,0.027,0.055,23.7,9.3,green tomato,0.9,42.0,7.3,2.0,0.4,2.2,other,145.01526251526252,0
11.4,0.064,0.013,44.5,1.6,beet greens raw,1.0,8.0,0.2,1.4,0.078,0.8,raw,470.5662393162394,0
0.3,0.076,0.05,0.0,9.2,savoy cabbage cooked,0.089,41.0,0.0,4.8,0.2,3.1,cooked,48.36043360433603,0
1.5,0.016,0.022,10.1,2.1,witloof chicory,0.1,9.0,0.0,1.6,0.031,0.5,other,77.76828110161443,0
0.1,0.001,0.017,0.063,7.9,turnips cooked,0.025,34.0,4.7,3.1,0.1,1.1,cooked,1.4848416289592758,0
0.8,0.022,0.069,2.2,1.1,dried tomatoes,0.2,5.0,0.8,0.2,0.053,0.3,other,153.38461538461536,0
5.2,0.039,0.033,12.4,2.9,radicchio,0.4,15.0,0.4,0.6,0.2,0.9,other,124.69230769230768,0
0.1,0.1,0.089,0.083,23.8,mixed vegetables cooked,0.2,118.0,5.7,8.0,0.3,5.2,cooked,22.227632913226135,6
0.1,0.056,0.088,0.0,6.3,yellow tomato,0.2,32.0,0.0,1.5,0.6,2.1,other,47.569444444444436,0
2.0,0.081,0.2,86.4,6.4,cardoon cooked,0.9,26.0,0.0,2.0,0.1,0.9,cooked,131.22452333990796,0
8.4,0.064,0.036,29.7,1.1,spinach raw,0.8,7.0,0.1,0.7,0.1,0.9,raw,458.0341880341881,0
19.6,0.048,0.045,53.3,0.9,kale raw,0.3,7.0,0.2,0.9,0.3,0.6,raw,564.9206349206349,0
114.5,0.039,0.3,23.6,9.7,drumstick pods cooked,0.5,42.0,0.0,5.0,0.2,2.5,cooked,272.24562474562475,0
0.4,0.1,0.063,0.069,16.4,kohlrabi raw,0.3,72.0,6.9,9.5,0.3,4.5,raw,37.66169278252611,6
12.7,0.046,0.044,19.3,17.0,lentil sprouts,2.5,82.0,0.0,0.0,0.4,6.9,other,49.9812382739212,0
0.084,0.064,0.024,0.028,5.8,carrots raw,0.022,25.0,2.9,1.7,0.1,0.6,raw,64.87083760683761,0
64.7,0.085,0.03,6.3,4.0,red chili peppers,0.5,18.0,2.4,0.7,0.2,0.8,other,535.5626780626781,0
0.1,0.049,0.1,0.1,17.1,fennel,0.2,73.0,0.0,7.3,0.5,2.9,other,18.46563634234867,6
0.074,0.1,0.016,0.084,13.9,sweet corn white,0.049,63.0,2.4,2.0,0.9,2.4,other,40.25540632207299,0
0.3,0.044,0.2,0.081,14.4,celeriac raw,0.1,66.0,2.5,2.8,0.5,2.3,raw,18.02290857290857,0
0.2,0.066,0.094,0.086,10.1,hubbard squash raw,0.033,46.0,4.6,4.5,0.6,2.3,raw,36.765589000371605,0
13.0,0.0,0.051,7.6,1.5,brussels sprouts cooked,0.3,8.0,0.4,0.5,0.1,0.5,cooked,208.69658119658118,0
1.7,0.063,0.025,13.8,3.8,carrots cooked,0.2,16.0,1.6,1.4,0.092,0.3,cooked,123.82211538461539,0
0.0,0.083,0.033,3.3,0.069,lambs quarters raw,0.06,0.0,0.0,0.046,0.067,0.08,raw,21.337179487179487,0
2.4,0.015,0.0,2.3,1.4,lotus root cooked,0.059,6.0,0.0,0.3,0.056,0.1,cooked,115.35612535612533,0
68.6,0.042,0.4,171.6,7.3,scots kale cooked,2.5,36.0,0.0,0.0,0.5,2.5,cooked,316.1419753086419,0
0.1,0.006,0.039,0.055,21.6,corn cooked,0.025,99.0,4.7,2.5,1.5,3.5,cooked,1.771950271950272,6
0.096,0.066,0.033,0.002,0.2,radish raw,0.052,1.0,0.066,0.002,0.026,0.042,raw,1689.57094017094,0
0.0,0.099,0.09,428.1,6.7,stinging nettles,1.5,37.0,0.2,6.1,0.007,2.4,other,178.41649341649338,0
0.4,0.035,0.097,4.8,1.2,baby carrots,0.1,5.0,0.7,0.4,0.053,0.031,other,202.3846153846154,0
341.3,0.064,0.017,20.5,11.8,sweet yellow peppers,0.9,50.0,0.0,1.7,0.4,1.9,other,245.15384615384613,0
14.6,0.041,0.083,30.0,1.9,taro leaves raw,0.6,12.0,0.8,1.0,0.2,1.4,raw,267.6103988603989,0
0.1,0.2,0.083,0.054,26.7,corn raw,0.076,123.0,9.0,2.9,1.9,4.7,raw,41.08738795080259,6
6.8,0.0,0.079,122.6,6.4,roselle,0.8,28.0,0.0,0.0,0.4,0.5,other,76.53846153846153,0
10.9,0.031,0.071,38.9,1.7,drumstick leaves raw,0.8,13.0,0.0,0.4,0.3,2.0,raw,209.9835634451019,0
23.4,0.08,0.075,24.7,5.0,scallop squash raw,0.5,23.0,3.1,1.6,0.3,1.6,raw,220.3381642512077,0
0.2,0.08,0.055,0.0,15.8,chicory roots,0.051,65.0,7.9,1.4,0.2,1.3,other,31.54700854700855,0
16.2,0.018,0.049,8.0,1.7,brussels sprouts raw,0.3,8.0,0.4,0.7,0.077,0.6,raw,309.77564102564105,0
0.069,0.028,0.018,0.5,6.3,kale cooked,0.2,42.0,1.4,4.7,1.4,3.5,cooked,19.586284086284085,0
0.0,0.0,0.4,64.3,39.7,pupusas con frijoles,1.8,289.0,1.6,7.3,11.4,7.0,other,5.171679531541123,1
0.4,0.031,0.9,0.1,7.2,mustard cabbage,0.077,36.0,1.8,4.0,0.1,1.4,other,23.971984805318137,0
0.022,0.035,0.03,0.047,4.1,gourd raw,0.016,19.0,1.9,1.0,0.2,1.1,raw,46.66815114709852,0
30.2,0.022,0.002,82.0,21.0,butternut squash cooked,1.2,80.0,3.9,6.4,0.2,1.8,cooked,65.03739316239316,6
4.3,0.067,0.4,81.3,35.1,burdock root cooked,1.3,146.0,5.9,3.0,0.2,3.5,cooked,23.97523709167545,6
0.2,0.2,0.099,0.011,78.4,cassava,0.2,330.0,3.5,3.7,0.6,2.8,other,15.555811965811966,1
13.0,0.016,0.5,36.8,16.2,peas carrots cooked,1.5,77.0,7.0,5.0,0.7,4.9,cooked,38.45265845265845,6
1.9,0.051,0.083,15.5,1.5,romaine lettuce,0.5,8.0,0.6,1.0,0.1,0.6,other,235.38995726495725,0
0.4,0.2,0.017,0.025,41.8,yam raw,0.3,177.0,0.8,6.2,0.3,2.3,raw,29.442392196629484,6
14.7,0.067,1.3,56.4,65.3,chowchow pickles,3.4,296.0,58.5,3.7,2.2,3.7,other,19.02387964887965,1
0.7,0.051,0.059,16.5,4.5,prairie turnips raw,0.2,20.0,0.1,1.0,0.029,0.3,raw,79.54059829059827,0
0.1,0.003,0.007,0.066,4.3,savoy cabbage raw,0.071,19.0,1.6,2.2,0.017,1.4,raw,6.634907782276205,0
0.007,0.041,0.019,0.086,1.2,celery raw,0.056,6.0,0.5,0.6,0.045,0.3,raw,176.25840455840455,0
5.6,0.091,0.084,40.3,9.1,celeriac cooked,0.7,42.0,0.0,0.0,0.3,1.5,cooked,85.6216931216931,0
195.0,0.2,0.025,315.0,5.9,mustard spinach raw,2.3,33.0,0.0,4.2,0.5,3.3,raw,566.6925666925666,0
0.4,0.1,0.023,0.033,8.1,zucchini raw,0.1,44.0,6.5,2.6,0.8,3.1,raw,59.09667832167832,0
26.1,0.097,0.4,123.2,7.2,okra cooked,0.4,35.0,3.8,4.0,0.3,3.0,cooked,185.56898656898656,0
29.0,0.097,0.049,27.0,2.6,white icicle radish,0.8,14.0,0.0,1.4,0.1,1.1,other,449.9542124542125,0
0.071,0.067,0.001,0.0,3.5,orange tomato,0.079,18.0,0.0,1.0,0.2,1.3,other,95.93209876543212,0
4.3,0.042,0.057,15.2,0.9,pumpkin leaves raw,0.9,7.0,0.0,0.0,0.2,1.2,raw,306.3858363858364,0
5.4,0.099,0.4,32.6,10.0,spaghetti squash cooked,0.5,42.0,3.9,2.2,0.4,1.0,cooked,85.79873829873831,0
0.1,0.099,0.082,0.017,22.4,white corn cooked,0.052,100.0,8.0,2.8,1.5,3.4,cooked,25.15130769230769,6
0.028,0.017,0.087,0.035,14.3,artichoke cooked,0.2,64.0,1.2,10.3,0.4,3.5,cooked,8.429553952991453,6
0.7,0.2,0.045,0.078,23.0,avocado,0.5,432.0,1.8,18.1,39.6,5.4,other,12.398508230452675,1
0.0,0.0,0.0,0.0,1.7,string beans wellsley farms,0.0,8.0,0.3,0.087,0.0,0.3,other,0.0,0
66.6,0.077,0.5,464.4,9.0,lambs quarters cooked,1.3,58.0,1.1,3.8,1.3,5.8,cooked,234.81948128499855,0
0.3,0.4,0.074,0.011,25.0,peas cooked,0.3,134.0,9.5,8.8,0.4,8.6,cooked,76.12003444316878,6
0.026,0.033,0.035,0.099,5.0,beets cooked,0.021,22.0,4.0,1.0,0.085,0.8,cooked,38.196231546231544,0
0.096,0.044,0.059,0.043,0.7,shallots dried,0.082,3.0,0.3,0.1,0.013,0.1,other,385.51766381766373,0
0.1,0.1,0.05,0.2,4.3,green lettuce,0.012,23.0,1.2,2.0,0.2,2.0,other,109.53548866592344,0
0.3,0.013,0.035,0.008,11.0,kohlrabi cooked,0.2,48.0,4.6,1.8,0.2,3.0,cooked,9.781374643874646,0
0.3,0.0,0.056,0.0,35.1,kanpyo dried,0.2,139.0,0.0,5.3,0.3,4.6,other,1.0391686650679455,6
0.3,0.0,0.012,14.4,4.2,prairie turnips boiled,0.1,18.0,0.7,1.0,0.086,0.2,other,11.092117758784426,0
0.2,0.1,0.077,0.2,2.7,broccoli raab cooked,0.06,21.0,0.5,2.4,0.4,3.3,cooked,121.76638176638176,0
0.2,0.1,0.036,0.028,9.9,summer squash cooked,0.3,49.0,6.4,2.9,1.0,2.7,cooked,54.87967905110762,0
0.4,0.1,0.055,0.073,45.7,taro cooked,0.3,187.0,0.6,6.7,0.1,0.7,cooked,14.50092325974679,1
0.055,0.025,0.048,0.006,1.5,spring onion scallions,0.057,6.0,0.5,0.5,0.077,0.4,other,110.47065527065524,0
0.2,0.084,0.5,0.029,12.3,hubbard squash cooked,0.095,57.0,5.6,5.5,0.7,2.8,cooked,38.16180836707153,6
0.079,0.066,0.028,0.011,0.9,jalapeno pepper,0.045,4.0,0.6,0.4,0.002,0.1,other,420.9655982905983,0
28.8,0.038,0.6,86.4,3.8,new zealand spinach cooked,1.2,22.0,0.5,2.5,0.3,2.3,cooked,249.14918414918415,0
2.2,0.07,0.007,0.6,0.2,sesbania flower raw,0.091,1.0,0.0,0.0,0.095,0.012,raw,2049.6153846153848,0
0.7,0.014,0.031,8.4,1.7,spirulina dried,2.0,20.0,0.2,0.3,0.5,4.0,other,80.17521367521368,0
18.8,0.044,0.3,38.1,2.9,chinese cabbage pe tsai cooked,0.4,17.0,0.0,2.0,0.2,1.8,cooked,217.8934137757667,0
23.2,0.097,0.077,32.4,4.8,zucchini cooked,0.7,27.0,3.1,1.8,0.6,2.1,cooked,208.92212725546057,0
0.012,0.068,0.1,0.072,0.1,green olives pickled,0.071,4.0,0.051,0.057,0.4,0.073,other,435.33290598290597,0
50.6,0.007,0.06,51.8,19.8,lotus root raw,1.3,85.0,0.0,5.6,0.1,3.0,raw,81.38712921065864,6
1.6,0.061,0.005,50.8,2.4,grape leaves,0.4,13.0,0.9,1.5,0.3,0.8,other,178.13609467455623,0
1.1,0.029,1.3,60.1,3.7,dill pickled cucumber,0.5,17.0,1.9,1.6,0.2,0.9,other,93.3710407239819,0
30.8,0.064,0.016,43.1,1.8,skunk cabbage,0.9,11.0,0.0,1.2,0.1,1.5,other,532.1600621600621,0
27.3,0.082,0.039,4.6,1.8,banana pepper,0.2,9.0,0.6,1.1,0.1,0.5,other,581.0921177587845,0
74.4,0.073,0.014,91.3,13.9,oriental radish raw,1.4,61.0,8.5,5.4,0.3,2.0,raw,189.7008547008547,6
12.1,0.053,0.3,89.7,4.1,purslane cooked,0.9,21.0,0.0,0.0,0.2,1.7,cooked,183.78306878306876,0
0.042,0.079,0.058,0.058,2.3,rhubarb raw,0.018,11.0,0.6,0.9,0.1,0.5,raw,180.91934731934728,0
15.7,0.063,0.4,52.9,3.6,swamp cabbage,1.3,20.0,0.0,1.9,0.2,2.0,other,222.42948717948718,0
0.033,0.09,0.08,0.069,1.2,mung bean sprouts raw,0.072,6.0,0.8,0.4,0.044,0.6,raw,382.3662393162392,0
0.078,0.048,0.04,0.084,1.5,onion cooked,0.067,7.0,0.7,0.2,0.034,0.2,cooked,178.07643467643464,0
10.8,0.007,0.089,18.4,1.3,swiss chard raw,0.6,7.0,0.4,0.6,0.042,0.6,raw,264.26739926739924,0
58.0,0.021,0.017,36.3,21.0,peas raw,2.1,117.0,8.2,7.4,0.6,7.9,raw,71.92599897728103,6
0.2,0.063,0.011,0.2,8.3,cabbage cooked,0.067,35.0,4.2,2.9,0.019,1.9,cooked,46.74236874236875,0
51.5,0.074,0.3,124.7,5.6,taro leaves cooked,1.7,35.0,0.0,2.9,0.6,3.9,cooked,270.7399267399267,0
5.2,0.066,0.067,37.2,9.4,leeks cooked,1.4,38.0,2.6,1.2,0.2,1.0,cooked,86.62393162393161,0
0.8,0.1,0.5,27.4,40.2,split peas cooked,2.5,227.0,5.7,16.3,0.8,16.3,cooked,18.451748936330436,1
0.068,0.079,0.05,0.0,14.2,sweet corn yellow,0.075,58.0,2.6,1.5,0.4,4.1,other,34.90038314176245,0
0.067,0.073,0.047,0.088,0.5,asparagus raw,0.039,2.0,0.2,0.3,0.037,0.3,raw,927.3940170940168,0
34.6,0.046,0.013,267.9,10.7,collard cooked,2.1,63.0,0.0,7.6,1.4,5.1,cooked,130.50603717270386,6
31.5,0.076,0.7,101.5,7.2,swiss chard cooked,4.0,35.0,1.9,3.7,0.1,3.3,cooked,240.08547008547006,0
7.9,0.042,0.087,244.4,4.9,nopales cooked,0.7,22.0,1.7,3.0,0.003,2.0,cooked,190.75757575757578,0
52.1,0.094,0.4,204.1,9.4,tahitian taro cooked,2.1,60.0,0.0,0.0,0.9,5.7,cooked,181.25925925925927,0
31.5,0.088,0.087,73.5,1.5,chinese cabbage pak choi raw,0.6,9.0,0.8,0.7,0.1,1.1,raw,733.1908831908831,0
0.1,0.051,0.023,0.017,4.3,green chili pepper,0.059,18.0,2.3,0.7,0.097,0.9,other,73.27886989553654,0
3.5,0.057,0.021,35.4,22.2,mountain yam raw,0.6,91.0,0.4,3.4,0.1,1.8,raw,26.588240819010046,6
0.1,0.1,0.021,0.065,27.2,parsnips cooked,0.2,114.0,7.7,6.4,0.5,2.1,cooked,23.00633528265107,6
0.1,0.1,0.6,0.0,16.1,tomato stewed,0.1,97.0,0.0,2.1,3.3,2.4,other,26.46048109965636,6
54.3,0.092,0.2,6.6,4.5,sweet green peppers cooked,0.3,19.0,2.3,0.9,0.1,0.7,cooked,450.04048582995955,0
0.08,0.3,0.088,0.081,31.6,white corn raw,0.5,143.0,5.3,4.5,2.0,5.3,raw,54.4565716334947,6
193.0,0.2,0.061,332.0,66.5,rutabaga raw,3.4,286.0,34.4,17.8,1.2,8.3,raw,67.98159105851414,1
13.6,0.092,2.3,31.3,6.4,jalapeno peppers canned,2.6,37.0,2.9,3.5,1.3,1.3,other,148.54931854931857,0
10.3,0.015,0.6,63.7,19.8,pumpkin canned,3.4,83.0,8.1,7.1,0.7,2.7,other,46.967871485943775,6
3.6,0.089,0.5,20.4,10.3,peas onions canned,1.0,61.0,0.0,2.8,0.5,3.9,other,54.712764466862815,0
13.3,0.05,0.2,76.5,59.1,sweet mashed potato canned,3.4,258.0,13.9,4.3,0.5,5.0,other,20.174915523752734,1
0.0,0.084,0.6,16.5,23.5,hominy canned,1.0,119.0,3.0,4.1,1.5,2.4,other,23.38217338217338,6
0.3,0.056,0.002,0.038,22.5,tomato puree canned,0.7,95.0,12.1,4.8,0.5,4.1,other,19.184363472784522,6
3.1,0.026,0.056,1.4,0.7,dried tomatoes canned in oil,0.057,6.0,0.0,0.2,0.4,0.2,other,172.81339031339027,0
0.2,0.03,0.5,0.0,17.5,mixed vegetables canned,0.3,88.0,0.0,9.3,0.6,3.5,other,10.66919191919192,6
0.099,0.012,0.049,0.0,0.3,straw mushrooms canned,0.06,2.0,0.0,0.1,0.09,0.2,other,172.16666666666666,0
0.4,0.018,0.2,3.4,0.4,capers canned,0.1,2.0,0.011,0.3,0.089,0.2,other,288.07692307692304,0
49.6,0.017,0.9,5.1,3.7,red peppers canned,0.4,15.0,2.4,0.9,0.058,0.7,other,413.1709401709402,0
0.5,0.061,0.2,0.028,24.4,carrots canned,0.5,104.0,11.2,8.2,0.6,2.6,other,17.8706607495069,6
22.3,0.083,0.3,74.4,9.6,tomatoes in tomato juice canned,2.3,41.0,5.7,2.4,0.3,1.9,other,156.1673962893475,0
67.8,0.3,0.1,61.7,10.2,asparagus canned,2.5,62.0,4.1,4.1,0.7,7.4,other,272.52963881996135,0
65.1,0.097,1.9,57.4,5.5,sweet red peppers canned,1.1,25.0,0.0,1.7,0.4,1.1,other,428.43931623931616,0
2.7,0.022,0.2,28.4,2.5,onions canned,0.011,12.0,1.4,0.8,0.084,0.5,other,89.5477207977208,0
22.3,0.1,0.082,169.9,4.0,turnip greens canned,2.2,27.0,0.6,1.9,0.4,2.0,other,278.03418803418805,0
2.6,0.018,0.1,19.1,1.5,hearts of palm,1.0,9.0,0.0,0.8,0.2,0.8,other,160.15194681861348,0
31.6,0.1,0.7,194.2,6.8,spinach canned,3.7,44.0,0.0,3.7,0.9,4.9,other,217.2843822843823,0
0.011,0.065,0.2,0.0,11.1,corn canned,0.02,49.0,3.3,1.4,0.6,1.6,other,33.41496598639455,0
0.2,0.2,0.7,0.059,21.6,peas carrots canned,0.3,97.0,7.2,8.4,0.7,5.5,other,53.49837871178077,6
5.7,0.013,0.006,25.2,6.2,crookneck squash canned,1.5,27.0,2.5,2.9,0.1,1.3,other,73.5375118708452,0
22.3,0.083,0.3,82.3,17.6,tomatoes canned,3.1,77.0,10.6,4.6,0.7,4.0,other,89.71528471528471,6
163.0,0.016,0.006,11.5,9.8,pimento canned,3.2,44.0,5.2,3.6,0.6,2.1,other,278.7781662781663,0
65.1,0.026,1.9,57.4,5.5,sweet green peppers canned,1.1,25.0,0.0,1.7,0.4,1.1,other,357.4393162393162,0
0.0,0.088,0.2,0.0,9.5,peas canned,0.091,57.0,0.0,0.0,0.8,3.5,other,39.48343079922027,0
47.5,0.039,0.6,50.0,6.4,chili peppers canned,1.8,29.0,0.0,2.4,0.4,1.0,other,263.35838491010907,0
49.6,0.037,0.9,5.1,3.7,green peppers canned,0.4,15.0,2.3,0.9,0.074,0.7,other,446.50427350427356,0
3.2,0.054,0.8,81.8,3.3,grape leaves canned,0.8,20.0,0.0,2.8,0.6,1.2,other,138.96153846153845,0
0.2,0.047,0.9,0.096,6.1,sauerkraut canned,0.1,27.0,2.5,4.1,0.2,1.3,other,46.42652738208294,0
6.9,0.093,0.02,32.0,16.2,beets canned,1.5,69.0,13.2,3.0,0.2,2.0,other,60.451505016722415,6
0.091,0.1,0.6,0.039,15.8,stewed tomatoes canned,0.3,66.0,9.0,2.6,0.5,2.3,other,40.561784511784516,6
57.4,0.018,2.1,94.3,49.5,tomato paste canned,7.8,215.0,31.9,10.7,1.2,11.3,other,55.28602663486385,1
30.9,0.0,0.9,146.7,19.4,bacon ranch salad mcdonalds,1.9,389.0,4.9,3.2,20.1,28.1,other,14.440489530463823,4
31.4,0.0,0.6,189.4,11.3,caesar salad with grilled chicken mcdonalds,1.8,201.0,4.8,3.3,5.6,29.1,other,29.581154058765996,4
30.0,0.1,0.2,183.2,9.1,caesar salad mcdonalds,1.3,94.0,4.4,3.4,4.4,6.8,other,84.73176941262047,0
32.0,0.027,0.025,17.9,4.4,vegetable salad,0.9,22.0,0.0,0.0,0.054,1.7,other,221.2839937839938,0
11.6,0.032,0.1,24.7,2.5,vegetable salad with chicken,0.7,70.0,0.0,0.0,1.5,11.6,other,38.111111111111114,0
25.0,0.038,1.3,47.5,27.9,potato salad,1.6,358.0,0.0,3.3,20.5,6.7,other,13.916344363271737,6
0.0,0.2,1.9,506.4,80.5,taco salad taco bell,9.4,906.0,0.0,16.0,48.9,35.7,other,15.582347502877303,2
0.042,0.015,0.022,0.079,1.7,iceberg lettuce,0.033,8.0,1.1,0.7,0.045,0.5,other,49.82596153846154,0
0.2,0.096,0.067,0.0,2.0,cornsalad,0.092,12.0,0.0,0.0,0.2,1.1,other,206.11111111111114,0
2.0,0.046,0.8,37.5,40.5,potato salad with egg,1.3,393.0,12.4,3.3,23.5,4.9,other,6.0633740023053,1
13.7,0.059,0.037,20.9,3.7,side salad mcdonalds,0.6,17.0,1.9,1.4,0.2,0.9,other,205.37204625439918,0
30.9,0.0,0.7,188.5,19.2,caesar salad with crispy chicken mcdonalds,1.8,349.0,4.5,3.4,16.4,25.7,other,16.857688634192932,4
7.8,0.051,0.087,70.1,25.6,grape apple salad with walnuts,0.5,191.0,20.3,3.6,8.2,3.5,other,15.490446144896405,6
6.5,0.056,0.044,66.5,3.2,vegetable salad with cheese egg,0.4,68.0,0.0,0.0,3.9,5.8,other,41.999748617395674,0
1.6,0.091,0.094,3.1,0.3,celtuce,0.079,1.0,0.0,0.1,0.088,0.071,other,2520.5128205128203,0
3.0,0.055,0.018,32.0,0.7,arugula,0.3,5.0,0.4,0.3,0.1,0.5,other,424.2307692307692,0
6.1,0.018,0.3,39.3,4.4,vegetable salad with shrimp,0.6,71.0,0.0,0.0,1.7,9.7,other,24.83688455519441,0
0.2,0.03,0.4,0.1,28.4,coleslaw,0.039,292.0,23.3,3.6,18.9,1.8,other,2.721431916637396,6
0.064,0.038,0.048,0.0,2.6,shiitake mushrooms cooked,0.2,10.0,0.7,0.4,0.007,0.3,cooked,106.8222222222222,0
0.0,0.05,0.096,0.4,1.3,shiitake mushrooms raw,0.05,6.0,0.5,0.5,0.039,0.4,raw,213.4757834757835,0
0.001,0.087,0.086,0.0,0.3,crimini mushrooms,0.098,1.0,0.1,0.064,0.018,0.2,other,2229.555555555555,0
1.5,0.093,0.053,2.1,2.3,mushrooms raw,0.4,15.0,1.4,0.7,0.2,2.2,raw,182.00284900284902,0
0.1,0.07,0.047,0.0,5.4,portabella mushrooms grilled,0.5,35.0,2.7,2.7,0.7,4.0,other,58.25396825396826,0
0.08,0.003,0.059,0.0,0.072,maitake mushrooms,0.013,0.0,0.043,0.041,0.017,0.016,other,0.9111111111111111,0
0.1,0.094,0.086,0.4,2.7,shiitake mushrooms dried,0.022,11.0,0.046,0.4,0.061,0.3,other,216.03729603729604,0
0.01,0.002,0.028,0.0,0.4,chanterelle mushrooms,0.067,2.0,0.076,0.2,0.063,0.033,other,44.166666666666664,0
0.0,0.038,0.036,44.5,20.4,cloud ear fungus dried,1.6,80.0,0.0,19.6,0.2,2.6,other,27.264957264957268,6
0.1,0.1,0.011,0.0,8.3,mushrooms cooked,0.8,44.0,3.7,3.4,0.7,3.4,cooked,67.17171717171718,0
0.2,0.2,0.072,0.0,19.4,pepeao dried,1.2,72.0,0.0,0.0,0.1,1.2,other,79.01234567901234,0
0.019,0.082,0.034,18.8,5.4,truffles,0.2,61.0,4.6,0.3,4.1,0.7,other,37.83340339078043,0
0.6,0.009,0.027,15.8,6.7,jews ear,0.6,25.0,0.0,0.0,0.095,0.5,other,29.861538461538455,0
0.095,0.087,0.084,0.0,0.2,enoki mushrooms,0.099,1.0,0.034,0.089,0.099,0.062,other,2240.555555555555,0
0.055,0.062,0.08,0.0,0.7,morel mushrooms,0.056,4.0,0.096,0.4,0.07,0.4,other,396.8055555555556,0
0.0,0.075,0.014,2.6,3.3,portabella mushrooms raw,0.3,19.0,2.2,1.1,0.3,1.8,raw,108.50877192982455,0
0.056,0.016,0.098,0.0,0.9,oyster mushroom,0.008,5.0,0.2,0.3,0.035,0.5,other,82.13333333333333,0
0.0,0.06,0.1,44.1,23.6,chocolate pudding fat free,1.9,105.0,17.8,0.3,0.3,2.2,other,27.56939356939357,6
0.3,0.003,0.2,78.1,23.9,tapioca pudding,0.1,143.0,16.4,0.0,4.3,2.1,other,5.347259578028807,6
0.3,0.096,0.2,58.2,23.9,tapioca pudding fat free,0.1,105.0,15.9,0.0,0.4,1.6,other,27.967439967439965,6
0.074,0.098,0.1,0.063,20.8,rice pudding,0.014,122.0,13.1,0.3,2.4,3.6,other,20.217087011349307,6
0.3,0.2,0.7,0.066,42.4,corn pudding,0.1,328.0,16.5,3.0,12.6,11.1,other,15.516452991452992,1
0.5,0.061,0.2,76.5,34.5,chocolate pudding,1.9,213.0,25.8,0.0,6.9,3.1,other,15.138838730388024,6
1.2,0.071,0.4,148.5,30.2,lemon pudding,0.058,173.0,0.0,0.0,4.4,4.1,other,17.820018773776,6
0.3,0.084,0.3,73.5,33.9,vanilla pudding,0.1,195.0,25.5,0.0,5.7,2.2,other,14.124479509094895,6
0.0,0.039,0.095,16.6,0.7,cottage cheese creamed,0.071,20.0,0.5,0.0,0.9,2.2,other,57.1068376068376,0
0.0,0.0,0.0,0.0,0.0,zaziki milfina,0.0,51.0,0.0,0.0,4.4,0.0,other,0.0,0
0.0,0.005,0.9,137.9,6.1,cottage cheese low fat,0.3,163.0,6.1,0.0,2.3,28.0,other,8.297152745005507,4
0.0,0.013,0.5,124.7,9.7,cottage cheese nonfat,0.2,104.0,2.7,0.0,0.4,15.0,other,13.416748849441158,0
2.0,0.054,0.2,419.0,33.8,vanilla yogurt low fat,0.2,208.0,33.8,0.0,3.1,12.1,other,23.588510848126234,6
0.0,0.0,0.0,0.0,1.7,classique yogurt plain 2 liberte,0.0,30.0,1.7,0.0,1.2,3.3,other,0.0,0
0.0,0.0,0.0,0.0,0.074,yoplait light strawberry yogurt yoplait,0.0,79.0,0.0,0.0,0.0,0.0,other,0.0,0
1.4,0.068,0.1,290.7,23.5,vanilla yogurt,0.1,145.0,23.5,0.0,2.1,8.4,other,28.60182729148246,6
0.0,0.019,0.2,132.0,35.3,chocolate yogurt,0.6,168.0,22.5,1.8,0.0,5.3,other,10.855463980463979,6
21.3,0.018,0.048,156.5,23.6,yogurt parfait,0.7,125.0,17.4,1.6,1.5,5.0,other,35.27521367521367,6
0.8,0.06,0.005,181.5,7.0,yogurt,0.001,92.0,7.0,0.0,4.9,5.2,other,32.452155332590124,0
0.0,0.008,0.1,174.0,37.6,chocolate frozen yogurt,0.8,221.0,33.5,4.0,6.3,5.2,other,8.972425262018023,6
1.2,0.095,0.1,174.0,37.6,frozen yogurt,0.8,221.0,34.7,0.0,6.3,5.2,other,19.41737247167111,6
2.0,0.045,0.2,448.4,17.2,yogurt low fat,0.2,154.0,17.2,0.0,3.8,12.9,other,31.867299367299367,0
0.0,0.0,0.0,0.0,0.0,vanilla yoghurt oikos,0.0,120.0,0.0,0.0,1.8,0.0,other,0.0,0
0.9,0.032,0.013,207.0,28.0,fruit yogurt,0.066,149.0,28.0,0.0,1.7,6.0,other,16.972982274995697,6
0.0,0.0,0.0,0.0,0.089,danone low fat alsafi,0.0,88.0,255.0,0.0,1.7,0.0,other,0.0,0
20.7,0.029,0.065,128.1,30.9,fruit n yogurt parfait mcdonalds,0.7,156.0,19.1,1.5,1.9,4.1,other,28.200471181240406,6
0.0,0.0,0.0,0.0,22.5,triple zero greek yogurt dannon oikos,0.0,120.0,6.0,0.0,0.0,0.038,other,0.0,6
0.0,0.045,0.081,187.0,6.1,greek yogurt,0.1,100.0,5.5,0.0,0.7,17.3,other,26.190170940170944,0
0.0,0.0,0.0,0.0,0.0,chocolate rasberry protein mini proteinfx,0.0,102.0,0.0,0.0,2.9,0.0,other,0.0,0
0.0,0.0,0.0,0.0,0.2,gushers fruit gushers,0.0,360.0,0.0,0.0,6.0,0.0,other,0.0,0
0.0,0.035,0.043,28.5,0.4,egg fried,0.9,90.0,0.2,0.0,6.8,6.3,other,17.713675213675213,0
15.1,0.0,0.073,0.0,7.2,sports drink,0.1,26.0,0.0,0.0,0.0,0.0,other,66.66666666666667,0
0.0,0.0,0.0,0.0,5.0,peanut butter cookie protein syntha 6,0.0,200.0,0.0,0.0,6.0,0.0,other,0.0,0
0.0,0.0,0.0,0.0,14.2,hanfprotein pulver rohkostqualitat veganz,0.0,107.0,0.057,0.0,3.1,0.0,other,0.0,0
0.0,100.0,0.2,0.0,2.1,smoothie high protein creamy chocolate slimfast,0.0,110.0,1.0,0.0,3.5,12.0,other,90.9090909090909,0
0.0,0.0,0.0,0.0,0.0,egg large,0.0,138.0,0.0,0.0,9.3,0.0,other,0.0,0
4.1,0.07,0.064,35.6,16.1,boysenberries frozen,1.1,66.0,9.1,7.0,0.3,1.5,other,46.825951825951826,6
1.2,0.021,0.02,16.6,19.1,malt beverage,0.1,88.0,19.1,0.0,0.3,0.5,other,9.563422688422687,0
6.0,0.079,0.012,100.1,19.9,chocolate powder for milk,0.0,88.0,18.0,1.0,0.5,1.0,other,38.76893939393939,6
9.6,0.0,0.043,0.9,2.2,vegetable fruit juice,0.013,9.0,0.6,0.0,0.017,0.071,other,120.09021842355176,0
0.0,0.078,0.062,6.9,3.1,cocoa powder unsweetened,0.7,12.0,0.087,1.8,0.7,1.1,other,199.3304843304843,0
0.4,0.094,0.001,2.4,0.8,coconut milk,0.2,35.0,0.5,0.3,3.6,0.3,other,72.11477411477411,0
0.016,0.096,0.034,9.3,5.9,cocoa powder,0.075,28.0,4.6,0.3,0.3,0.5,other,89.82081807081806,0
0.059,0.01,0.058,0.078,22.0,rice drink,0.013,113.0,12.7,0.7,2.3,0.7,other,2.3396263520157325,6
5.8,0.05,0.3,57.6,8.9,coconut water,0.7,46.0,6.3,2.6,0.5,1.7,other,59.269788182831654,0
0.0,0.0,0.0,0.0,0.0,caramel med iced coffee dunkin donuts,0.0,268.0,0.0,0.0,9.0,0.0,other,0.0,0
0.0,0.0,0.093,7.2,0.8,instant coffee with water decaffeinated,0.042,4.0,0.0,0.0,0.0,0.2,other,19.679487179487182,0
0.0,0.0,0.051,141.0,75.4,instant coffee powder,4.4,353.0,0.0,0.0,0.5,12.2,other,9.99733662623181,1
0.0,0.0,0.09,2.5,1.4,instant coffee powder decaffeinated,0.056,6.0,0.0,0.0,0.069,0.2,other,8.390313390313391,0
0.1,0.067,0.074,17.3,11.2,instant cappuccino powder,0.036,53.0,9.0,0.2,0.7,0.4,other,34.701661022415735,0
0.0,0.0,0.058,4.7,0.0,coffee decaffeinated,0.1,0.0,0.0,0.0,0.0,0.2,other,0.9170940170940172,0
0.026,0.054,0.011,0.6,0.5,espresso decaffeinated,0.087,3.0,0.0,0.0,0.011,0.065,other,468.61253561253545,0
0.0,0.0,0.015,7.2,0.6,instant coffee with water,0.015,4.0,0.0,0.0,0.0,0.2,other,15.92948717948718,0
0.0,0.076,0.075,4.7,0.0,coffee,0.051,2.0,0.0,0.0,0.069,0.3,other,982.2435897435897,0
0.099,0.073,0.083,0.6,0.5,espresso,0.049,3.0,0.0,0.0,0.086,0.021,other,622.6125356125355,0
0.0,0.0,0.0,0.0,0.0,whey protein powder vanilla eas,0.0,108.0,0.0,0.0,1.7,0.0,other,0.0,0
0.0,0.0,0.008,32.5,1.8,energy drink sugar free red bull,0.023,13.0,0.0,0.0,0.2,0.6,other,20.213675213675213,0
0.0,0.0,0.005,0.3,2.3,powerade coca cola,0.096,9.0,1.8,0.0,0.009,0.0,other,6.182336182336182,0
0.0,0.0,0.093,31.2,29.0,amp energy pepsi,0.053,110.0,29.0,0.0,0.2,0.6,other,2.4494949494949494,6
0.0,0.0,0.011,0.0,0.6,gatorade g2 pepsi,0.0,2.0,0.4,0.0,0.052,0.069,other,0.0,0
0.0,0.0,0.093,0.0,2.5,amp energy sugar free pepsi,0.0,5.0,0.0,0.0,0.0,0.0,other,0.0,0
5.6,0.1,0.1,0.0,26.4,energy drink red bull,0.049,111.0,26.4,0.0,0.0,1.2,other,28.373373373373372,6
0.7,0.0,0.03,0.6,0.0,powerade zero ion4 coca cola,0.072,0.0,0.0,0.0,0.0,0.0,other,1.223931623931624,0
0.0,0.0,0.071,31.2,29.0,full throttle coca cola,0.037,110.0,29.0,0.0,0.2,0.6,other,2.3686868686868685,6
45.0,0.039,0.084,9.9,35.7,passion fruit juice purple,0.9,148.0,35.2,0.5,0.4,1.7,other,44.264553014553016,6
0.2,0.014,0.089,27.4,32.7,pomegranate juice,0.2,134.0,31.5,0.2,0.7,0.4,other,5.179869881362419,6
0.0,0.071,0.007,22.1,39.7,cranberry apricot juice,0.4,157.0,0.0,0.2,0.0,0.5,other,13.803963198867656,6
0.3,0.1,0.075,0.062,32.2,pineapple juice,0.2,133.0,25.0,0.5,0.3,0.9,other,19.886626823468927,6
73.6,0.1,0.003,9.9,33.6,passion fruit juice yellow,0.6,126.0,33.1,0.5,0.1,1.0,other,87.99416632749966,6
50.0,0.094,0.096,12.5,31.8,orange apricot juice,0.3,128.0,30.2,0.3,0.3,0.8,other,63.81543803418804,6
0.1,0.1,0.022,0.0,24.9,tangerine juice,0.06,106.0,24.5,0.5,0.5,1.2,other,24.0041928721174,6
0.052,0.2,0.067,0.053,20.8,orange juice,0.06,90.0,16.8,0.4,0.4,1.4,other,55.99465337132005,6
0.1,0.06,0.061,0.0,22.7,grapefruit juice,0.004,96.0,0.0,0.0,0.2,1.2,other,15.76388888888889,6
115.0,0.047,0.054,17.5,29.0,pineapple grapefruit juice,0.8,118.0,28.8,0.3,0.3,0.5,other,99.61067651745617,6
17.8,0.055,0.046,25.1,37.0,tamarind nectar,1.9,143.0,31.9,1.3,0.3,0.2,other,32.17769410077103,6
0.025,0.083,0.038,0.0,28.0,apple juice,0.065,114.0,23.9,0.5,0.3,0.2,other,18.542884990253413,6
7.7,0.058,0.071,4.9,34.1,limeade,0.0,128.0,32.8,0.0,0.0,0.0,other,18.306623931623932,6
0.057,0.06,0.063,0.087,40.8,guava nectar,0.055,158.0,32.5,2.5,0.2,0.2,other,9.731380504165314,6
71.9,0.005,0.082,19.8,25.4,orange grapefruit juice,1.1,106.0,25.1,0.2,0.2,1.5,other,83.74818577648769,6
0.0,0.0,0.0,0.0,0.0,orange juice sainsburys,0.0,14.0,0.0,0.0,0.088,0.0,other,0.0,0
96.8,0.0,0.061,7.4,38.8,cranberry apple juice,0.2,154.0,35.5,0.0,0.3,0.0,other,66.02619602619603,6
56.3,0.046,0.069,12.5,29.5,pineapple orange juice,0.7,125.0,29.0,0.3,0.0,3.3,other,63.12478632478632,6
0.017,0.032,0.056,0.0,39.4,pear nectar,0.2,150.0,0.0,1.5,0.062,0.3,other,6.086666666666666,6
28.3,0.091,0.072,30.0,19.5,blackberry juice,1.2,95.0,19.3,0.3,1.5,0.8,other,66.49347728295096,6
0.1,0.015,0.046,0.0,16.6,lemon juice,0.073,54.0,6.1,0.7,0.6,0.9,other,7.901234567901234,0
78.4,0.09,0.079,19.6,34.3,cranberry grape juice,0.04,137.0,0.0,0.2,0.2,0.5,other,81.27082163578515,6
67.2,0.021,0.051,22.3,28.3,citrus fruit juice,2.8,114.0,20.2,0.2,0.057,0.8,other,85.25228669965513,6
10.5,0.0,0.1,30.7,44.7,prune juice,3.0,182.0,42.1,2.6,0.006,1.6,other,16.865314173006478,6
27.9,0.05,0.061,17.6,37.5,guanabana nectar,0.9,148.0,32.8,0.3,0.4,0.3,other,33.68503118503119,6
0.001,0.2,0.1,0.0,26.3,fruit juice,0.039,108.0,24.2,0.2,0.1,0.3,other,46.49794238683128,6
0.0,0.0,0.013,5.1,3.3,horchata,0.057,15.0,2.6,0.0,0.2,0.1,other,4.726495726495726,0
11.2,0.061,0.08,16.4,24.4,fruit punch,0.5,98.0,0.0,0.0,0.4,0.2,other,32.38138845281702,6
1.5,0.059,0.025,17.4,35.7,apricot nectar,0.9,139.0,34.2,1.5,0.2,0.9,other,16.370595831027483,6
0.0,0.0,0.0,0.0,1.4,orangensaft ja,0.0,86.0,0.024,0.0,0.0,0.0,other,0.0,0
0.0,0.0,0.0,0.0,1.0,fruchtcocktail granini,0.0,102.0,0.0,0.0,0.4,0.0,other,0.0,0
0.091,0.1,0.077,0.0,29.7,peach nectar,0.2,125.0,27.8,0.2,1.3,0.5,other,20.96977777777778,6
12.0,0.01,0.044,2.4,3.6,orange pineapple juice,0.086,15.0,3.1,0.032,0.08,0.1,other,109.97150997150997,0
0.1,0.069,0.093,0.099,24.4,cranberry juice,0.1,92.0,24.2,0.2,0.3,0.8,other,19.482915273132665,6
93.9,0.029,0.018,22.2,22.7,white grapefruit juice,0.5,96.0,22.5,0.2,0.2,1.2,other,116.39111467236467,6
0.038,0.039,0.061,0.047,32.9,mango nectar,0.087,128.0,31.2,0.8,0.2,0.3,other,8.030602297008544,6
3872.0,0.084,0.082,24.2,11.6,acerola cherry juice,1.2,56.0,10.9,0.7,0.7,1.0,other,231.30036630036628,0
4.4,0.005,0.049,42.2,86.5,apple juice concentrate,1.9,350.0,81.9,0.8,0.8,1.1,other,5.6973137973137975,1
0.017,0.053,0.082,0.076,36.3,papaya nectar,0.029,143.0,34.8,1.5,0.4,0.4,other,9.395696611081226,6
0.0,0.0,0.0,0.0,0.0,apple juice martinellis,0.0,122.0,0.0,0.0,0.0,0.0,other,0.0,0
72.6,0.01,0.014,33.9,20.4,lime juice,0.2,61.0,4.1,1.0,0.2,1.0,other,142.43519686142636,6
0.3,0.0,0.003,27.8,37.4,grape juice,0.6,152.0,35.9,0.5,0.3,0.9,other,3.8191632928475037,6
0.0,0.0,0.0,9.9,0.0,water dannon,0.0,0.0,0.0,0.0,0.0,0.0,other,0.7615384615384616,0
0.0,0.0,0.018,7.1,0.0,tap water,0.0,0.0,0.0,0.0,0.0,0.0,other,0.5461538461538461,0
0.0,0.0,0.044,70.0,0.0,table water,0.0,0.0,0.0,0.0,0.0,0.0,other,5.384615384615385,0
30.1,0.016,0.0,40.3,13.0,fruit flavored water,0.0,52.0,13.0,0.0,0.0,0.0,other,77.97008547008546,0
0.0,0.0,0.024,23.7,0.0,water,0.0,0.0,0.0,0.0,0.0,0.0,other,1.823076923076923,0
0.0,0.0,0.087,0.0,0.0,cola light coca cola,0.0,0.0,0.0,0.0,0.0,0.0,other,0.0,0
0.0,0.0,0.024,7.4,38.4,lemon lime soda,0.061,151.0,37.6,0.0,0.0,0.3,other,0.6014037470991114,6
0.0,0.0,0.049,3.4,29.6,tonic water,0.09,114.0,29.6,0.0,0.0,0.0,other,0.6680161943319838,6
7.6,0.0,0.013,66.9,1.6,lemonade low calorie,0.1,7.0,0.0,0.0,0.0,0.092,other,202.0879120879121,0
0.0,0.0,0.043,0.0,17.5,ginger ale,0.024,68.0,17.4,0.0,0.0,0.0,other,0.19607843137254902,0
0.0,0.0,0.063,7.4,22.3,ice tea lemon flavor nestle,0.0,88.0,22.3,0.0,0.0,0.0,other,0.6468531468531469,6
0.0,0.0,0.021,0.0,20.3,sprite coca cola,0.042,80.0,18.0,0.0,0.063,0.1,other,0.29166666666666674,6
0.0,0.0,0.045,7.4,38.9,cola coca cola,0.048,151.0,38.9,0.0,0.0,0.0,other,0.5535744608592291,6
0.0,0.0,0.072,0.0,19.1,cola,0.012,74.0,17.9,0.0,0.07,0.1,other,0.09009009009009009,0
0.0,0.0,0.098,24.7,65.7,cream soda,0.2,252.0,65.7,0.0,0.0,0.0,other,1.194885361552028,1
0.0,0.0,0.046,0.0,0.0,club soda,0.015,0.0,0.0,0.0,0.0,0.0,other,0.08333333333333333,0
6.2,0.078,0.01,8.0,21.6,pink lemonade,0.092,86.0,20.6,0.2,0.3,0.1,other,31.994633273703045,6
0.0,0.0,0.042,11.2,41.7,grape soda,0.3,160.0,0.0,0.0,0.0,0.0,other,1.580128205128205,6
0.0,0.0,0.04,7.4,38.9,cola without caffeine coca cola,0.026,151.0,38.9,0.0,0.0,0.0,other,0.4726325918378899,6
0.007,0.004,0.02,0.0,20.8,white lemonade,0.013,80.0,20.0,0.0,0.003,0.1,other,1.35,6
0.0,0.0,0.031,19.7,52.6,chocolate soda,0.5,207.0,52.6,0.0,0.0,0.0,other,2.073991494281349,6
0.0,0.0,0.0,0.0,35.0,sweet tea lipton,0.0,130.0,35.0,0.0,0.0,0.0,other,0.0,6
36.8,0.03,0.091,2.0,14.8,hibiscus tea,17.3,74.0,12.0,0.6,1.3,0.9,other,195.47817047817048,0
0.009,0.0,0.046,0.0,0.3,instant lemon tea,0.026,2.0,0.047,0.0,0.0,0.1,other,7.722222222222222,0
0.0,0.0,0.0,0.0,0.0,pesca tea santal,0.0,116.0,0.0,0.0,0.0,0.0,other,0.0,0
0.0,0.0,0.089,5.2,22.3,instant lemon tea sweetened,0.0,91.0,21.6,0.3,0.2,0.071,other,0.43956043956043955,6
0.0,0.0,0.0,0.0,0.4,tea with milk and sugar yorkshire,0.0,15.0,0.0,0.0,0.5,0.0,other,0.0,0
0.0,0.0,0.0,0.0,0.4,tea blueberry muffin tekanne,0.0,4.0,0.007,0.0,0.2,0.0,other,0.0,0
0.0,0.05,0.003,4.0,0.4,chamomile tea,0.2,2.0,0.0,0.0,0.0,0.0,other,695.9401709401709,0
0.0,0.041,0.091,0.0,0.7,black tea,0.088,2.0,0.0,0.0,0.0,0.0,other,536.9444444444445,0
0.0,0.093,0.064,4.0,0.4,herb tea,0.2,2.0,0.0,0.0,0.0,0.0,other,1233.440170940171,0
8.3,0.079,0.6,13.3,18.2,clam tomato juice,0.2,80.0,5.5,0.7,0.3,1.0,other,38.88301282051282,0
0.2,0.2,0.063,0.056,8.6,tomato juice,0.1,41.0,6.3,1.0,0.7,2.1,other,123.85874504898895,0
0.3,0.095,0.1,0.007,11.1,vegetable juice,0.5,53.0,7.9,1.9,0.2,1.5,other,50.68235768424447,0
67.0,0.047,0.2,26.6,11.1,tomato vegetable juice,1.0,53.0,9.2,1.9,0.2,1.5,other,176.97387518142233,0
17.0,0.077,0.1,48.0,18.6,carrot juice,0.9,80.0,7.8,1.6,0.3,1.9,other,58.53899572649573,6
0.0,0.085,0.0,15.3,15.2,acorn dried,0.3,144.0,0.0,0.0,8.9,2.3,other,16.731659544159548,0
0.3,0.046,0.09,19.5,6.5,fenugreek seeds,3.7,36.0,0.0,2.7,0.7,2.6,other,94.13580246913581,0
0.0,0.015,0.0,13.0,4.6,peanut topping mcdonalds,0.4,181.0,1.2,0.0,15.0,7.9,other,3.8520564763658687,0
4.7,0.087,0.068,0.3,10.1,beechnuts dried,0.7,173.0,0.0,0.0,15.0,1.9,other,17.852131811669384,0
7.8,0.077,0.084,27.7,13.1,breadnut tree seeds raw,0.6,61.0,0.0,0.0,0.3,1.7,raw,54.722572509457756,0
0.2,0.015,0.073,19.6,0.9,cumin seeds,1.4,8.0,0.063,0.2,0.5,0.4,other,165.72115384615384,0
0.7,0.066,0.014,174.0,4.8,pili nuts dried,4.2,863.0,0.0,0.0,95.5,13.0,other,6.256746986758574,3
1.1,0.031,0.0,36.9,5.3,hazelnuts roasted,1.3,194.0,1.5,2.8,18.7,4.5,other,9.810776279848444,0
1.8,0.083,0.4,84.7,15.4,lupins cooked,2.0,193.0,0.0,4.6,4.8,25.8,cooked,20.920464106992604,4
0.6,0.021,0.0,42.2,4.8,hazelnuts blanched,0.9,178.0,1.0,3.1,17.3,3.9,other,7.9566407375396135,0
0.024,0.035,0.073,8.0,0.6,brazilnuts dried,0.1,33.0,0.1,0.4,3.3,0.7,other,30.144263144263146,0
0.1,0.072,0.067,5.6,1.9,sunflower seeds dry roasted,0.3,47.0,0.2,0.9,4.0,1.5,other,42.99690852882341,0
14.1,0.06,0.5,6.2,34.3,ginkgo nuts canned,0.4,172.0,0.0,14.4,2.5,3.5,other,19.39872788709998,1
0.0,0.1,1.4,99.0,38.3,peanuts cooked,1.8,572.0,4.4,15.8,39.6,24.3,cooked,7.45024206562668,2
2.5,0.024,0.013,59.3,13.8,pumpkin squash seeds dried,11.4,721.0,1.8,7.7,63.3,39.0,other,10.634209372073448,2
0.1,0.076,0.02,10.5,8.5,cashew nuts raw,1.9,156.0,1.7,0.9,12.4,5.2,raw,19.53484549638396,0
0.6,0.1,0.014,35.9,9.2,sunflower seeds dried,2.4,269.0,1.2,4.0,23.7,9.6,other,15.524735487560767,6
0.0,0.019,0.024,52.2,20.6,lotus seeds dried,1.1,106.0,0.0,0.0,0.6,4.9,other,14.034429930656344,6
3.8,0.088,0.062,63.6,14.5,butternuts dried,4.8,734.0,0.0,5.6,68.4,29.9,other,7.872097626866019,3
0.0,0.05,0.049,87.8,2.1,sesame seeds dried,1.3,52.0,0.031,1.1,4.5,1.6,other,50.9155161078238,0
2.0,0.095,0.04,10.8,8.8,breadfruit seeds,1.1,57.0,0.0,1.6,1.7,2.2,other,57.744039586144844,0
0.004,0.066,0.07,0.022,0.01,pinyon pine nuts dried,0.007,1.0,0.0,0.005,0.073,0.083,other,1654.5025641025643,0
1.1,0.018,0.086,21.6,17.7,pine nuts dried,7.5,909.0,4.8,5.0,92.3,18.5,other,5.39608661720873,3
0.023,0.015,0.035,26.3,3.0,flaxseeds,0.6,55.0,0.2,2.8,4.3,1.9,other,16.603574203574205,0
0.0,0.055,0.042,22.1,9.7,safflower seed kernels dried,1.4,146.0,0.0,0.0,10.9,4.6,other,15.909436834094368,0
6.9,0.087,0.037,129.2,33.8,pistachio nuts raw,4.8,691.0,9.4,12.7,55.8,24.9,raw,9.554528925006494,2
0.0,0.4,0.038,134.3,23.5,peanuts raw,6.7,828.0,5.8,12.4,71.9,37.7,raw,17.820409595771913,2
0.061,0.044,0.079,126.5,2.5,poppy seeds,0.9,46.0,0.3,1.7,3.7,1.6,other,56.0837978446674,0
0.0,0.4,0.094,90.5,30.5,valencia peanuts raw,3.1,832.0,0.0,12.7,69.5,36.6,raw,14.925932774490466,2
0.0,0.4,0.036,154.8,23.1,spanish peanuts,5.7,832.0,0.0,13.9,72.4,38.2,other,17.25653353057199,2
1.4,0.085,0.037,100.1,3.6,dill seeds,1.1,20.0,0.0,1.4,1.0,1.1,other,183.08333333333334,0
1.4,0.052,0.014,46.2,3.3,caraway seeds,1.1,22.0,0.038,2.5,1.0,1.3,other,110.09324009324008,0
0.0,0.06,0.0,11.6,11.5,acorn raw,0.2,110.0,0.0,0.0,6.8,1.7,raw,15.457653457653459,0
0.0,0.032,0.029,87.3,5.3,almonds roasted,1.1,182.0,1.4,3.2,16.6,6.4,other,11.443129520052596,0
0.0,0.052,0.02,12.5,4.9,lotus seeds raw,0.3,25.0,0.0,0.0,0.1,1.2,raw,62.5128205128205,0
7.6,0.099,0.046,13.0,7.9,chestnuts cooked,0.5,37.0,0.0,0.0,0.4,0.6,cooked,99.92492492492492,0
0.2,0.008,0.048,1.0,0.002,alfalfa seeds,0.034,1.0,0.058,0.015,0.075,0.1,other,248.80341880341882,0
0.0,0.061,0.018,25.8,6.0,virginia peanuts roasted,0.5,173.0,0.0,2.7,14.6,7.8,other,11.567857319302407,0
4.7,0.034,0.0,85.5,12.5,hazelnuts raw,3.5,471.0,3.3,7.3,45.6,11.2,raw,8.438129457237737,3
0.4,0.002,0.1,13.6,1.1,anise seeds,0.8,7.0,0.0,0.3,0.3,0.4,other,91.92918192918194,0
0.2,0.002,0.064,21.0,4.0,macadamia nuts roasted,0.8,215.0,1.2,2.4,22.8,2.3,other,3.1544424567680385,0
0.0,0.0,0.0,0.0,13.2,studentenfutter alnatura,0.0,139.0,11.7,0.031,7.8,3.1,other,0.0,0
0.1,0.041,0.045,4.2,1.2,pumpkin squash seeds roasted,0.6,46.0,0.1,0.5,3.9,2.4,other,30.47287253808993,0
5.0,0.011,0.097,13.6,29.7,water chestnut raw,0.034,120.0,6.0,3.7,0.1,1.7,raw,7.950498575498574,6
3.9,0.096,0.043,4.4,7.9,chestnuts roasted,0.1,37.0,1.6,0.8,0.3,0.5,other,78.992838992839,0
4.2,0.085,0.067,0.6,10.6,ginkgo nuts raw,0.3,52.0,0.0,0.0,0.5,1.2,raw,53.13362919132151,0
0.0,0.073,0.043,4.0,0.3,almonds raw,0.082,9.0,0.026,0.2,0.7,0.3,raw,211.2583095916429,0
0.2,0.051,0.069,18.3,4.6,peanuts roasted,0.5,180.0,1.3,2.8,15.8,8.4,other,9.532051282051281,0
1.9,0.3,0.8,76.4,27.6,sunflower seeds toasted,9.1,829.0,0.0,15.4,76.1,23.1,other,16.108997556524695,2
22.7,0.072,0.047,1208.4,43.1,sisymbrium seeds,0.098,235.0,0.0,0.0,3.4,9.0,other,58.17894162575015,6
1.2,0.019,0.0,76.3,15.1,pecans raw,2.8,753.0,4.3,10.5,78.4,10.0,raw,3.6531367407861426,3
0.5,0.098,0.047,178.6,11.9,chia seeds dried,2.2,138.0,0.0,9.7,8.7,4.7,other,36.968289359593705,6
7.9,0.022,0.079,9.9,12.8,japanese chestnuts roasted,0.6,57.0,0.0,0.0,0.2,0.8,other,32.232718548508025,0
0.0,0.075,0.07,79.1,2.1,sesame seeds toasted,1.2,45.0,0.0,1.1,3.8,1.4,other,70.002849002849,0
0.071,0.08,0.091,12.9,9.0,cashew nuts roasted,1.8,174.0,1.5,1.0,14.3,5.1,other,17.857009529423323,0
8.6,0.6,0.009,316.8,72.7,lupins raw,7.8,668.0,0.0,34.0,17.5,65.1,raw,26.535646655407135,7
0.1,0.093,0.017,5.3,0.6,mustard seeds ground,0.2,10.0,0.1,0.2,0.7,0.5,other,248.7991452991453,0
0.1,0.008,0.1,21.0,7.6,mixed nuts roasted,1.1,178.0,1.4,2.7,15.4,5.2,other,5.526745414385864,0
0.0,0.0,0.0,0.0,2.4,salat mix alestro,0.0,61.0,0.0,0.0,5.2,0.0,other,0.0,0
62.4,0.03,0.02,39.2,66.0,chestnuts raw,1.5,309.0,0.0,11.7,3.3,3.5,raw,28.537880673803006,1
0.3,0.2,0.008,0.054,8.5,pistachio nuts roasted,0.4,172.0,2.3,3.1,13.7,6.3,other,30.55797058238919,0
0.037,0.004,0.041,4.9,0.7,walnut,0.1,33.0,0.1,0.3,3.3,0.8,other,5.98057498057498,0
1.1,0.05,0.068,114.9,2.7,celery seeds,2.9,25.0,0.078,0.8,1.6,1.2,other,154.6871794871795,0
2.4,0.042,0.053,73.2,21.9,hickorynuts dried,2.5,788.0,0.0,7.7,77.2,15.3,other,4.148010759685887,3
0.0,0.2,0.6,147.0,25.7,spanish peanuts roasted,3.4,851.0,0.0,13.1,72.1,41.2,other,9.423805075978988,2
0.0,0.092,0.048,7.6,22.6,woca seeds dried,0.4,102.0,0.1,5.4,0.3,2.2,other,25.300821183174126,6
0.2,0.053,0.062,20.1,3.9,pecans roasted,0.7,215.0,1.2,2.9,22.6,2.8,other,8.79407672430928,0
0.4,0.0,0.097,23.9,1.0,fennel seeds,0.4,7.0,0.0,0.8,0.3,0.3,other,64.35897435897436,0
10.9,0.1,0.052,5.4,14.8,chinese chestnuts roasted,0.4,68.0,0.0,0.0,0.3,1.3,other,58.45399698340875,0
0.0,0.038,0.1,58.3,16.5,watermelon seed kernels dried,7.9,602.0,0.0,0.0,51.2,30.6,other,9.613538915864495,3
0.062,0.061,0.011,4.5,0.7,macadamia nuts raw,0.2,38.0,0.2,0.5,4.0,0.4,raw,44.14777327935223,0
0.0,0.025,0.1,3.5,45.2,pectin,1.4,163.0,0.0,4.3,0.2,0.2,other,8.771170887735305,6
0.032,0.083,0.028,3.1,0.5,black walnut dried,0.2,31.0,0.018,0.3,3.0,1.2,other,71.4036393713813,0
1.8,0.016,0.011,5.6,17.2,water chestnut canned,1.2,70.0,3.4,3.5,0.015,1.2,other,18.710622710622708,6
8.3,0.054,0.045,5.7,20.5,ginkgo nuts dried,0.5,98.0,0.0,0.0,0.6,2.9,other,26.467817896389324,6
0.0,0.3,0.008,129.9,24.1,virginia peanuts raw,3.7,822.0,5.8,12.4,71.2,36.8,raw,12.840372657890905,2
0.0,0.003,0.004,16.2,4.9,valencia peanuts roasted,0.5,177.0,0.0,2.7,15.4,8.1,other,2.6971365106958327,0
0.0,0.0,0.0,0.0,0.0,nesfit diet cereal nestle,0.0,75.0,0.0,0.0,0.0,0.0,other,0.0,0
0.0,0.002,0.6,2.6,37.9,corn grits cooked,1.5,182.0,0.3,2.1,1.2,4.4,cooked,4.963369963369963,6
1.0,0.025,0.067,6.5,27.0,amaranth flakes,0.7,134.0,0.2,3.6,2.7,5.9,other,8.768656716417912,6
0.7,0.017,0.01,45.6,32.3,granola,2.4,293.0,11.9,5.3,14.6,8.2,other,7.463755433038709,6
0.0,177.6,0.1,25.8,45.7,muesli with fruit nuts,5.9,231.0,14.2,5.8,3.4,4.3,other,58.338698338698336,1
0.0,0.0,0.0,0.0,4.5,muesli master crumble,0.0,124.0,0.042,0.0,2.4,2.4,other,0.0,0
0.7,0.5,0.2,0.025,32.2,bran flakes,0.3,131.0,7.4,7.3,0.8,4.0,other,78.20333398577674,6
10.7,0.3,0.3,75.6,46.2,nut cereal,10.3,245.0,17.2,3.6,5.9,4.0,other,61.1944880516309,1
0.5,1.3,0.2,0.0,24.6,corn flakes,0.083,108.0,2.2,0.8,0.3,1.7,other,93.53395061728395,6
0.0,0.08,0.054,0.4,7.7,corn grits dry,0.3,36.0,0.008,0.4,0.2,0.7,other,60.27065527065527,0
0.004,0.064,0.016,0.008,0.8,cream cheese,0.082,51.0,0.5,0.0,5.0,0.9,other,32.27571644042232,0
0.0,0.079,0.3,99.5,3.1,neufchatel cheese,0.1,215.0,2.7,0.0,19.4,7.8,other,13.004372888093819,0
0.0,0.0,0.0,0.0,0.9,requeijao cremoso light catupiry,0.0,49.0,3.4,0.1,3.6,0.8,other,0.0,0
0.006,0.079,0.017,0.097,1.5,ricotta cheese,0.097,30.0,0.091,0.0,2.0,1.5,other,67.67672364672363,0
0.0,0.062,0.046,22.2,1.2,cream cheese low fat,0.008,30.0,0.9,0.0,2.3,1.2,other,57.50712250712251,0
0.0,0.089,0.1,63.2,1.4,cream cheese fat free,0.053,19.0,1.0,0.0,0.2,2.8,other,144.24201529464688,0
0.0,0.072,0.2,283.1,0.1,gruyere cheese,0.094,116.0,0.1,0.0,9.1,8.3,other,34.74064249926319,0
0.0,0.005,0.2,198.8,0.9,cheddar cheese,0.077,113.0,0.1,0.0,9.3,6.4,other,15.01777475228803,0
0.0,0.099,0.2,213.1,0.6,parmesan cheese,0.1,71.0,0.046,0.0,4.5,6.4,other,58.72938485614543,0
0.0,0.026,0.008,53.2,0.2,romano cheese,0.03,19.0,0.088,0.0,1.3,1.6,other,56.62618083670715,0
0.007,0.015,0.043,0.012,0.7,parmesan cheese grated,0.094,21.0,0.075,0.0,1.4,1.4,other,20.385347985347988,0
0.0,0.035,0.7,858.0,0.8,port salut cheese,0.6,465.0,0.8,0.0,37.2,31.4,other,16.7921146953405,4
0.0,0.027,0.057,222.5,0.4,swiss cheese,0.024,98.0,0.0,0.0,7.7,6.7,other,24.48848770277342,0
0.0,0.035,0.076,253.3,0.6,goat cheese hard,0.5,128.0,0.6,0.0,10.1,8.6,other,24.22843215811966,0
0.0,0.042,0.2,196.0,0.6,gouda cheese,0.06,100.0,0.6,0.0,7.7,7.0,other,25.91025641025641,0
0.0,0.0,0.0,0.0,0.0,pepper jack cheese lucerne,0.0,75.0,0.0,2.5,6.0,5.0,other,0.0,0
0.0,0.066,0.2,190.5,0.9,caraway cheese,0.2,106.0,0.0,0.0,8.3,7.1,other,30.43863892920497,0
0.0,0.076,1.4,908.0,96.8,gjetost cheese,1.2,1058.0,0.0,0.0,67.0,21.9,other,9.02767679705298,2
0.0,0.072,0.3,280.0,0.8,tilsit cheese,0.01,136.0,0.0,0.0,10.4,9.8,other,29.11324786324786,0
0.0,0.011,0.1,84.3,0.009,goat cheese,0.5,103.0,0.031,0.0,8.4,6.1,other,11.66251763339142,0
0.0,0.059,0.2,202.2,0.8,brick cheese,0.1,111.0,0.2,0.0,8.9,7.0,other,27.801262801262798,0
0.0,0.005,0.7,746.9,3.2,asadero cheese,0.6,402.0,3.2,0.0,31.9,25.5,other,15.432134200790918,4
0.0,0.043,0.3,116.4,0.1,camembert cheese,0.063,90.0,0.1,0.0,7.3,5.9,other,22.28205128205128,0
0.0,0.063,1.0,854.3,4.0,provolone cheese reduced fat,0.6,310.0,0.6,0.0,19.9,27.9,other,27.354425144747722,4
0.0,0.037,1.5,562.7,1.7,roquefort cheese,0.5,314.0,0.0,0.0,26.0,18.3,other,17.615411835157058,4
0.0,0.0,0.8,814.2,3.0,queso blanco cheese,0.2,366.0,2.1,0.0,28.7,24.0,other,17.415814301060202,4
0.0,0.0,1.8,641.2,2.0,queso seco cheese,0.2,315.0,0.5,0.0,23.6,23.8,other,16.01085334418668,4
0.0,0.037,0.1,39.6,0.0,goat cheese soft,0.5,75.0,0.3,0.0,6.0,5.2,other,20.098575498575492,0
0.0,0.088,0.1,151.5,0.7,mozzarella cheese,0.1,90.0,0.0,0.0,6.6,6.7,other,38.01044634377967,0
0.0,0.031,0.8,859.3,7.3,chihuahua cheese,0.6,494.0,7.3,0.0,39.2,28.5,other,15.624156545209175,4
0.0,0.095,0.2,149.1,0.1,limburger cheese,0.011,98.0,0.1,0.0,8.2,6.0,other,36.000348857491716,0
0.0,0.009,0.8,946.4,1.5,muenster cheese,0.5,486.0,1.5,0.0,39.7,30.9,other,16.01394604481024,4
0.0,0.029,0.9,690.5,3.6,queso fresco cheese,0.2,365.0,2.8,0.0,29.1,22.1,other,16.84287554150568,4
0.0,0.025,0.2,55.2,0.1,brie cheese,0.2,100.0,0.1,0.0,8.3,6.2,other,11.607264957264956,0
3.2,0.043,2.0,859.6,2.4,pimento cheese,0.6,525.0,0.9,0.1,43.7,31.0,other,15.954660154660155,4
0.0,0.027,0.9,1283.5,3.8,mexican cheese,0.1,316.0,0.6,0.0,21.7,27.7,other,33.55579898301417,4
0.0,0.021,0.3,147.9,1.2,feta cheese,0.2,80.0,0.0,0.0,6.4,4.3,other,22.172542735042736,0
0.0,0.011,0.8,1085.9,4.0,mozzarella cheese fat free,0.4,159.0,1.7,2.0,0.0,35.8,other,55.662258775466334,4
0.0,0.017,1.2,997.9,2.8,provolone cheese,0.7,463.0,0.7,0.0,35.1,33.8,other,18.337025345664653,4
0.0,0.081,1.5,897.6,6.1,anejo cheese,0.6,492.0,6.1,0.0,39.6,28.3,other,18.827131540546173,4
0.1,0.022,0.011,1.3,17.3,honey,0.017,64.0,17.2,0.025,0.0,0.08,other,9.071180555555552,0
0.1,0.02,0.003,2.8,8.5,apple butter,0.025,35.0,7.1,0.3,0.063,0.045,other,15.615384615384617,0
1.8,0.076,0.052,4.0,13.8,fruit jam,0.07,56.0,9.7,0.2,0.095,0.0,other,38.74389499389498,0
0.0,0.02,0.099,20.0,11.5,chocolate hazelnut spread,0.8,100.0,10.0,1.0,5.5,1.0,other,10.982905982905983,0
0.078,0.081,0.085,0.0,3.6,peanut butter,0.079,88.0,1.0,0.9,7.4,3.3,other,23.608585858585858,0
0.0,0.079,0.028,11.2,2.2,peanut spread,0.4,101.0,0.5,1.2,8.5,3.8,other,22.607683845307605,0
0.0,0.048,0.4,9.0,2.3,chicken spread,0.5,88.0,0.3,0.2,9.8,10.1,other,17.579642579642577,0
0.0,0.027,1.2,170.4,8.4,cheese spread,2.7,708.0,8.4,0.0,68.6,17.0,other,4.9234028683181235,3
0.0,0.034,0.098,63.0,3.9,tahini,0.4,86.0,0.0,1.4,7.2,2.7,other,18.10276287020473,0
1.0,0.06,0.016,7.6,13.3,orange marmalade,0.053,49.0,12.0,0.1,0.0,0.014,other,34.67381824524682,0
0.0,0.066,0.3,89.9,1.4,american cheese spread,0.079,46.0,1.2,0.0,3.4,2.6,other,51.857116313638066,0
1.8,0.017,0.004,4.0,12.9,apricot jam,0.066,48.0,8.7,0.044,0.01,0.1,other,14.425747863247862,0
0.0,0.094,0.03,7.2,3.5,chunky peanut butter,0.3,94.0,1.3,1.3,8.0,3.8,other,27.362247681396624,0
0.0,0.094,0.2,32.6,0.3,ham and cheese spread,0.1,37.0,0.0,0.0,2.8,2.4,other,71.7925617925618,0
0.0,0.0,0.0,0.0,2.4,chicken and rice casserole homade,0.0,27.0,0.0,0.3,1.0,2.0,other,0.0,0
0.0,0.005,0.3,13.2,1.3,picnic loaf,0.3,65.0,0.0,0.0,4.7,4.2,other,6.04930966469428,0
0.0,0.0,0.5,39.8,44.3,corn tamale,0.9,309.0,12.3,5.3,12.0,5.8,other,2.60891212347523,1
28.7,0.011,1.0,308.0,44.4,baked potato with cheese sauce bacon,3.1,451.0,0.0,0.0,25.9,18.4,other,16.7524210207137,1
0.0,0.0,0.4,35.6,24.3,chinese egg roll,1.3,223.0,0.0,2.3,10.6,7.4,other,4.466674332145184,6
0.1,0.021,0.2,21.1,26.1,butter croissant,1.2,231.0,6.4,1.5,12.0,4.7,other,5.909460909460909,6
1.3,0.075,1.3,228.5,30.5,enchilada with cheese beef,3.1,323.0,0.0,0.0,17.6,11.9,other,17.025879177581967,6
2.1,0.013,1.0,44.8,21.9,corned beef hash with potatoes,2.4,387.0,0.8,2.6,24.2,20.6,other,5.778506592460081,6
0.0,0.097,1.2,149.4,35.4,biscuit with egg cheese bacon,2.3,436.0,2.5,0.3,25.3,17.4,other,11.128459970203089,1
0.0,0.1,1.3,185.3,52.4,bagel with ham egg cheese,4.1,483.0,7.0,0.4,18.5,26.7,other,12.84298632124719,1
0.2,0.073,1.3,484.2,43.3,quesadilla with chicken,3.2,529.0,3.4,3.1,27.5,27.1,other,13.893412825359896,1
11.2,0.0,0.2,2.9,25.2,corn rice,9.9,110.0,3.0,0.4,0.3,1.8,other,61.51592851592852,6
42.9,0.0,2.4,120.8,41.5,kung pao chicken,4.6,779.0,18.3,9.1,42.2,59.0,other,10.592365842686768,2
0.0,0.0,0.4,17.8,27.8,beef empanada,2.4,298.0,1.6,1.8,16.3,10.1,other,4.9337463431423165,6
1.5,0.1,0.9,188.7,28.7,frijoles with cheese,2.2,225.0,0.0,0.0,7.8,11.4,other,23.735232668566002,6
0.1,0.4,0.5,0.042,43.9,burrito with beef,0.2,285.0,4.1,4.4,8.1,9.1,other,35.5177028040186,1
0.0,0.0,0.7,46.6,33.2,crispy chicken sandwich,1.9,350.0,3.9,0.0,17.6,14.8,other,4.04004884004884,6
0.2,0.081,0.7,0.0,21.2,enchilada with cheese,0.2,374.0,3.6,2.6,25.3,15.4,other,5.770944741532976,6
24.9,0.019,0.3,28.9,25.1,pork egg roll,1.3,189.0,4.5,1.8,6.1,8.4,other,22.149188260299372,6
6.9,0.045,0.056,4.4,31.9,corn on the cob with butter,0.9,155.0,0.0,0.0,3.4,4.5,other,15.64846980976013,6
1.7,0.082,0.6,63.8,45.4,pancakes with butter syrup,1.3,260.0,0.0,0.0,7.0,4.1,other,13.276462853385931,6
1.0,0.067,0.5,56.4,35.7,burrito with beans,2.3,224.0,0.0,0.0,6.7,7.0,other,15.614888583638582,6
1.6,0.045,0.1,26.8,1.0,scrambled eggs,1.2,100.0,0.8,0.0,7.6,6.5,other,21.755982905982904,0
33.8,0.086,0.2,105.7,50.0,baked potato with sour cream,3.1,393.0,0.0,0.0,22.3,6.7,other,21.478001783345295,1
0.0,0.058,1.3,33.6,11.1,turkey and gravy,2.2,161.0,0.0,0.0,6.3,14.1,other,18.203004724743856,0
9.0,0.013,0.4,37.6,22.8,chicken egg roll,1.4,158.0,4.5,1.9,3.6,8.4,other,15.13929460131992,6
10.7,0.04,0.4,35.9,25.0,vegetable egg roll,1.5,153.0,5.3,2.2,3.6,5.2,other,21.55801351879783,6
0.0,0.004,0.3,16.2,1.1,ham cheese roll,0.3,67.0,0.0,0.0,5.2,3.8,other,5.8400306161500195,0
0.1,0.003,1.1,160.5,43.8,biscuit with ham,2.7,386.0,2.2,0.8,18.4,13.4,other,7.307581595146361,1
19.4,0.1,0.6,120.5,49.5,hummus,3.8,435.0,0.7,9.8,21.1,12.0,other,17.686413203654585,1
0.1,0.096,0.6,243.8,24.3,croissant with egg cheese,2.2,368.0,0.0,0.0,24.7,12.8,other,14.969342251950948,6
4.6,0.028,1.3,218.1,33.8,enchirito with cheese beef beans,2.4,344.0,0.0,0.0,16.1,17.9,other,12.273653349234744,6
0.3,0.0,0.003,6.4,3.3,sweet sour pork,0.4,38.0,1.4,0.1,2.2,1.2,other,8.020692757534862,0
0.2,0.07,0.5,202.2,5.1,crab cake,1.1,160.0,0.0,0.2,10.4,11.3,other,24.61698717948718,0
0.0,0.096,0.2,20.7,18.2,egg dinner roll,1.2,107.0,1.5,1.3,2.2,3.3,other,30.14857416726575,6
0.0,0.001,0.8,277.2,28.8,english muffin with egg cheese sausage,4.3,472.0,2.5,0.3,29.9,22.1,other,9.631772417789367,1
0.2,0.009,0.2,59.7,10.9,buttermilk pancakes,0.6,86.0,0.0,0.0,3.5,2.6,other,12.090538660306104,0
0.003,0.006,0.013,0.05,0.4,omelet,0.07,94.0,0.2,0.0,7.1,6.4,other,2.017094017094017,0
0.2,0.029,0.6,119.6,19.3,taco with chicken cheese lettuce,1.6,185.0,1.3,1.2,6.2,13.0,other,13.816816816816816,6
9.9,0.025,0.8,224.4,8.0,spinach souffle,1.6,230.0,2.5,1.0,17.6,10.7,other,18.869751021924934,0
0.0,0.046,0.7,226.8,27.3,english muffin with cheese sausage,3.4,365.0,2.1,0.5,22.3,14.3,other,13.105491160285682,6
24.3,0.053,1.1,291.6,27.6,potato gratin,1.6,328.0,0.0,4.4,18.6,12.4,other,21.82001771940796,6
0.1,0.1,1.2,149.4,35.4,biscuit with egg,2.3,436.0,2.5,0.3,25.3,17.4,other,11.32596251862307,1
0.3,0.1,0.1,0.075,29.4,french fries deep fried,0.038,222.0,0.2,2.7,10.5,2.4,other,11.50910525910526,6
0.4,0.0,0.043,8.2,4.4,sweet sour chicken,0.4,46.0,2.1,0.2,2.3,1.8,other,7.168338907469342,0
4.6,0.2,1.4,216.9,47.0,burrito with beans beef,4.6,460.0,5.3,7.2,18.0,27.8,other,21.16332218506132,1
8.0,0.059,0.4,85.0,63.4,nachos with cinnamon sugar,2.9,592.0,0.0,0.0,36.0,7.2,other,7.818996881496881,1
0.0,0.0,0.7,9.2,35.4,arroz con grandules,0.3,209.0,0.0,1.6,5.7,4.0,other,1.1360569255306097,6
0.3,0.049,1.1,0.063,33.1,chili con carne,0.6,271.0,4.7,8.3,8.8,14.7,other,5.875096981739049,1
0.0,0.0,0.6,23.6,37.3,arroz con abichuelas,1.9,223.0,0.2,4.1,5.4,6.2,other,5.547506803112184,6
0.0,0.078,0.9,52.2,33.3,biscuit with sausage,2.1,412.0,1.8,0.4,27.1,10.7,other,8.539332835449338,1
0.0,0.3,1.0,76.6,17.3,vegetarian stew,3.2,304.0,3.1,2.7,7.4,42.0,other,32.45726495726496,4
3.0,0.1,1.2,257.6,41.6,chicken sandwich with cheese,3.6,632.0,0.0,0.0,38.8,29.4,other,10.783024991885751,2
0.1,0.018,0.9,137.6,21.3,biscuit with egg steak,5.3,410.0,0.0,0.0,28.4,17.9,other,10.8878465707734,4
2.7,0.072,0.6,145.5,17.9,taco salad,1.7,212.0,0.0,0.0,11.2,10.0,other,19.63997742299629,6
15.7,0.053,0.5,32.6,46.8,succotash,2.9,213.0,0.0,0.0,1.5,9.7,other,23.151759560210266,6
1.0,0.044,1.7,620.2,60.1,nachos with cheese jalapeno peppers,2.4,608.0,0.0,0.0,34.1,16.8,other,12.031601439496177,1
0.0,0.058,1.4,220.8,31.4,biscuit with egg ham,4.6,442.0,4.2,0.8,27.0,20.4,other,12.90501604981243,1
1.0,0.078,0.016,13.3,16.9,ladyfingers,1.0,103.0,7.2,0.3,2.6,3.0,other,26.397809310430663,0
0.0,0.097,0.2,107.9,7.7,mozzarella steak fried,0.2,102.0,0.7,0.6,5.9,4.6,other,33.00108932461874,0
3.2,0.069,0.8,53.9,33.7,tamale navajo,2.3,285.0,1.8,5.8,11.4,11.7,other,13.238416554206028,1
0.8,0.093,0.2,78.3,11.0,blueberry pancakes,0.7,84.0,0.0,0.0,3.5,2.3,other,40.536731786731785,0
2.7,0.052,1.0,237.9,39.3,chimichanga with beef cheese,3.8,443.0,0.0,0.0,23.4,20.1,other,12.50815149235014,1
1.5,0.021,0.8,224.8,25.9,egg cheese sandwich,3.0,340.0,0.0,0.0,19.4,15.6,other,12.022247360482655,6
2.7,0.038,1.3,189.0,28.6,biscuit with egg bacon,3.7,458.0,3.3,0.8,31.1,17.0,other,10.391706789086701,1
0.0,0.0,0.5,380.3,26.2,pupusas con queso,0.7,300.0,1.4,3.4,15.5,13.7,other,11.047578347578346,6
0.3,0.022,0.2,17.1,21.1,apple croissant,0.6,145.0,0.0,1.4,5.0,4.2,other,7.229000884173297,6
0.0,0.094,0.9,76.9,36.0,refried red beans,4.5,336.0,0.0,11.0,16.1,11.7,other,16.195054945054945,1
1.8,0.004,0.4,211.4,16.0,tostada with guacamole,0.8,180.0,0.0,0.0,11.6,6.2,other,13.169990503323836,0
0.7,0.4,1.4,0.012,39.1,chicken sandwich,0.2,468.0,6.8,2.6,20.9,30.4,other,21.771327343122213,1
0.0,0.076,0.6,19.6,43.4,fried rice,1.0,228.0,0.6,1.5,3.2,6.5,other,11.431249062828009,6
0.0,0.0,0.5,59.8,28.1,pupusas del cerdo,1.2,283.0,1.8,3.2,12.7,14.0,other,3.9811542991755005,6
0.0,0.0,1.4,0.0,70.3,turkey pot pie,4.0,699.0,0.0,4.4,34.9,25.8,other,3.1791448100460973,2
0.2,0.025,0.3,42.4,37.6,cheese croissant,1.7,331.0,9.1,2.1,16.7,7.4,other,5.794019676194903,1
4.7,0.068,0.9,62.6,42.8,chimichanga with beef,4.5,425.0,0.0,0.0,19.7,19.6,other,12.244142785319257,1
0.004,0.083,0.3,36.5,18.0,french toast with butter,0.9,178.0,0.0,0.0,9.4,5.2,other,16.046144242773455,6
2.7,0.042,1.0,211.6,30.9,ham egg cheese sandwich,3.1,347.0,0.0,0.0,16.3,19.2,other,13.544422276410748,6
0.8,0.098,0.4,102.7,30.4,english muffin with butter,1.6,189.0,0.0,0.0,5.8,4.9,other,22.31628453850676,6
0.0,0.0,0.0,0.0,5.5,savoury noodle one pan dinner tandaco,0.0,172.0,0.0,0.0,1.2,0.0,other,0.0,0
2.8,0.07,0.8,129.9,33.3,ham cheese sandwich,3.2,352.0,0.0,0.0,15.5,20.7,other,13.744658119658121,6
0.3,0.064,0.2,9.7,3.1,sweet gefilte fish,1.0,35.0,0.0,0.0,0.7,3.8,other,64.67155067155066,0
0.0,0.051,0.1,28.0,0.4,poached egg,0.9,72.0,0.2,0.0,4.7,6.3,other,27.64423076923077,0
2.6,0.076,0.9,216.8,22.8,tostada with beef cheese,2.9,315.0,0.0,0.0,16.3,19.0,other,17.35775335775336,6
1.3,0.05,0.5,210.2,26.5,tostada with beans cheese,1.9,223.0,0.0,0.0,9.9,9.6,other,18.23732321490169,6
0.0,0.0,0.7,106.5,22.4,pork tamale,1.2,247.0,0.7,3.4,12.8,10.4,other,6.015779092702169,6
0.2,0.065,0.3,0.05,27.9,nachos with cheese,0.029,274.0,1.7,2.6,17.2,3.5,other,6.071963316488864,6
0.5,0.042,1.7,109.6,46.7,pulled pork in barbecue sauce,3.1,418.0,37.8,3.0,11.0,32.8,other,8.78194904510694,1
26.0,0.078,0.4,310.8,46.5,baked potato with cheese sauce,3.0,474.0,0.0,0.0,28.7,14.6,other,18.768617692668325,1
0.2,0.3,0.8,0.0,43.3,baked beans,0.3,310.0,0.0,11.0,10.3,11.1,other,24.802867383512545,1
0.0,0.0,0.6,54.0,35.6,arroz con frijoles,2.3,220.0,1.3,5.0,5.6,6.8,other,7.696192696192697,6
0.3,0.025,0.3,61.4,13.7,taco with beef cheese lettuce,0.8,156.0,0.6,2.7,8.8,6.1,other,10.096701731317117,6
2.5,0.034,0.5,65.0,19.8,burrito with beans cheese beef,1.9,165.0,0.0,0.0,6.6,7.3,other,16.262626262626263,6
0.034,0.091,0.012,0.078,0.098,egg mix,0.055,30.0,0.091,0.0,2.2,2.4,other,76.99777777777777,0
0.01,0.006,0.081,0.0,5.4,falafel,0.002,57.0,0.0,0.0,3.0,2.3,other,2.6705653021442495,0
2.3,0.067,0.6,163.6,17.7,taco salad with chili con carne,1.8,193.0,0.0,0.0,8.8,11.6,other,21.70475178247199,6
0.0,0.082,0.2,15.0,18.5,wonton wrappers,1.1,93.0,0.0,0.6,0.5,3.1,other,29.85479275801856,6
0.3,0.1,1.0,422.6,69.9,hushpuppies,4.6,512.0,3.1,4.3,20.5,11.7,other,16.288394764957264,1
3.0,0.1,1.2,63.4,57.3,chicken pot pie,1.8,598.0,7.2,3.0,34.6,14.6,other,7.2257953863305024,1
0.7,0.2,1.0,229.4,57.8,burrito with beans cheese,4.4,379.0,3.2,7.8,11.2,13.6,other,24.50352930564012,1
0.0,0.026,0.4,80.8,7.7,vegetarian fillets,1.7,247.0,0.7,5.2,15.3,19.6,other,8.971590712481401,4
0.0,0.035,1.1,82.6,34.1,biscuit with egg sausage,3.1,505.0,1.5,0.3,33.6,18.0,other,6.401201658627402,1
12.1,0.0,1.9,126.8,50.1,chicken chow mein,4.0,513.0,10.5,6.0,16.9,40.8,other,8.85390113460289,1
0.7,0.029,0.2,15.5,35.0,fruit burrito,1.1,231.0,0.0,0.0,9.5,2.5,other,6.636881636881636,6
0.0,0.0,0.3,227.7,63.0,arroz con leche,0.6,369.0,38.6,1.3,9.3,8.1,other,5.65005906469321,1
0.0,0.036,0.2,254.0,69.7,caramel custard flan,1.2,444.0,70.8,0.0,12.3,13.9,other,7.929082929082927,1
0.0,0.064,0.2,8.1,38.3,gelatin dessert,0.094,167.0,36.4,0.0,0.0,3.3,other,10.266646194789907,6
1.0,0.013,0.1,211.0,51.6,chocolate milk dessert,0.02,229.0,51.6,0.0,1.4,5.9,other,9.040607621393647,1
0.2,0.03,0.081,144.0,24.1,chocolate mousse,0.8,338.0,22.2,0.9,24.0,6.2,other,6.876801699286907,6
0.5,0.044,0.036,47.7,10.5,dulce de leche,0.001,60.0,9.5,0.0,1.4,1.3,other,25.383903133903136,0
6.2,0.039,1.0,98.7,87.0,apple crisp,2.3,454.0,55.5,3.9,9.7,4.9,other,8.15175646673444,1
0.0,0.086,0.061,42.0,36.6,spinach spaghetti cooked,1.5,182.0,0.0,0.0,0.9,6.4,cooked,18.16708932093547,6
0.0,0.015,0.0,1.4,39.1,corn pasta cooked,0.4,176.0,0.0,6.7,1.0,3.7,cooked,3.454496891996892,6
15.3,0.1,0.7,50.9,43.1,spaghetti with meat sauce,3.5,255.0,7.4,5.1,2.9,14.3,other,25.631305513658457,1
7.7,0.089,0.7,30.6,28.3,pasta with meatballs in tomato sauce,3.3,273.0,7.2,6.9,13.0,10.6,other,18.86180770796155,6
0.0,0.051,0.4,164.2,50.8,cheese tortellini,1.6,332.0,1.0,2.1,7.8,14.6,other,10.322186180619914,1
9.6,0.1,0.7,151.2,32.0,pasta with sliced franks in tomato sauce,2.3,227.0,8.0,4.0,6.0,11.0,other,26.464851839301172,6
0.2,0.096,0.5,0.08,18.9,lasagna,0.1,166.0,3.8,2.1,6.1,9.0,other,14.930079291525075,6
0.056,0.3,0.9,0.0,43.7,macaroni cheese,0.1,310.0,3.0,2.3,9.4,12.6,other,24.392831541218634,1
2.5,0.012,1.0,340.5,32.2,vegetable lasagna,1.2,316.0,5.8,4.3,13.7,15.6,other,12.226820296440549,1
0.0,0.1,0.068,30.4,38.8,spinach egg noodles cooked,1.7,211.0,1.1,3.7,2.5,8.1,cooked,17.432656863936483,6
41.6,0.036,0.7,269.7,33.6,cheese lasagna,3.1,316.0,10.3,4.1,13.0,15.9,other,29.49069566158174,1
0.1,0.1,1.0,0.083,35.1,pasta with tomato sauce,0.1,176.0,10.1,2.3,1.8,5.6,other,14.586960955710957,6
0.0,0.041,0.004,5.1,7.1,spinach pasta cooked,0.3,37.0,0.0,0.0,0.3,1.4,cooked,33.26749826749827,0
5.5,0.09,0.075,26.5,21.1,vegetable chicken soup,1.5,166.0,3.4,1.0,4.8,12.3,other,23.483678302955408,6
2.7,0.099,0.5,93.1,33.5,bean ham soup,2.5,198.0,7.8,9.8,2.5,10.3,other,24.646680480013817,6
0.3,0.027,1.8,35.3,18.0,cream of chicken soup,2.7,227.0,1.4,0.0,14.5,6.0,other,10.924545351858129,6
15.9,0.097,0.5,173.9,22.6,tomato soup canned,1.4,139.0,16.5,1.5,3.3,6.3,other,45.375084547746425,6
15.7,0.021,0.9,16.9,10.3,egg drop soup,0.6,65.0,0.2,1.0,1.5,2.8,other,42.04273504273504,0
2.1,0.085,2.1,35.8,23.0,scotch broth,2.0,197.0,0.0,3.0,6.4,12.1,other,19.009284567660202,6
3.1,0.049,1.9,82.4,31.7,cream of onion soup,1.5,268.0,11.1,1.2,12.8,6.7,other,11.330686312029597,6
0.07,0.062,1.2,9.1,1.1,chicken broth dry,0.059,10.0,0.0,0.0,0.2,0.7,other,166.05555555555557,0
4.7,0.008,1.3,34.4,26.3,vegetable soup with beef broth,1.9,162.0,4.0,3.2,3.8,6.0,other,12.607365199957792,6
4.4,0.018,1.3,120.3,30.5,chili with beans canned,8.8,287.0,3.0,11.3,14.1,14.6,other,23.5301825545728,1
0.8,0.017,1.6,30.0,17.9,beef noodle soup,2.2,168.0,5.2,1.5,6.2,9.6,other,11.707621082621083,6
0.2,0.048,0.8,12.5,1.9,consomme dry,0.2,17.0,1.1,0.0,0.2,2.2,other,84.08748114630467,0
0.0,0.065,0.8,29.0,15.1,chicken mushroom soup,0.9,126.0,1.0,4.0,6.1,2.0,other,18.635531135531135,6
9.0,0.085,0.8,45.0,15.4,beef vegetable soup,1.3,120.0,3.1,3.0,2.9,8.0,other,34.94480056980056,6
0.5,0.2,2.5,90.0,39.6,black bean soup,3.9,234.0,6.4,17.5,3.4,12.4,other,33.822777412521006,1
0.0,0.0,1.0,0.0,28.6,split pea soup with ham bacon,2.1,189.0,0.0,4.1,3.1,11.6,other,6.172839506172839,6
0.0,0.008,1.7,30.2,17.1,cream of mushroom soup,0.5,199.0,1.0,1.8,13.4,3.4,other,3.5682686938968344,6
3.3,0.072,1.7,53.8,51.7,green pea soup,3.8,320.0,16.7,10.0,5.7,16.7,other,14.661324786324787,1
0.0,0.092,1.6,15.1,1.9,chicken broth soup,1.0,78.0,0.9,0.0,2.6,11.1,other,38.098838483453875,0
10.8,0.0,1.8,0.0,38.3,chicken mushroom chowder soup,2.6,431.0,0.0,7.5,23.7,16.2,other,6.135601959267854,1
0.0,0.027,1.8,35.8,14.7,chicken dumplings soup,1.5,235.0,1.4,1.2,13.4,13.6,other,7.590289143480631,6
1.9,0.093,1.7,33.9,17.0,chicken vegetable soup,1.7,148.0,3.0,1.7,5.6,7.1,other,25.27922152922153,6
0.0,0.076,0.9,16.9,8.6,turkey vegetable soup,0.8,72.0,2.6,0.5,3.0,3.1,other,34.36728395061728,0
1.6,0.06,0.9,11.2,11.7,wonton soup,0.5,71.0,0.8,0.4,0.6,4.6,other,28.756470446611292,0
0.0,0.038,0.5,19.2,2.9,beef stock,0.6,31.0,1.3,0.0,0.2,4.7,other,46.16211745244003,0
0.0,0.077,1.7,30.5,29.3,mushroom barley soup,1.2,186.0,0.0,0.0,5.5,4.6,other,15.195064791838982,6
10.7,0.012,1.1,36.9,6.6,gazpacho soup,1.5,70.0,2.2,0.7,0.4,10.7,other,37.22954822954823,0
0.0,0.044,2.2,12.2,15.9,beef mushroom soup,2.1,186.0,0.0,0.6,7.3,14.0,other,12.690929142542046,6
3.8,0.074,0.9,33.6,13.0,chicken rice soup,1.9,127.0,1.4,1.0,3.2,12.3,other,28.238104852278077,0
1.2,0.02,0.9,26.7,9.1,pepperpot soup,0.9,100.0,0.0,0.5,4.5,6.2,other,13.387179487179488,0
3.0,0.051,1.3,42.8,24.6,vegetable soup,2.2,149.0,7.9,1.3,4.0,4.3,other,21.20661962943842,6
0.3,0.1,2.1,0.072,49.6,chili beef soup,0.8,308.0,13.4,6.6,6.7,13.4,other,9.669907869907869,1
1.2,0.072,0.9,24.5,16.9,chicken soup,1.7,174.0,2.1,1.5,6.5,12.4,other,17.622065035858135,6
1.0,0.038,1.1,87.5,22.0,bean with frankfurters soup,2.4,188.0,0.0,0.0,7.0,10.0,other,16.31660301873068,6
1.6,0.008,0.015,31.1,25.6,pea soup,1.9,161.0,8.3,4.9,2.8,8.3,other,10.38859691033604,6
6.4,0.014,0.9,49.6,14.1,turkey soup,1.9,135.0,0.0,0.0,4.4,10.2,other,18.50522317188984,0
4.1,0.092,2.1,43.9,23.1,stockpot soup,1.8,201.0,0.0,0.0,7.8,9.8,other,20.364417230088872,6
0.0,0.021,0.9,44.3,10.1,hot sour soup,1.5,91.0,1.0,1.2,2.8,6.0,other,18.671456748379825,0
0.0,0.055,1.7,89.3,28.0,cheese soup,0.4,203.0,9.3,5.5,9.7,2.0,other,11.251947286430045,6
0.5,0.067,1.5,42.8,32.2,cream of potato soup,0.9,186.0,3.6,3.3,4.7,3.8,other,13.762292068743681,6
1.1,0.069,0.9,55.7,16.4,bean with bacon soup,1.3,106.0,0.6,9.0,2.1,5.5,other,28.282131914207387,6
0.2,0.072,0.4,7.0,0.0,fish stock,0.019,40.0,0.0,0.0,1.9,5.3,other,47.16559829059828,0
3.0,0.041,1.7,43.2,56.2,split pea soup with ham,4.6,381.0,0.0,4.6,8.9,20.7,other,11.14487291652646,1
0.0,0.095,0.9,14.4,0.01,beef broth soup,0.4,17.0,0.0,0.0,0.5,2.7,other,159.29361488185017,0
4.2,0.036,1.3,42.2,20.2,lentil soup with ham,2.7,139.0,0.0,0.0,2.8,9.3,other,22.958863678288136,6
19.1,0.0,0.6,19.2,22.5,tomato soup,0.9,98.0,12.2,1.6,0.7,2.2,other,28.264433978719687,6
0.0,0.055,0.5,73.2,1.0,fish broth,0.5,39.0,0.2,0.0,1.5,4.9,other,56.81678720140258,0
4.3,0.0,0.9,72.0,14.6,chili without beans canned,4.8,283.0,0.0,0.0,17.0,18.1,other,13.068164658270664,4
2.2,0.086,1.3,68.9,22.6,minestrone soup,1.8,167.0,3.7,2.0,5.0,8.6,other,23.49966733200266,6
8.1,0.053,1.8,47.9,24.5,clam chowder soup,3.3,154.0,6.8,3.0,4.4,4.4,other,28.745421245421245,6
2.9,0.03,0.3,19.6,9.9,tomato vegetable soup,0.6,54.0,2.4,0.7,0.8,1.9,other,28.820829376384932,0
0.0,0.028,0.4,7.3,28.1,cream of rice coup,0.5,127.0,0.022,0.2,0.2,2.2,other,8.141193889225384,6
0.5,0.052,1.3,80.6,17.7,cream of celery soup,1.3,181.0,3.4,1.5,11.2,3.3,other,14.904849600982196,6
0.0,0.02,1.0,47.6,12.9,chicken gravy,1.1,188.0,1.9,1.0,13.6,4.6,other,7.857792325877433,0
29.7,0.049,1.6,46.4,44.1,tomato rice soup,1.6,240.0,15.2,3.4,5.5,4.2,other,24.04504985754986,1
0.0,0.0,1.1,0.0,9.6,vegetable beef soup,0.0,128.0,0.0,4.4,2.0,18.1,other,0.0,6
0.0,0.05,1.8,35.1,42.3,tomato beef noodle soup,2.2,281.0,0.0,3.0,8.6,8.9,other,9.758797943851325,1
6.4,0.028,1.8,44.3,8.2,oyster stew soup,2.0,118.0,0.0,0.0,7.7,4.2,other,24.262639432130957,0
0.3,0.008,1.7,24.7,53.9,ramen noodle soup dry,3.4,371.0,1.3,2.0,13.3,8.9,other,6.232404911650195,1
0.1,0.2,2.1,0.0,18.4,chicken noodle soup,0.4,145.0,0.0,2.7,4.7,7.2,other,36.09195402298851,6
0.048,0.086,1.0,7.5,0.7,chicken bouillon dry,0.061,11.0,0.7,0.0,0.6,0.7,other,204.26495726495725,0
5.5,0.089,1.7,58.0,21.5,cream of asparagus soup,1.6,174.0,1.8,1.0,8.2,4.6,other,23.972148541114052,6
0.3,0.06,1.6,22.7,17.3,turkey noodle soup,1.9,139.0,1.0,1.5,4.0,7.8,other,19.88132570866384,6
0.0,0.08,1.7,35.3,16.5,cream of shrimp soup,1.1,181.0,0.0,0.5,10.4,5.6,other,15.926240732870568,6
3.1,0.054,1.7,156.0,44.1,bean with pork soup,4.0,335.0,7.8,15.3,11.5,15.3,other,15.273631840796021,1
16.5,0.0,0.9,14.1,1.0,chicken broth,0.5,12.0,0.0,0.0,0.5,1.0,other,184.96438746438747,0
0.0,0.073,0.9,2.2,0.6,beef broth powder,0.03,8.0,0.6,0.0,0.3,0.6,other,232.3237179487179,0
0.0,0.019,0.4,43.0,29.9,split pea soup,1.9,180.0,12.8,4.8,2.3,9.7,other,10.340693257359925,6
10.0,0.058,2.3,71.9,4.0,escarole soup,1.7,61.0,0.0,0.0,4.0,3.4,other,66.5349586661062,0
0.5,0.059,0.3,7.2,8.5,chicken stock,0.5,86.0,3.8,0.0,2.9,6.0,other,21.6711389385808,0
11.9,0.097,1.8,80.0,47.7,tomato bisque soup,1.7,248.0,0.0,2.1,5.0,4.5,other,21.399400330851943,1
0.2,0.048,1.1,21.6,8.2,shark fin soup,2.0,99.0,0.0,0.0,4.3,6.9,other,25.247345247345244,0
2.5,0.099,1.3,54.1,16.4,onion soup,1.4,113.0,6.7,1.7,3.5,7.5,other,34.92663187353453,6
10.1,0.041,1.7,47.9,16.8,chicken gumbo soup,1.8,113.0,4.9,4.0,2.9,5.3,other,31.11224566976779,6
9.3,0.07,0.6,83.0,12.5,crab soup,1.9,95.0,0.0,2.4,0.8,10.4,other,47.130004498425556,0
0.0,0.0,0.8,44.0,8.1,tripe soup,1.4,148.0,0.0,0.0,5.2,17.2,other,7.5421575421575415,0
0.0,0.0,0.0,0.0,2.0,little india little lunch,0.0,164.0,0.0,0.0,10.6,0.0,other,0.0,0
0.0,0.0,0.0,0.0,0.0,original chicken sandwich chick fil a,0.0,125.0,0.0,0.0,5.1,0.0,other,0.0,0
0.0,0.008,0.8,257.6,28.2,sausage mcmuffin mcdonalds,2.3,383.0,2.2,1.6,24.2,14.6,other,9.032157282810024,6
0.0,0.037,1.0,85.1,42.2,sausage mcgriddles mcdonalds,1.9,421.0,15.2,1.4,24.0,11.4,other,6.259313397080618,1
0.0,0.0,0.2,6.6,0.0,crispy chicken drumstick kentucky fried chicken,0.4,70.0,0.0,0.0,3.0,10.6,other,3.8998778998779002,0
0.0,0.0,0.4,14.3,4.5,chicken crispy drumsticks kentucky fried chicken,0.5,156.0,0.0,0.0,10.1,11.8,other,2.4857549857549857,0
0.0,0.0,0.5,31.2,22.1,biscuit kentucky fried chicken,1.5,185.0,1.7,0.8,9.1,3.8,other,5.801801801801801,6
0.0,0.0,0.031,0.08,2.9,english muffin mcdonalds,13.1,97.0,1.5,0.2,2.3,5.7,other,75.03498105559962,0
0.4,0.2,0.2,0.003,49.8,french fries mcdonalds,0.1,378.0,0.2,4.6,18.1,4.0,other,13.492124542124543,1
0.2,0.096,1.1,37.2,28.5,hotdog,3.7,383.0,0.0,0.0,23.0,16.4,other,12.438463770056462,6
0.2,0.1,0.2,0.083,28.6,french fries burger king,0.005,207.0,0.4,2.1,9.2,2.4,other,12.20115198810851,6
0.3,0.056,0.3,61.4,13.7,original taco with beef cheese lettuce taco bell,0.8,158.0,0.6,2.7,8.8,6.1,other,14.873958671427026,6
2.7,0.031,0.5,19.4,31.3,hotdog with chili,3.3,296.0,0.0,0.0,13.4,13.5,other,10.329608454608454,6
0.0,0.0,0.3,15.4,5.1,chicken crispy wings kentucky fried chicken,0.3,148.0,0.0,0.0,10.1,9.2,other,1.9265419265419266,0
0.0,0.0,0.0,0.0,0.0,egg white delight mcdonalds,0.0,250.0,0.0,0.0,16.0,0.0,other,0.0,0
0.0,0.0,0.014,11.1,8.7,french toast sticks burger king,0.4,73.0,2.1,0.3,3.7,1.3,other,4.213792295984077,0
0.0,0.3,0.8,0.0,36.6,mcchicken mcdonalds,0.1,358.0,4.7,1.7,17.3,13.7,other,21.10490378646803,1
0.0,0.031,0.8,142.4,45.0,nachos supreme taco bell,4.2,480.0,0.0,8.0,26.6,14.8,other,8.757745726495726,1
0.0,0.0,0.3,13.2,1.3,crispy chicken wing kentucky fried chicken,0.4,104.0,0.0,0.0,5.3,12.6,other,3.113083497698882,0
0.1,0.08,0.3,0.046,7.4,chicken strips burger king,0.005,105.0,0.0,0.5,5.5,6.6,other,19.183264143264147,0
0.0,0.0,0.7,28.0,0.4,crispy chicken breast kentucky fried chicken,0.7,214.0,0.0,0.0,6.7,38.2,other,2.8237079638948797,4
0.0,0.1,1.0,64.4,31.8,sausage biscuit mcdonalds,2.4,440.0,2.3,1.4,29.7,11.3,other,9.837995337995338,1
0.9,0.045,0.8,203.4,24.2,sausage burrito mcdonalds,1.8,339.0,1.4,1.2,17.1,13.0,other,11.17880644429317,6
0.055,0.0,0.015,7.5,2.8,onion rings fried,0.038,27.0,0.4,0.2,1.6,0.3,other,3.144982589427034,0
1.3,0.0,0.7,104.7,39.7,onion rings burger king,0.7,379.0,4.9,2.5,23.0,3.5,other,3.532237331709627,1
0.0,0.083,0.2,3.9,4.4,turkey patty fried,0.6,79.0,0.053,0.1,5.0,3.9,other,30.864978902953588,0
0.0,0.0,0.5,19.1,0.0,crispy chicken thigh kentucky fried chicken,0.9,163.0,0.0,0.0,9.1,20.4,other,3.968853232656914,4
0.059,0.1,0.5,0.086,21.0,corn dog,0.1,195.0,5.9,0.8,9.4,6.7,other,13.142423843962305,6
0.0,0.0,0.0,0.0,5.5,chicken box mcdonalds,0.0,70.0,0.5,0.0,4.0,0.2,other,0.0,0
0.0,0.0,1.0,34.8,45.0,potato wedges kentucky fried chicken,1.4,379.0,0.0,4.2,19.8,5.4,other,2.758496267731096,1
0.0,0.029,0.04,33.7,0.9,scrambled eggs mcdonalds,1.1,98.0,0.1,0.0,7.5,7.7,other,16.27899877899878,0
0.2,0.3,0.8,0.0,27.3,egg mcmuffin mcdonalds,0.1,287.0,2.7,1.4,12.2,17.2,other,26.403406891211766,6
0.0,0.036,0.5,88.1,36.0,nachos taco bell,1.1,362.0,0.0,3.8,21.9,5.1,other,6.046418283987345,1
0.0,0.1,0.9,68.4,39.4,biscuit large mcdonalds,2.5,310.0,2.7,1.8,14.4,5.5,other,14.242073338847533,6
0.0,0.0,0.4,11.8,6.4,crispy chicken strips kentucky fried chicken,0.3,129.0,0.0,0.7,7.2,9.5,other,1.9956271119061817,0
0.0,0.088,0.2,41.7,19.0,hotcakes mcdonalds,0.9,113.0,4.4,0.7,2.9,3.0,other,26.732471068754254,6
0.0,0.0,0.8,37.8,11.9,chicken crispy breast kentucky fried chicken,0.8,375.0,0.0,0.0,23.2,29.7,other,1.9605698005698007,4
0.072,0.023,0.009,0.0,2.4,chicken mcnuggets mcdonalds,0.017,48.0,0.025,0.0,3.2,2.5,other,12.342592592592592,0
0.0,0.0,0.0,0.0,2.1,chips chipotle,0.0,151.0,2.1,0.0,7.1,0.2,other,0.0,0
0.0,0.1,0.7,57.8,33.3,biscuit mcdonalds,2.1,261.0,2.2,1.5,12.2,4.7,other,15.7520385106592,6
0.8,0.094,0.064,3.7,6.4,rice bowl with chicken,0.008,36.0,1.2,0.2,0.4,1.6,other,68.66096866096866,0
0.1,0.2,0.6,0.036,22.9,spaghetti with meatballs,0.1,200.0,5.8,5.4,8.2,8.7,other,25.334717948717948,6
0.0,0.039,0.9,34.1,36.0,meat ravioli canned,2.8,259.0,6.3,4.2,8.9,8.9,other,10.783255783255782,6
0.0,0.011,0.7,79.9,33.0,cheese ravioli canned,1.8,186.0,9.0,3.1,3.5,6.0,other,10.159222497932173,6
10.3,0.0,1.2,84.0,59.8,premium crispy chicken ranch blt sandwich mcdonalds,3.4,586.0,13.3,3.4,22.9,35.3,other,6.278988360899623,1
5.5,0.004,0.8,91.8,52.0,steak sandwich,5.2,459.0,0.0,0.0,14.1,30.3,other,9.3815987933635,1
0.3,0.0,0.8,123.7,31.5,cheeseburger burger king,3.3,380.0,6.0,3.7,19.7,19.4,other,7.416329284750338,1
0.7,0.095,0.7,198.7,33.1,cheeseburger mcdonalds,2.8,313.0,7.4,1.3,14.0,15.4,other,17.68944048496764,6
0.5,0.5,0.9,0.054,41.0,double cheeseburger,0.2,643.0,9.5,2.1,36.9,37.0,other,15.811947202615942,2
0.4,0.7,1.1,0.094,51.4,double hamburger,0.4,942.0,13.2,5.2,58.6,52.1,other,10.899564483640917,2
6.4,0.0,0.8,74.0,44.6,premium grilled chicken classic sandwich mcdonalds,3.0,366.0,10.0,2.8,8.6,28.3,other,8.05193592078838,1
4.4,0.1,1.0,224.8,39.7,big n tasty with cheese mcdonalds,4.4,573.0,9.5,3.2,36.0,27.2,other,12.500111871839623,1
9.8,0.0,1.0,211.9,44.3,premium grilled chicken club sandwich mcdonalds,3.1,493.0,6.4,2.7,18.0,38.3,other,9.008338967771017,1
1.5,0.052,0.7,143.6,37.9,quarter pounder mcdonalds,4.1,417.0,8.8,2.7,19.8,24.1,other,11.62844083707393,1
5.8,0.1,1.0,78.2,58.6,premium crispy chicken classic sandwich mcdonalds,3.3,524.0,12.4,3.2,20.0,27.8,other,10.647550075030992,1
3.2,0.045,0.4,95.2,10.0,veggie burger,1.7,124.0,0.7,3.4,4.4,11.0,other,25.462158808933,0
1.6,0.1,1.2,286.6,39.7,quarter pounder with cheese mcdonalds,4.2,513.0,9.8,2.8,28.3,29.0,other,14.065743656386932,1
0.0,0.076,0.043,6.7,0.0,beef sandwich steak raw,1.0,173.0,0.0,0.0,15.1,9.2,raw,14.491872931179289,0
1.1,0.4,0.6,0.04,28.7,cheeseburger,0.1,292.0,5.9,1.6,13.2,15.0,other,34.8564570893338,6
9.9,0.0,1.0,76.8,44.3,premium grilled chicken ranch blt sandwich mcdonalds,3.0,412.0,10.5,2.8,10.9,33.7,other,8.149116255912373,1
0.8,0.1,1.5,311.2,53.9,double whopper with cheese burger king,21.1,1061.0,14.4,6.4,68.1,57.7,other,14.121333687780439,2
0.9,0.1,1.0,254.0,44.0,big mac mcdonalds,4.4,563.0,8.7,3.5,32.8,25.9,other,12.430356302469978,1
0.8,1.3,2.2,0.023,79.9,sandwich with cold cuts,0.5,833.0,12.4,4.7,39.3,41.1,other,12.445190383845844,2
0.4,0.073,0.6,160.8,35.4,filet o fish mcdonalds,2.1,378.0,4.9,1.9,19.6,15.1,other,11.304323248767693,1
0.0,0.0,0.0,0.0,0.2,hand breaded chicken tenders carls jr,0.0,57.0,0.0,0.0,2.9,0.0,other,0.0,0
0.0,0.0,0.0,0.0,0.0,grilled chicken sandwich wendys,0.0,370.0,0.0,0.0,8.0,0.0,other,0.0,0
5.6,0.053,0.8,41.0,44.3,sandwich with roast beef,2.8,410.0,0.0,0.0,13.0,28.6,other,9.312591202835105,1
0.056,0.3,0.5,0.049,26.5,hamburger burger king,0.1,258.0,5.5,2.0,10.4,14.7,other,29.310677135095737,6
4.4,0.1,0.7,150.8,38.5,big n tasty mcdonalds,4.4,524.0,8.8,3.2,31.7,24.7,other,12.582697201017812,1
0.3,0.3,1.0,0.039,33.1,roast beef sandwich,0.1,364.0,5.7,1.9,15.3,22.6,other,20.84942002442002,1
0.0,0.065,1.6,183.0,45.4,roast beef sandwich with cheese,5.1,473.0,0.0,0.0,18.0,32.2,other,12.401745541280425,1
0.1,0.3,0.5,0.068,28.7,hamburger,0.027,255.0,5.8,1.7,9.9,12.9,other,29.516212502094852,6
0.4,0.0,1.3,81.4,58.7,premium fish sandwich burger king,3.3,572.0,7.8,2.0,27.4,22.6,other,4.377502839041301,1
0.6,0.2,1.4,259.1,52.8,whopper burger king,6.3,790.0,13.0,3.2,48.4,35.4,other,13.366764037650114,2
3.6,0.1,1.3,74.2,55.4,sandwich with tuna salad,2.6,584.0,0.0,0.0,28.0,29.7,other,8.416461772626157,1
0.4,0.075,1.3,91.5,52.2,original chicken sandwich burger king,3.6,569.0,6.0,4.8,29.2,24.2,other,8.125291033902633,1
0.7,0.2,1.1,130.9,51.4,double whopper burger king,10.5,942.0,13.2,5.2,58.6,52.1,other,12.651840963942876,2
9.7,0.0,1.2,233.7,57.4,premium crispy chicken club sandwich mcdonalds,3.4,635.0,12.7,3.0,29.9,39.1,other,7.50292751867555,2
0.0,0.2,0.5,0.0,28.8,hamburger mcdonalds,0.049,251.0,5.7,1.2,9.6,12.3,other,20.028773793714034,6
0.9,0.0,0.7,159.3,36.0,pepperoni pizza dominos,2.6,308.0,4.2,2.4,12.6,12.7,other,8.992951492951494,6
0.099,0.4,0.7,0.078,35.5,sausage pizza,0.1,325.0,3.9,2.7,14.3,13.3,other,30.97586324786325,1
0.093,0.5,0.8,0.05,35.5,pepperoni pizza,0.1,313.0,3.6,2.6,13.2,13.0,other,32.16061822451599,6
0.0,0.0,0.8,148.8,30.3,pepperoni pizza pizza hut,2.1,269.0,3.5,1.6,10.9,12.3,other,8.592126584691641,6
0.0,0.0,0.7,200.6,30.0,cheese pizza pizza hut,1.9,260.0,3.2,1.7,10.5,11.5,other,9.99474030243261,6
0.066,0.4,0.6,0.082,35.7,cheese pizza,0.1,285.0,3.8,2.5,10.4,12.2,other,35.31059529164792,6
1.0,0.0,0.6,180.4,35.9,cheese pizza dominos,2.5,278.0,4.3,2.4,9.7,11.7,other,10.387382401770891,6
0.1,0.045,0.8,163.2,34.5,meat vegetable pizza,2.5,332.0,5.1,3.0,14.8,15.0,other,11.38670064874884,1
0.0,0.028,0.0,111.3,0.0,sucker raw,2.1,146.0,0.0,0.0,3.7,26.6,raw,18.649455567263786,4
15.0,0.077,0.2,225.7,0.0,northern pike raw,2.2,348.0,0.0,0.0,2.7,76.3,raw,18.82196188230671,4
0.0,0.035,0.4,21.0,0.0,haddock cooked,0.3,135.0,0.0,0.0,0.8,30.0,cooked,8.912630579297245,4
0.0,0.059,0.1,57.6,0.0,burbot cooked,1.0,104.0,0.0,0.0,0.9,22.3,cooked,23.78492767915845,4
0.0,0.092,0.3,232.5,0.0,pollock cooked,1.8,356.0,0.0,0.0,3.8,75.3,cooked,14.293431287813311,4
0.0,0.057,0.019,17.0,0.0,rainbow smelt raw,0.3,27.0,0.0,0.0,0.7,5.0,raw,63.79392212725546,0
0.0,0.0,0.1,50.8,0.0,whitefish cooked,0.7,265.0,0.0,0.0,11.6,37.7,cooked,2.942106111917432,4
0.0,0.032,0.011,174.9,0.0,walleye pike raw,2.1,148.0,0.0,0.0,1.9,30.4,raw,22.378724878724878,4
2.7,0.056,0.1,88.4,0.0,carp cooked,2.7,275.0,0.0,0.0,12.2,38.9,cooked,14.10909090909091,4
0.0,0.063,0.3,19.0,0.0,wolffish cooked,0.3,293.0,0.0,0.0,7.3,53.4,cooked,6.443073422595607,4
2.7,0.094,0.066,68.0,0.0,snapper cooked,0.4,218.0,0.0,0.0,2.9,44.7,cooked,15.574766721555713,4
4.6,0.055,0.055,7.9,0.5,roe cooked,0.2,58.0,0.0,0.0,2.3,8.1,cooked,35.48261125847332,0
0.0,0.029,0.012,41.6,0.0,anchovy raw,0.9,37.0,0.0,0.0,1.4,5.8,raw,41.75675675675675,0
1.3,0.084,0.2,104.9,0.0,herring raw,2.0,291.0,0.0,0.0,16.6,33.0,raw,14.304050283431726,4
2.3,0.016,0.1,37.0,0.0,cod raw,0.9,189.0,0.0,0.0,1.5,41.1,raw,7.61995206439651,4
0.0,0.09,0.009,11.6,0.0,tilapia raw,0.6,111.0,0.0,0.0,2.0,23.3,raw,24.077154077154074,4
0.0,0.075,0.018,44.6,0.0,whiting cooked,0.3,84.0,0.0,0.0,1.2,16.9,cooked,28.389804639804638,0
3.1,0.06,0.1,114.0,0.0,skipjack tuna cooked,4.9,407.0,0.0,0.0,4.0,86.9,cooked,13.374913374913374,5
13.2,0.1,0.2,53.4,0.0,salmon cooked,1.2,733.0,0.0,0.0,44.0,78.7,cooked,6.88144960996257,5
0.0,0.045,0.2,43.1,0.0,chum salmon cooked,2.2,474.0,0.0,0.0,14.9,79.5,cooked,5.6513938475963785,5
0.0,0.008,0.043,86.4,0.0,american shad cooked,1.8,363.0,0.0,0.0,25.4,31.3,cooked,5.136681500317863,4
0.0,0.05,0.068,14.2,1.8,shark cooked,0.3,65.0,0.0,0.0,3.9,5.3,cooked,23.475345167652858,0
0.3,0.019,0.027,34.1,0.0,trout cooked,1.2,118.0,0.0,0.0,5.3,16.5,cooked,12.18057366362451,0
0.0,0.036,0.1,6.8,0.0,swordfish raw,0.5,196.0,0.0,0.0,9.0,26.7,raw,6.275946275946276,4
0.3,0.1,0.041,0.003,0.0,rainbow trout cooked,0.093,119.0,0.0,0.0,5.2,16.9,cooked,21.722882999353583,0
2.0,0.0,0.6,160.8,35.4,fish sandwich with cheese,2.1,374.0,4.9,0.0,19.6,15.1,other,7.020887609122904,1
0.0,0.033,5.6,1.2,0.0,jellyfish dried,1.3,21.0,0.0,0.0,0.8,3.2,other,74.11680911680912,0
1.4,0.002,0.098,48.8,0.0,mullet raw,1.2,139.0,0.0,0.0,4.5,23.0,raw,8.975588759761422,4
2.0,0.2,0.3,0.0,0.0,halibut cooked,0.095,353.0,0.0,0.0,5.1,71.7,cooked,14.943342776203966,4
0.0,0.04,0.1,35.0,0.0,lingcod raw,0.8,213.0,0.0,0.0,2.7,44.2,raw,8.045423538381284,4
0.0,0.035,0.079,3.1,0.0,orange roughy cooked,0.3,30.0,0.0,0.0,0.3,6.4,cooked,35.51709401709402,0
0.0,0.016,0.042,9.5,0.0,cisco raw,0.3,77.0,0.0,0.0,1.5,15.0,raw,8.308358308358308,0
0.0,0.055,0.05,37.8,0.0,florida pompano cooked,0.6,186.0,0.0,0.0,10.7,20.8,cooked,10.747863247863245,4
3.5,0.028,0.1,69.8,0.0,snapper raw,0.4,218.0,0.0,0.0,2.9,44.7,raw,8.477221046028385,4
0.2,0.5,1.3,0.0,58.7,fish sandwich,0.2,565.0,7.8,0.0,27.4,22.6,other,17.935103244837762,1
0.0,0.005,0.4,21.2,0.0,haddock raw,0.3,143.0,0.0,0.0,0.9,31.5,raw,3.1800251031020257,4
0.0,0.074,0.2,17.9,0.0,ocean perch raw,0.1,51.0,0.0,0.0,1.0,9.8,raw,40.063683593095355,0
2.4,0.046,0.2,50.9,0.5,cuttlefish cooked,3.1,45.0,0.0,0.0,0.4,9.2,cooked,78.45394112060778,0
1.8,0.024,0.1,25.2,0.0,cod cooked,0.9,189.0,0.0,0.0,1.5,41.1,cooked,7.903947903947904,4
0.0,0.085,0.1,40.5,0.0,seatrout raw,0.6,248.0,0.0,0.0,8.6,39.8,raw,11.16883788254756,4
0.0,0.048,0.5,34.2,0.0,flounder raw,0.3,114.0,0.0,0.0,3.1,20.2,raw,14.295996401259561,4
0.0,0.036,0.022,9.0,0.0,spot cooked,0.2,79.0,0.0,0.0,3.1,11.9,cooked,13.675213675213671,0
0.0,0.032,0.069,174.8,0.0,walleye pike cooked,2.1,148.0,0.0,0.0,1.9,30.4,cooked,22.373527373527374,4
1.0,0.041,0.037,48.0,0.0,perch raw,0.5,55.0,0.0,0.0,0.6,11.6,raw,32.42035742035742,0
0.5,0.087,0.06,38.4,0.0,pumpkin seed sunfish raw,0.6,43.0,0.0,0.0,0.3,9.3,raw,66.49473265752334,0
0.0,0.061,6.1,89.8,0.0,salt mackerel,1.9,415.0,0.0,0.0,34.1,25.2,other,7.882710328493461,4
0.4,0.014,0.064,13.2,0.0,mackerel cooked,1.4,231.0,0.0,0.0,15.7,21.0,cooked,5.514115514115514,4
0.0,0.006,0.011,12.2,0.0,tilapia cooked,0.6,111.0,0.0,0.0,2.3,22.8,cooked,5.1998151998152,4
2.0,0.07,0.1,118.8,0.0,drum raw,1.8,236.0,0.0,0.0,9.8,34.7,raw,16.46639142401854,4
0.0,0.044,0.3,27.8,6.6,atlantic croaker fried,0.7,192.0,0.0,0.3,11.0,15.8,other,8.868411680911679,0
0.4,0.038,0.046,38.1,0.0,pumpkin seed sunfish cooked,0.6,42.0,0.0,0.0,0.3,9.2,cooked,38.59177859177859,0
0.0,0.062,0.3,18.4,0.0,wolffish raw,0.3,294.0,0.0,0.0,7.3,53.6,raw,6.320425606139891,4
0.0,0.034,0.02,15.0,0.0,bluefin tuna cooked,2.0,276.0,0.0,0.0,9.4,44.9,cooked,7.523535240926544,4
0.0,0.051,0.061,25.5,0.0,scup cooked,0.3,68.0,0.0,0.0,1.8,12.1,cooked,24.085595776772248,0
1.0,0.067,0.2,105.8,0.0,herring cooked,2.0,290.0,0.0,0.0,16.6,32.9,cooked,12.796787503684055,4
0.0,0.051,0.028,10.5,0.0,bluefish raw,0.7,186.0,0.0,0.0,6.4,30.1,raw,9.37988236375333,4
0.0,0.058,0.1,68.8,0.0,sheepshead cooked,1.2,234.0,0.0,0.0,3.0,48.4,cooked,11.307253999561691,4
1.3,0.085,0.078,63.9,0.0,bass cooked,1.2,91.0,0.0,0.0,2.9,15.0,cooked,37.666478820324976,0
0.0,0.077,0.2,35.6,0.0,pout cooked,1.0,279.0,0.0,0.0,3.2,58.4,cooked,9.872407560579603,4
15.8,0.1,0.2,103.0,0.0,chinook salmon raw,1.0,709.0,0.0,0.0,41.3,78.9,raw,7.9032705266837855,5
0.0,0.045,0.1,26.7,0.0,rockfish raw,0.6,172.0,0.0,0.0,2.6,35.1,raw,9.67277877161598,4
0.0,0.042,0.2,100.4,0.0,tilefish raw,1.0,371.0,0.0,0.0,8.9,67.6,raw,6.409334899900938,4
0.0,0.02,0.082,66.4,0.0,scup raw,0.9,174.0,0.0,0.0,4.5,31.3,raw,8.682581786030061,4
0.0,0.085,0.2,135.9,0.0,sablefish cooked,5.0,755.0,0.0,0.0,59.3,51.9,cooked,7.878360785645554,5
4.5,0.059,0.8,34.9,19.3,tuna salad,2.1,383.0,0.0,0.0,19.0,32.9,other,8.903728995112806,4
2.1,0.064,0.06,17.2,0.0,coho salmon cooked,0.6,255.0,0.0,0.0,11.8,34.7,cooked,9.015585721468073,4
2.2,0.068,0.052,3.1,0.2,roe raw,0.085,20.0,0.0,0.0,0.9,3.1,raw,100.77564102564102,0
0.0,0.079,0.084,12.9,0.0,sea bass raw,0.4,125.0,0.0,0.0,2.6,23.8,raw,18.37162393162393,4
1.6,0.2,0.2,0.066,0.0,pink salmon cooked,0.2,349.0,0.0,0.0,12.0,56.0,cooked,15.1558641295031,4
2.6,0.5,0.3,0.089,0.0,sockeye salmon cooked,0.2,493.0,0.0,0.0,17.3,82.1,cooked,21.096723357778124,5
0.0,0.089,0.1,51.5,0.0,whitefish raw,0.7,265.0,0.0,0.0,11.6,37.8,raw,11.358651830349944,4
0.0,0.07,0.3,12.7,0.0,greenland halibut cooked,2.7,760.0,0.0,0.0,56.4,58.6,cooked,4.404858299595142,5
11.8,0.098,0.2,226.3,0.0,northern pike cooked,2.2,350.0,0.0,0.0,2.7,76.5,cooked,19.211721611721615,4
15.4,0.1,0.2,35.6,0.0,salmon raw,1.3,824.0,0.0,0.0,53.1,80.9,raw,6.319392581528503,5
5.4,0.04,0.6,73.1,0.0,turbot cooked,1.5,388.0,0.0,0.0,12.0,65.4,cooked,7.720724292889241,4
0.0,0.006,0.042,2.5,1.9,surimi,0.057,28.0,0.0,0.0,0.3,4.3,other,7.174908424908424,0
12.6,0.1,0.2,86.2,0.0,chinook salmon cooked,2.8,711.0,0.0,0.0,41.2,79.2,cooked,8.605671559258058,5
1.1,0.034,0.001,28.8,0.0,mullet cooked,1.3,140.0,0.0,0.0,4.5,23.1,cooked,13.685592185592185,4
0.0,0.097,0.029,0.3,0.0,chum salmon raw,0.038,3.0,0.0,0.0,0.1,0.6,raw,816.1396011396013,0
0.0,0.04,0.072,7.0,0.0,butterfish raw,0.2,47.0,0.0,0.0,2.6,5.5,raw,24.786324786324784,0
0.0,0.048,0.058,13.1,0.0,sea bass cooked,0.4,125.0,0.0,0.0,2.6,23.9,cooked,12.183931623931626,4
0.0,0.069,0.3,12.2,0.0,greenland halibut raw,2.7,759.0,0.0,0.0,56.5,58.6,raw,4.372656329178069,5
0.0,0.079,0.3,28.6,0.0,halibut raw,0.7,371.0,0.0,0.0,5.4,75.7,raw,6.964660077867624,4
0.0,0.072,0.019,23.1,0.0,sturgeon cooked,1.2,184.0,0.0,0.0,7.0,28.2,cooked,14.371516164994425,4
0.0,0.05,0.5,16.4,15.4,fish fillet fried,1.9,211.0,0.0,0.5,11.2,13.3,other,11.524689107627495,6
2.3,0.056,0.022,19.8,0.0,rainbow trout raw,0.2,111.0,0.0,0.0,4.9,15.8,raw,17.28805728805729,0
0.0,0.022,0.2,35.2,0.0,pout raw,1.0,278.0,0.0,0.0,3.2,58.6,raw,4.950808583902109,4
0.0,0.021,0.047,21.8,0.0,rainbow smelt cooked,0.3,35.0,0.0,0.0,0.9,6.4,cooked,24.553113553113555,0
0.3,0.082,0.059,2.3,0.0,monkfish raw,0.059,22.0,0.0,0.0,0.4,4.1,raw,96.99106449106449,0
0.4,0.041,0.051,34.0,0.0,trout raw,1.2,117.0,0.0,0.0,5.2,16.4,raw,17.07392797136387,0
0.0,0.079,0.003,9.6,0.0,shark raw,0.2,37.0,0.0,0.0,1.3,5.9,raw,58.377223377223366,0
0.0,0.024,0.1,58.0,0.0,burbot raw,1.0,104.0,0.0,0.0,0.9,22.4,raw,15.401051939513478,4
0.0,0.096,0.2,30.2,0.0,dolphinfish cooked,2.3,173.0,0.0,0.0,1.4,37.7,cooked,22.60165011610098,4
0.1,0.056,0.058,14.4,0.0,crayfish cooked,0.3,25.0,0.0,0.0,0.4,5.0,cooked,67.54188034188033,0
0.0,0.005,0.2,30.6,0.0,dolphinfish raw,2.3,173.0,0.0,0.0,1.4,37.7,raw,9.46914678128551,4
0.8,0.099,0.043,46.9,0.0,perch cooked,0.5,54.0,0.0,0.0,0.5,11.4,cooked,59.30436847103514,0
0.0,0.038,0.086,12.2,0.0,cusk raw,1.0,106.0,0.0,0.0,0.8,23.2,raw,15.08869537171424,4
0.0,0.041,0.013,2.3,0.0,bluefin tuna raw,0.3,41.0,0.0,0.0,1.4,6.6,raw,29.496560350218882,0
0.0,0.08,0.076,18.4,0.0,milkfish cooked,0.1,54.0,0.0,0.0,2.4,7.4,cooked,40.686926242481796,0
3.5,0.094,0.1,89.4,0.0,carp raw,2.7,277.0,0.0,0.0,12.2,38.9,raw,17.78549168440865,4
0.0,0.039,0.007,3.7,0.0,sturgeon raw,0.2,30.0,0.0,0.0,1.1,4.6,raw,37.152421652421644,0
0.0,0.073,0.063,2.5,0.0,orange roughy raw,0.3,22.0,0.0,0.0,0.2,4.6,raw,91.4044289044289,0
0.0,0.015,0.2,38.3,7.0,catfish fried,1.2,199.0,0.0,0.6,11.6,15.7,other,6.714985182321866,0
1.5,0.093,0.1,25.5,0.2,cuttlefish raw,1.7,22.0,0.0,0.0,0.2,4.6,raw,165.1029526029526,0
1.6,0.046,0.055,63.2,0.0,bass raw,1.2,90.0,0.0,0.0,2.9,14.9,raw,27.562203228869897,0
0.1,0.094,0.5,0.1,0.0,flounder cooked,0.099,109.0,0.0,0.0,3.0,19.4,cooked,22.17321414569121,4
0.0,0.09,0.098,14.4,0.0,milkfish raw,0.057,42.0,0.0,0.0,1.9,5.8,raw,56.96275946275945,0
3.7,0.049,0.1,40.8,0.0,eel raw,1.0,375.0,0.0,0.0,23.8,37.6,raw,6.681367521367522,4
0.0,0.083,0.2,12.7,0.0,catfish raw,0.4,189.0,0.0,0.0,9.4,24.2,raw,12.671505449283227,4
0.038,0.037,0.1,0.089,6.1,fish sticks,0.3,78.0,0.5,0.4,4.5,3.1,other,14.058634670173126,0
1.7,0.076,0.054,19.1,0.0,coho salmon raw,0.5,254.0,0.0,0.0,12.2,33.8,raw,9.896022612558045,4
0.3,0.011,0.004,2.8,0.0,monkfish cooked,0.1,27.0,0.0,0.0,0.6,5.3,cooked,14.27508705286483,0
8.5,0.085,0.1,84.7,0.0,yellowtail cooked,1.8,546.0,0.0,0.0,19.6,86.6,cooked,8.646488838796532,5
0.0,0.019,0.011,1.1,0.0,yellowfin tuna cooked,0.3,37.0,0.0,0.0,0.2,8.2,cooked,17.571032571032568,0
0.0,0.009,0.3,66.4,0.0,ling cooked,1.3,168.0,0.0,0.0,1.2,36.8,cooked,8.678520553520555,4
0.5,0.074,0.069,7.4,0.0,eel cooked,0.2,67.0,0.0,0.0,4.2,6.7,cooked,30.949100650593188,0
0.0,0.094,0.2,135.1,0.0,sablefish raw,4.9,753.0,0.0,0.0,59.1,51.8,raw,8.116139430880468,5
0.0,0.076,0.005,2.3,4.0,salmon nuggets,0.4,60.0,0.0,0.0,3.3,3.6,other,35.66524216524216,0
10.5,0.08,0.1,86.0,0.0,yellowtail raw,1.8,546.0,0.0,0.0,19.6,86.5,raw,8.842866535174226,5
0.0,0.092,0.042,7.0,0.0,butterfish cooked,0.2,47.0,0.0,0.0,2.6,5.5,cooked,52.4458992544099,0
0.0,0.038,0.2,44.0,0.6,caviar,1.9,42.0,0.0,0.0,2.9,3.9,other,55.8099308099308,0
0.0,0.068,0.3,231.6,0.0,pollock raw,1.8,355.0,0.0,0.0,3.8,75.0,raw,12.624052004333693,4
0.3,0.044,0.2,0.01,0.0,catfish cooked,0.098,206.0,0.0,0.0,10.3,26.4,cooked,5.766284955605343,4
0.0,0.057,0.016,44.2,0.0,whiting raw,0.3,83.0,0.0,0.0,1.2,16.8,raw,23.27309236947791,0
0.0,0.044,0.2,22.3,0.0,pink salmon raw,1.2,404.0,0.0,0.0,14.0,65.2,raw,4.7975374460522975,4
0.0,0.084,0.049,1.1,0.0,yellowfin tuna raw,0.2,31.0,0.0,0.0,0.1,6.9,raw,71.59911772814999,0
0.4,0.007,0.1,13.4,0.0,mackerel raw,1.8,230.0,0.0,0.0,15.6,20.8,raw,5.7500929022668155,4
6.9,0.094,0.6,73.4,0.0,turbot raw,1.5,388.0,0.0,0.0,12.0,65.5,raw,11.635606661379859,4
0.0,0.015,0.047,12.4,0.0,cusk cooked,1.0,106.0,0.0,0.0,0.8,23.1,cooked,9.67868085792614,4
0.0,0.028,0.014,11.9,0.0,atlantic croaker raw,0.3,82.0,0.0,0.0,2.5,14.0,raw,11.685428392745466,0
0.0,0.043,0.019,111.6,0.0,sucker cooked,2.1,148.0,0.0,0.0,3.7,26.6,cooked,20.946812196812196,4
0.0,0.063,0.022,9.0,0.0,spot raw,0.2,79.0,0.0,0.0,3.1,11.8,raw,22.21951747268203,0
1.5,0.058,0.1,118.6,0.0,drum cooked,1.8,236.0,0.0,0.0,9.7,34.6,cooked,14.953281182094742,4
0.078,0.1,0.024,1.0,0.0,crayfish raw,0.053,3.0,0.0,0.0,0.048,0.6,raw,848.6011396011396,0
0.0,0.067,0.2,78.0,0.0,tilefish cooked,0.9,441.0,0.0,0.0,14.1,73.5,cooked,6.292517006802721,5
0.0,0.066,0.045,10.5,0.0,bluefish cooked,0.7,186.0,0.0,0.0,6.4,30.1,cooked,11.396011396011396,4
0.0,0.023,0.1,42.4,0.0,grouper cooked,2.3,238.0,0.0,0.0,2.6,50.2,cooked,9.155174890469006,4
0.0,0.019,0.2,50.0,0.0,sheepshead raw,1.1,257.0,0.0,0.0,5.7,48.1,raw,5.72267118959726,4
0.4,0.02,0.4,33.6,0.0,herring kippered,0.6,87.0,0.0,0.0,4.9,9.8,other,13.060222025739268,0
0.0,0.077,0.1,69.9,0.0,grouper raw,2.3,238.0,0.0,0.0,2.6,50.2,raw,15.716260863319684,4
0.021,0.071,0.2,0.069,0.0,ocean perch cooked,0.073,48.0,0.0,0.0,0.9,9.3,cooked,37.88374287749287,0
0.0,0.052,0.3,65.6,0.0,ling raw,1.3,168.0,0.0,0.0,1.2,36.7,raw,15.040700040700038,4
0.0,0.024,0.2,54.4,0.0,lingcod cooked,1.2,329.0,0.0,0.0,4.1,68.4,cooked,5.121970228353208,4
0.0,0.038,0.081,24.6,0.0,florida pompano raw,0.7,184.0,0.0,0.0,10.6,20.7,raw,8.304998141954663,4
0.4,0.081,0.1,0.0,0.0,rockfish cooked,0.046,162.0,0.0,0.0,2.4,33.1,cooked,12.932098765432098,4
0.0,0.033,0.1,40.9,0.0,seatrout cooked,0.7,247.0,0.0,0.0,8.6,39.9,cooked,6.188276410948475,4
0.0,0.073,0.4,39.6,0.0,sockeye salmon raw,1.7,562.0,0.0,0.0,22.2,84.4,raw,5.469857347081546,5
0.7,0.094,0.1,0.022,0.0,swordfish cooked,0.045,182.0,0.0,0.0,8.4,24.9,cooked,13.477730816192357,4
0.0,0.096,0.001,86.5,0.0,american shad raw,1.8,362.0,0.0,0.0,25.3,31.2,raw,11.230344241393965,4
0.0,0.067,0.5,569.2,0.0,sardine canned in oil,4.4,310.0,0.0,0.0,17.1,36.7,other,27.412599944858012,4
0.0,0.007,0.1,9.3,0.0,anchovy canned in oil,0.2,8.0,0.0,0.0,0.4,1.2,other,44.706196581196586,0
0.0,0.072,1.8,918.8,0.0,salmon canned,2.6,520.0,0.0,0.0,20.3,79.1,other,19.8310322156476,5
0.9,0.093,0.4,213.6,0.5,sardines in tomato sauce canned,2.0,165.0,0.4,0.009,9.3,18.6,other,31.389018389018393,4
0.0,0.096,1.4,781.8,0.0,sockeye salmon canned,2.2,563.0,0.0,0.0,24.9,79.5,other,17.115574380228022,5
0.0,0.087,0.3,11.2,0.0,tuna canned,0.8,102.0,0.0,0.0,2.4,18.9,other,26.52547343723814,0
0.0,0.054,1.7,883.7,0.0,pink salmon canned,2.6,530.0,0.0,0.0,20.4,80.9,other,18.098371230446702,5
3.1,0.06,0.7,65.5,0.0,cod canned,1.5,328.0,0.0,0.0,2.7,71.0,other,9.700072962268084,4
8.1,0.009,0.2,72.9,6.3,eastern oyster canned,10.9,110.0,0.0,0.0,4.0,11.4,other,70.3756798756799,0
0.0,0.054,0.3,918.8,0.0,chum salmon canned,2.6,520.0,0.0,0.0,20.3,79.1,other,18.965647600262983,5
0.0,0.022,0.7,7.1,0.0,tuna canned in oil,1.2,331.0,0.0,0.0,14.4,47.2,other,3.8407312727554417,4
0.0,0.0,0.0,0.0,0.0,wild pink salmon oceans,0.0,320.0,0.0,0.0,16.0,0.0,other,0.0,0
5.2,0.078,1.1,185.6,0.0,shrimp canned,2.7,128.0,0.0,0.0,1.7,26.1,other,42.620860042735046,4
12.0,0.082,1.4,79.1,0.0,alaska king crab raw,1.0,144.0,0.0,0.0,1.0,31.5,raw,31.57882241215575,4
0.0,0.081,0.2,3.1,6.4,scallops fried,0.3,64.0,0.0,0.0,3.2,2.6,other,34.617387820512825,0
0.0,0.098,0.012,5.0,0.013,shrimp cooked,0.009,7.0,0.0,0.0,0.092,1.3,cooked,356.2087912087912,0
0.9,0.059,0.068,5.9,1.0,clams fried,1.3,19.0,0.0,0.0,1.0,1.3,other,123.29509671614936,0
10.2,0.002,1.4,79.1,0.0,alaska king crab cooked,1.0,130.0,0.0,0.0,2.1,25.9,cooked,18.05654174884944,4
0.032,0.011,0.06,0.0,0.5,scallops cooked,0.057,11.0,0.0,0.0,0.058,2.1,cooked,28.202020202020194,0
3.4,0.06,0.2,31.2,6.2,squid fried,0.8,140.0,0.0,0.0,6.0,14.4,other,18.3015873015873,0
4.0,0.088,0.059,4.0,2.5,oyster raw,2.6,41.0,0.0,0.0,1.2,4.7,raw,100.47946633312486,0
1.7,0.038,0.3,26.4,5.1,abalone,2.7,89.0,0.0,0.0,0.6,14.5,other,31.932200134447324,0
2.0,0.001,0.2,7.4,0.0,queen crab raw,0.7,25.0,0.0,0.0,0.3,5.2,raw,27.721367521367522,0
1.9,0.057,0.1,32.0,4.4,whelk cooked,2.8,78.0,0.0,0.0,0.2,13.5,cooked,44.07462195923735,0
3.2,0.005,0.066,4.0,2.5,oyster cooked,2.3,41.0,0.0,0.0,1.2,4.7,cooked,43.63664790494058,0
0.6,0.086,0.038,5.5,0.7,eastern oyster cooked,0.8,8.0,0.0,0.0,0.2,0.7,cooked,337.9273504273504,0
27.2,0.2,0.7,66.0,14.8,blue mussels cooked,13.4,344.0,0.0,0.0,9.0,47.6,cooked,46.43709004174121,4
1.4,0.009,0.064,15.0,0.6,octopus raw,1.5,23.0,0.0,0.0,0.3,4.2,raw,57.79450018580453,0
3.4,0.032,0.4,102.7,5.1,spiny lobster cooked,2.3,233.0,0.0,0.0,3.2,43.0,cooked,13.929422985216977,4
12.0,0.095,0.4,39.0,5.5,blue mussels raw,5.9,129.0,0.0,0.0,3.4,17.9,raw,56.48148148148149,0
6.1,0.029,0.6,28.1,0.0,queen crab cooked,2.4,98.0,0.0,0.0,1.3,20.2,cooked,30.125152625152623,4
4.6,0.054,0.5,74.9,1.2,dungeness crab cooked,0.5,140.0,0.0,0.0,1.6,28.3,cooked,19.39316239316239,4
5.7,0.086,0.5,75.0,1.2,dungeness crab raw,0.6,140.0,0.0,0.0,1.6,28.4,raw,26.382783882783876,4
0.0,0.029,0.2,4.9,4.8,shrimp fried,0.1,52.0,0.086,0.1,3.2,1.3,other,15.73553583168968,0
0.0,0.052,0.083,2.7,0.041,shrimp raw,0.072,4.0,0.0,0.0,0.023,0.7,raw,340.1923076923076,0
0.1,0.036,0.3,0.027,0.0,blue crab cooked,0.7,71.0,0.0,0.0,0.6,15.2,cooked,18.31278439869989,0
0.0,0.02,0.2,5.4,2.6,shrimp imitation,0.2,29.0,0.0,0.0,0.4,3.5,other,22.505157677571468,0
0.0,0.2,0.2,124.5,2.2,conch baked,1.8,165.0,0.0,0.0,1.5,33.4,other,42.16783216783217,4
1.3,0.043,0.09,9.1,0.9,squid raw,0.2,26.0,0.0,0.0,0.4,4.4,raw,53.867521367521356,0
0.0,0.035,0.057,0.9,0.5,scallop raw,0.068,10.0,0.0,0.0,0.091,1.8,raw,91.97008547008548,0
0.0,0.033,0.6,126.0,0.0,lobster raw,0.4,116.0,0.0,0.0,1.1,24.8,raw,17.38321544356027,4
0.0,0.046,0.2,2.3,3.0,scallop imitation,0.058,28.0,0.0,0.0,0.1,3.6,other,42.85409035409035,0
0.6,0.082,0.079,18.7,0.018,blue crab raw,0.2,18.0,0.0,0.0,0.2,3.8,raw,131.75688509021845,0
1.1,0.027,0.073,16.1,2.2,whelk raw,1.4,39.0,0.0,0.0,0.1,6.7,raw,43.56015779092702,0
4.2,0.094,0.4,102.4,5.1,spiny lobster raw,2.5,234.0,0.0,0.0,3.2,43.1,raw,21.338666082255827,4
0.0,0.099,0.2,104.0,9.4,clams canned,4.3,227.0,0.0,0.0,2.5,38.8,other,24.95105237395986,4
0.2,0.077,0.7,0.0,0.0,lobster cooked,2.3,134.0,0.0,0.0,1.3,28.5,cooked,24.067164179104473,4
0.6,0.003,0.015,9.1,1.7,eastern oyster fried,1.0,29.0,0.0,0.0,1.8,1.3,other,26.45593869731801,0
0.0,0.095,1.4,88.5,8.1,clams raw,3.7,195.0,0.0,0.0,2.2,33.3,raw,26.211921981152752,4
6.8,0.016,0.4,90.1,3.7,octopus cooked,8.1,139.0,0.0,0.0,1.8,25.3,cooked,45.67361495419049,4
0.7,0.013,0.021,6.2,0.8,eastern oyster raw,0.8,8.0,0.0,0.0,0.2,0.7,raw,111.86431623931625,0
0.7,0.035,0.1,4.6,6.7,oyster fried,0.7,61.0,0.0,0.0,3.0,2.1,other,22.57461118116856,0
0.0,0.006,0.2,4.8,0.0,sturgeon smoked,0.3,49.0,0.0,0.0,1.2,8.8,other,7.216117216117215,0
0.0,0.019,1.1,15.0,0.0,chinook salmon smoked,1.2,159.0,0.0,0.0,5.9,24.9,other,7.905982905982907,4
0.0,0.031,0.1,7.4,0.0,cisco smoked,0.1,50.0,0.0,0.0,3.4,4.6,other,17.74957264957265,0
0.0,0.079,0.2,13.9,0.0,haddock smoked,0.4,33.0,0.0,0.0,0.3,7.1,other,69.82258482258482,0
0.0,0.082,1.4,24.5,0.0,whitefish smoked,0.7,147.0,0.0,0.0,1.3,31.8,other,17.873132158846445,4
0.0,0.078,0.065,62.6,0.0,red salmon sockeye filets smoked,1.1,373.0,0.0,0.0,12.3,65.5,other,8.157237460186522,4
0.007,0.026,0.0,0.081,15.8,nectarine,0.1,66.0,11.8,2.6,0.5,1.6,other,10.71146076146076,6
130.7,0.051,0.046,13.8,12.8,kiwifruit gold,0.2,51.0,10.0,1.1,0.2,0.8,other,225.3385285738227,0
2.1,0.0,0.065,34.2,1.9,prickly pear raw,0.021,8.0,0.2,1.0,0.072,0.001,raw,63.50961538461538,0
0.1,0.085,0.099,0.061,11.8,pineapple,0.091,45.0,8.9,1.3,0.1,0.5,other,48.60301994301995,0
58.8,0.0,0.083,34.2,54.5,rowan,5.0,253.0,32.1,14.1,4.6,5.2,other,37.84264045133611,1
0.0,0.046,0.024,2.2,0.8,muscadine grapes,0.014,3.0,0.0,0.2,0.056,0.014,other,391.56695156695156,0
0.0,0.0,0.0,0.0,0.4,heidelbeeren jutro,0.0,17.0,0.0,0.0,0.2,0.0,other,0.0,0
0.0,0.0,0.039,67.2,83.2,prunes stewed,3.3,316.0,0.0,0.0,0.7,3.4,other,7.4375202856215505,1
20.3,0.05,0.056,28.1,10.1,tangerine,0.1,40.0,8.0,1.4,0.2,0.6,other,94.43162393162395,0
0.0,0.042,0.076,50.4,62.3,prunes,2.5,237.0,0.0,0.0,0.5,2.6,other,11.926502939161168,1
2.6,0.025,0.028,2.7,0.3,lemon peel,0.032,1.0,0.054,0.2,0.002,0.032,other,952.4358974358973,0
0.6,0.085,0.055,0.035,34.3,banana,0.1,134.0,18.3,3.9,0.5,1.6,other,16.77232427605562,6
0.068,0.067,0.054,0.031,1.2,raspberries,0.034,5.0,0.4,0.7,0.034,0.1,other,340.33658119658116,0
0.026,0.017,0.02,0.039,3.9,apricot,0.012,17.0,3.2,0.7,0.1,0.5,other,25.579738562091503,0
2.2,0.0,0.059,1.3,1.0,strawberry guava,0.071,4.0,0.0,0.3,0.008,0.01,other,73.47222222222223,0
0.086,0.067,0.096,0.091,10.1,kiwifruit green,0.002,42.0,6.2,2.1,0.4,0.8,other,40.15158730158731,0
1.0,0.046,0.049,17.5,9.6,figs,0.2,37.0,8.1,1.5,0.2,0.4,other,40.72534072534072,0
0.018,0.052,0.044,0.0,8.9,clementine,0.093,35.0,6.8,1.3,0.1,0.6,other,38.67619047619047,0
0.1,0.2,0.0,0.0,21.6,orange,0.094,86.0,17.2,4.4,0.2,1.7,other,58.875968992248076,6
7.8,0.023,0.047,15.9,26.6,bartlett pear,0.3,112.0,17.2,5.5,0.3,0.7,other,15.452152014652018,6
45.9,0.016,0.056,37.0,15.5,red white currants,1.1,63.0,8.3,4.8,0.2,1.6,other,101.51946818613486,6
0.058,0.086,0.015,0.041,21.4,blueberries,0.063,84.0,14.7,3.6,0.5,1.1,other,26.092378917378916,6
0.025,0.005,0.021,0.074,1.5,mulberries,0.041,6.0,1.2,0.3,0.049,0.2,other,25.187464387464388,0
0.4,0.0,0.063,0.6,0.5,java plum,0.054,2.0,0.0,0.0,0.029,0.034,other,39.52991452991453,0
0.0,0.053,0.036,0.0,11.7,prune puree,0.0,46.0,7.0,0.6,0.02,0.4,other,28.80434782608695,0
0.08,0.07,0.031,0.043,27.5,applesauce,0.014,102.0,22.9,2.7,0.2,0.4,other,17.323504273504277,6
30.2,0.045,0.05,41.8,13.8,blackberries raw,0.9,62.0,7.0,7.6,0.7,2.0,raw,85.51764543700028,6
0.038,0.077,0.0,0.047,7.5,plum,0.056,30.0,6.5,0.9,0.2,0.5,other,65.3564957264957,0
0.032,0.049,0.056,0.3,0.4,american grapes,0.099,2.0,0.4,0.09,0.087,0.035,other,642.931623931624,0
0.075,0.035,0.0,0.042,14.3,peach,0.1,59.0,12.6,2.3,0.4,1.4,other,15.918846878168914,0
31.9,0.052,0.062,10.6,16.1,honeydew melon,0.3,64.0,14.4,1.4,0.2,1.0,other,79.57264957264957,0
0.0,0.0,0.079,10.1,68.9,yellow plantain fried,1.0,399.0,36.8,5.4,12.7,2.4,other,1.5870873765610607,1
541.0,0.085,0.035,214.6,48.5,rose hips,1.3,206.0,3.3,30.6,0.4,2.0,other,70.37859928636628,7
30.7,0.023,0.045,15.1,5.4,lemons,0.3,17.0,1.5,1.6,0.2,0.6,other,251.1136249371543,0
19.5,0.07,0.082,22.1,7.1,lime,0.4,20.0,1.1,1.9,0.1,0.5,other,215.44444444444446,0
0.1,0.008,0.042,0.066,26.4,pomegranate,0.2,117.0,19.3,5.6,1.6,2.4,other,2.7583753378625175,6
0.1,0.068,0.074,0.0,15.3,gooseberries,0.1,66.0,0.0,6.5,0.9,1.3,other,26.767676767676768,6
4.6,0.071,0.0,4.9,13.0,asian pear,0.0,51.0,8.6,4.4,0.3,0.6,other,45.56477291771409,6
123.3,0.0,0.093,18.2,40.1,abiyuch,3.7,157.0,19.5,12.1,0.2,3.4,other,77.67869780608635,1
11.1,0.04,0.095,27.2,15.8,horned melon kiwano,2.4,92.0,0.0,0.0,2.6,3.7,other,41.04236343366778,0
383.6,0.061,0.017,171.6,43.8,fruit walnut salad mcdonalds,0.9,312.0,32.9,0.0,13.3,4.8,other,42.7724358974359,1
0.027,0.051,0.0,0.0,13.3,grapefruit,0.087,53.0,8.6,2.0,0.2,1.0,other,25.025157232704398,0
0.2,0.063,0.067,0.066,31.2,japanese persimmon,0.2,118.0,21.1,6.0,0.3,1.0,other,14.481703607127336,6
34.3,0.023,0.09,46.8,18.0,wild raspberries,0.8,81.0,7.2,9.8,0.4,1.5,other,64.08093278463647,6
0.0,0.0,0.0,0.0,3.9,pink lady apple,0.0,18.0,0.0,0.0,0.1,0.1,other,0.0,0
0.0,0.0,0.072,2.7,2.1,maraschino cherries,0.091,8.0,1.9,0.2,0.083,0.06,other,8.91559829059829,0
202.7,0.0,0.075,61.6,17.2,black currants,1.7,71.0,0.0,0.0,0.5,1.6,other,160.82099434212108,0
16.8,0.005,0.079,3.1,48.0,plantain cooked,0.9,179.0,21.6,3.5,0.3,1.2,cooked,14.053144248674975,6
8.8,0.0,0.03,19.8,21.9,crab apple,0.4,84.0,0.0,0.0,0.3,0.4,other,16.0989010989011,6
0.0,0.0,0.0,0.0,0.2,pom potes materne,0.0,19.0,0.068,0.0,0.2,0.0,other,0.0,0
0.03,0.094,0.062,0.044,25.1,apple,0.086,95.0,18.9,4.4,0.3,0.5,other,25.27841655420603,6
0.1,0.051,0.087,0.028,14.4,cantaloupe melon,0.018,60.0,13.9,1.6,0.3,1.5,other,21.60544159544159,0
0.5,0.0,0.0,0.0,1.6,prickly pear cooked,0.0,7.0,0.0,0.0,0.043,0.091,cooked,7.936507936507938,0
0.069,0.052,0.056,0.019,7.9,guava,0.1,37.0,4.9,3.0,0.5,1.4,other,36.847793947793946,0
7.1,0.012,0.068,1.9,0.9,strawberries,0.04,4.0,0.6,0.2,0.069,0.01,other,281.4316239316239,0
0.0,0.0,0.002,8.5,25.0,japanese persimmon dried,0.3,93.0,0.0,4.9,0.2,0.5,other,2.4951750758202373,6
0.1,0.089,0.043,0.016,21.6,watermelon,0.1,86.0,17.7,1.1,0.4,1.7,other,26.648717948717948,6
52.2,0.041,0.042,55.1,26.7,elderberries,2.3,106.0,0.0,10.2,0.7,1.0,other,80.43984841154652,6
0.013,0.042,0.018,0.0,3.0,kumquat,0.092,13.0,1.8,1.2,0.2,0.4,other,84.81196581196582,0
8.2,0.003,0.023,9.7,1.5,orange peel,0.097,6.0,0.0,0.6,0.017,0.093,other,185.76923076923075,0
135.3,0.005,0.4,87.5,5.1,pokeberry shoots cooked,2.0,33.0,2.6,2.5,0.7,3.8,cooked,360.88448588448585,0
0.2,0.2,0.057,0.045,59.7,breadfruit,0.2,227.0,24.2,10.8,0.5,2.4,other,22.61532813735457,1
7.7,0.005,0.07,16.0,27.1,pear,0.3,101.0,17.4,5.5,0.2,0.6,other,12.57721926038758,6
0.053,0.025,0.071,0.02,12.5,sour cherries,0.1,52.0,8.7,1.6,0.3,1.0,other,13.203813280736359,0
32.9,0.002,0.082,5.4,57.1,plantain raw,1.0,218.0,31.3,3.0,0.6,2.3,raw,19.736924645181524,1
4.7,0.001,0.007,43.8,23.7,blackberries frozen,1.2,97.0,16.1,7.6,0.6,1.8,other,15.987752224865625,6
0.079,0.071,0.0,0.053,1.3,cherries,0.026,5.0,1.0,0.2,0.056,0.068,other,359.72598290598285,0
0.2,0.059,0.065,0.2,2.6,plantain fried,0.039,16.0,0.2,0.2,0.6,0.023,other,95.0267094017094,0
0.039,0.044,0.047,0.0,5.7,carambola starfruit,0.1,26.0,3.4,2.4,0.3,0.9,other,44.6111111111111,0
12.8,0.026,0.4,20.8,7.2,chayote cooked,0.4,35.0,0.0,4.5,0.8,1.0,cooked,70.12698412698413,0
188.4,0.0,0.0,42.2,8.2,apple dippers mcdonalds,0.021,33.0,6.3,0.0,0.0,0.0,other,313.2206682206682,0
78.6,0.098,0.0,28.3,19.8,white grapefruit,0.1,78.0,17.3,2.6,0.2,1.6,other,146.87924611001532,6
0.6,0.2,0.061,0.0,41.6,cherimoya,0.2,176.0,30.2,7.1,1.6,3.7,other,29.419191919191917,6
10.7,0.081,0.022,17.3,13.7,melon balls,0.5,57.0,0.0,1.2,0.4,1.5,other,63.5919928025191,0
0.038,0.094,0.034,0.043,14.8,golden delicious apple,0.035,62.0,10.9,2.6,0.2,0.3,other,38.29028122415219,0
0.2,0.1,0.05,0.0,5.9,pokeberry shoots raw,0.3,37.0,0.0,2.7,0.6,4.2,raw,72.67267267267268,0
0.098,0.081,0.03,0.063,5.4,cranberries,0.033,21.0,1.9,1.6,0.014,0.2,other,97.84318274318274,0
0.08,0.047,0.081,0.0,14.1,quince,0.1,52.0,0.0,1.7,0.012,0.4,other,23.835470085470085,0
0.1,0.065,0.094,0.046,6.0,chayote raw,0.2,25.0,2.2,2.2,0.2,1.1,raw,69.90304273504273,0
112.9,0.019,0.028,111.3,24.6,orange with peel,1.3,100.0,0.0,7.2,0.5,2.1,other,120.53376068376069,6
8.5,0.027,0.078,92.4,51.8,chokecherries,1.1,249.0,14.4,30.8,2.6,4.7,other,11.812549342669824,7
0.4,0.034,0.027,0.019,50.3,mango,0.4,202.0,45.9,5.4,1.3,2.8,other,5.528776339172379,1
16.6,0.098,0.047,17.7,35.3,wild plum,0.3,147.0,17.1,9.7,0.3,0.7,other,31.27391127391127,6
79.9,0.071,0.041,41.3,37.0,jeijoa,0.3,148.0,19.9,15.6,1.0,1.7,other,75.25092400092402,1
15.4,0.0,0.0,12.6,15.7,groundcherries,1.4,74.0,0.0,0.0,1.0,2.7,other,34.94340494340494,0
0.0,0.0,0.0,0.0,0.0,pesca,0.0,30.0,0.0,0.0,0.1,0.0,other,0.0,0
16.5,0.0,0.024,6.8,8.4,persimmon,0.6,32.0,0.0,0.0,0.1,0.2,other,69.34294871794872,0
0.2,0.091,0.009,0.5,0.9,grapes,0.012,3.0,0.8,0.087,0.044,0.045,other,769.2450142450141,0
10.5,0.019,0.051,47.1,44.7,rambutan canned,0.7,175.0,0.0,1.9,0.4,1.4,other,13.673504273504273,6
0.3,0.036,0.049,7.6,3.8,figs canned,0.069,14.0,3.2,0.6,0.039,0.1,other,73.58058608058606,0
6.6,0.0,0.044,39.8,65.1,prunes canned,1.0,246.0,0.0,8.9,0.5,2.0,other,6.483913557084288,1
4.5,0.041,0.06,6.6,7.4,pineapples canned,0.1,28.0,6.8,0.4,0.05,0.2,other,58.26159951159951,0
1.3,0.034,0.055,4.6,7.0,prune plums canned,0.2,27.0,6.5,0.4,0.075,0.2,other,42.25704336815448,0
85.2,0.053,0.022,27.4,23.8,tangerines canned,0.7,92.0,22.1,1.7,0.1,1.5,other,123.81874767744333,6
6.4,0.003,0.059,19.0,28.1,fruit cocktail canned,0.5,109.0,25.7,2.4,0.053,1.1,other,11.101309495804907,6
5.0,0.088,0.073,25.2,48.6,sour cherries canned,3.3,189.0,0.0,2.0,0.3,1.9,other,25.305476416587524,6
5.7,0.074,0.024,23.5,35.1,mangosteen canned,0.6,143.0,0.0,3.5,1.1,0.8,other,20.96109019185942,6
0.1,0.048,0.024,0.053,30.1,apricot juice,0.1,117.0,26.2,3.9,0.07,1.5,other,10.829695375849221,6
80.5,0.008,0.024,33.0,59.8,strawberries canned,1.2,234.0,55.4,4.3,0.7,1.4,other,43.012637884432756,1
9.0,0.026,0.006,15.0,28.9,peach canned,0.7,110.0,25.7,3.3,0.094,1.6,other,19.584304584304586,6
8.2,0.02,0.069,27.4,32.5,fruit salad canned,0.6,125.0,0.0,2.5,0.008,1.3,other,15.6417094017094,6
25.2,0.041,0.097,40.3,47.3,gooseberries canned,0.8,184.0,0.0,6.0,0.5,1.6,other,24.888285024154587,1
53.2,0.094,0.091,36.6,22.3,grapefruit canned,1.0,88.0,21.4,1.0,0.2,1.4,other,103.38869463869464,6
1.2,0.08,0.088,6.8,9.8,pear canned,0.2,38.0,7.4,1.2,0.001,0.3,other,60.4408457040036,0
22.3,0.074,0.013,28.2,59.8,raspberries canned,1.1,233.0,51.4,8.4,0.3,2.1,other,22.127948351124317,1
1.4,0.0,0.075,8.2,21.8,papaya canned,0.1,80.0,20.4,0.6,0.2,0.001,other,3.427350427350427,6
2.5,0.065,0.022,24.5,25.2,grapes canned,2.4,98.0,23.8,1.5,0.3,1.2,other,34.9446188731903,6
2.6,0.0,0.024,7.7,39.1,apple dried,0.8,145.0,34.0,5.1,0.2,0.6,other,5.465959328028293,6
9.5,0.0,0.059,23.2,50.8,peach dried,3.4,199.0,43.8,7.0,0.6,3.0,other,15.692994888974788,1
9.1,0.045,0.039,2.5,18.1,plantain chips,0.3,150.0,0.3,1.0,8.4,0.6,other,15.480056980056977,6
2.5,0.0,0.074,12.2,25.1,pear dried,0.8,94.0,22.4,2.7,0.2,0.7,other,8.68157846881251,6
0.081,0.015,0.025,0.068,23.8,raisins,0.018,90.0,19.6,1.4,0.056,1.0,other,4.383589743589743,6
6.7,0.0,0.011,52.1,81.5,prune plums dried,2.6,308.0,0.0,9.4,0.5,2.7,other,8.407980907980908,1
0.2,0.0,0.037,12.0,98.8,cranberries dried,0.6,370.0,78.0,6.8,1.6,0.053,other,1.2104412104412103,1
0.1,0.002,0.091,13.6,5.4,figs dried,0.2,21.0,4.0,0.8,0.008,0.3,other,13.182743182743181,0
0.5,0.0,0.018,0.8,1.3,longans dried,0.009,5.0,0.0,0.0,0.091,0.027,other,13.341880341880344,0
1.8,0.041,0.099,5.1,16.5,banana chips,0.4,147.0,10.0,2.2,9.5,0.7,other,10.111925111925112,6
4.6,0.063,0.049,0.8,1.8,lychee dried,0.036,7.0,1.7,0.1,0.003,0.01,other,301.7521367521367,0
0.012,0.064,0.066,3.9,4.4,apricot dried,0.2,17.0,3.7,0.5,0.015,0.2,other,102.49673202614377,0
2.7,0.0,0.0,0.039,0.5,longan,0.066,2.0,0.0,0.071,0.076,0.009,other,168.48333333333335,0
40.3,0.094,0.008,31.5,56.2,mamey sapote,1.4,217.0,35.2,9.5,0.8,2.5,other,36.16526842333293,1
18.4,0.087,0.6,31.5,4.3,waxgourd cooked,0.7,19.0,2.1,1.8,0.4,0.7,cooked,255.29689608636974,0
0.1,0.09,0.094,0.0,8.1,jackfruit,0.071,33.0,6.7,0.5,0.2,0.6,other,69.7138047138047,0
0.2,0.015,0.053,3.2,2.4,loquats,0.007,9.0,0.0,0.3,0.071,0.09,other,47.30294396961063,0
0.098,0.086,0.039,0.078,19.0,nance,0.037,82.0,9.3,8.4,1.3,0.7,other,26.610298102981023,6
0.0,0.0,0.0,0.0,0.0,coconut whole coconut,0.0,3336.0,0.0,0.0,71.5,0.0,other,0.0,2
0.097,0.066,0.044,0.0,9.9,prickly pear,0.051,42.0,0.0,3.7,0.5,0.8,other,40.216931216931215,0
0.038,0.067,0.029,0.086,1.6,lychee,0.022,6.0,1.5,0.1,0.016,0.024,other,282.01766381766384,0
3.8,0.032,0.044,9.6,7.1,naranjilla lulo pulp,0.4,30.0,4.5,1.3,0.3,0.5,other,50.60968660968661,0
0.4,0.059,0.058,7.4,6.7,coconut meat dried,0.9,187.0,2.1,4.6,18.3,1.9,other,11.103569632981397,0
17.2,0.089,0.1,25.1,4.0,waxgourd raw,0.5,17.0,0.0,3.8,0.3,0.5,raw,270.9979889391654,0
1.8,0.0,0.1,0.6,0.5,surinam cherry pitanga,0.0,2.0,0.0,0.0,0.059,0.045,other,102.30769230769229,0
0.074,0.0,0.072,0.03,4.2,passion fruit,0.015,17.0,2.0,1.9,0.1,0.4,other,0.9874308697838109,0
25.0,0.08,0.08,35.7,33.9,sapodilla,1.4,141.0,0.0,9.0,1.9,0.7,other,41.34873007213432,6
0.005,0.067,0.094,0.0,12.0,pummelo,0.097,48.0,0.0,1.3,0.06,1.0,other,36.030092592592595,0
46.4,0.001,0.024,31.5,37.9,soursop,1.4,149.0,30.5,7.4,0.7,2.3,other,41.615040440543794,6
0.014,0.097,0.004,0.06,15.7,papaya,0.017,62.0,11.3,2.5,0.4,0.7,other,39.297766749379655,6
0.076,0.039,0.088,0.0,0.4,acerola cherry,0.007,2.0,0.0,0.077,0.052,0.079,other,493.66666666666663,0
8.4,0.0,0.068,9.8,9.6,ohelo berries,0.1,39.0,0.0,0.0,0.3,0.5,other,27.289064212141138,0
22.5,0.029,0.06,38.2,19.1,loganberries,0.9,81.0,11.3,7.8,0.5,2.2,other,49.61538461538461,6
37.1,0.003,0.057,18.7,11.2,casaba melon,0.6,48.0,9.7,1.5,0.2,1.9,other,97.38336894586895,0
0.1,0.1,0.079,0.0,9.5,durian,0.094,51.0,0.0,1.3,1.9,0.5,other,50.26143790849673,0
4.3,0.05,0.005,10.7,0.6,coriander leaves raw,0.3,4.0,0.1,0.4,0.086,0.3,raw,494.1880341880342,0
0.017,0.072,0.079,0.04,0.5,garden cress raw,0.009,3.0,0.4,0.063,0.062,0.2,raw,602.3988603988603,0
0.4,0.058,0.063,6.8,3.6,pasilla peppers dried,0.7,24.0,0.0,1.9,1.1,0.9,other,80.6517094017094,0
0.6,0.072,0.058,5.7,0.3,parsley dried,0.1,1.0,0.073,0.1,0.096,0.1,other,1966.068376068376,0
0.3,0.082,0.068,10.4,8.7,ancho pepper dried,1.9,48.0,0.0,3.7,1.4,2.0,other,67.06018518518519,0
0.4,0.0,0.095,12.8,1.0,coriander seeds,0.3,5.0,0.0,0.8,0.3,0.2,other,61.914529914529915,0
1.7,0.4,0.2,0.0,55.8,dill weed dried,0.5,253.0,0.0,13.6,4.4,20.0,other,41.370223978919626,1
31.2,0.058,0.023,82.8,2.7,borage,2.9,19.0,0.0,0.0,0.6,1.6,other,377.08951866846604,0
0.026,0.058,0.021,0.0,0.094,epazote,0.067,0.0,0.0,0.051,0.06,0.059,other,14.901111111111108,0
0.054,0.009,0.04,0.0,0.1,chives dried,0.047,1.0,0.0,0.041,0.055,0.013,other,257.1111111111111,0
0.057,0.074,0.017,0.0,0.2,thyme fresh,0.018,1.0,0.0,0.1,0.068,0.091,other,1866.333333333333,0
14.8,0.078,0.053,42.2,0.5,butterbur,0.8,4.0,0.0,0.0,0.2,0.1,other,1090.8760683760684,0
54.5,0.099,0.02,166.4,30.6,wasabi root,1.3,142.0,0.0,10.1,0.8,6.2,other,74.17449139280124,6
0.7,0.043,0.048,15.4,0.8,rosemary dried,0.4,4.0,0.0,0.5,0.2,0.081,other,373.3653846153846,0
0.1,0.079,0.0,0.3,0.4,ginger root,0.061,2.0,0.019,0.058,0.028,0.068,other,1011.1538461538461,0
0.075,0.008,0.075,0.0,1.6,white pepper,0.069,7.0,0.0,0.6,0.0,0.2,other,35.23809523809524,0
0.083,0.047,0.0,13.3,1.4,cloves ground,0.2,6.0,0.028,0.7,0.3,0.1,other,232.94017094017093,0
0.1,0.077,0.061,0.061,3.7,paprika,0.061,19.0,0.7,2.4,0.9,1.0,other,103.7089068825911,0
1.1,0.016,0.097,13.4,2.7,mace ground,0.7,25.0,0.0,1.1,1.7,0.4,other,40.567521367521366,0
0.3,0.015,0.084,5.0,0.4,bay leaf,0.3,2.0,0.0,0.2,0.042,0.086,other,306.7307692307692,0
0.2,0.1,0.015,0.0,31.7,eppaw,0.2,150.0,0.0,0.0,1.8,4.6,other,17.555555555555554,6
0.3,0.092,0.012,6.8,0.3,tarragon dried,0.2,2.0,0.0,0.038,0.047,0.1,other,1248.3760683760684,0
0.094,0.002,0.038,2.1,1.3,ginger ground,0.4,6.0,0.067,0.3,0.043,0.2,other,49.8034188034188,0
0.0,0.03,0.055,0.0,1.0,savory ground,0.043,4.0,0.0,0.6,0.029,0.074,other,193.47222222222223,0
0.073,0.047,0.036,0.045,1.5,black pepper,0.001,6.0,0.08,0.6,0.006,0.2,other,197.3354700854701,0
0.033,0.079,0.092,0.0,0.5,spearmint fresh,0.008,3.0,0.0,0.4,0.089,0.2,other,661.0370370370368,0
0.5,0.049,0.063,43.8,2.9,poultry seasoning,1.6,14.0,0.1,0.5,0.3,0.4,other,179.02625152625154,0
0.001,0.008,0.095,4.0,1.1,nutmeg ground,0.018,12.0,0.6,0.5,0.8,0.1,other,20.073361823361825,0
0.05,0.076,0.004,0.094,3.7,curry powder,0.034,20.0,0.2,2.1,0.9,0.8,other,96.25837606837607,0
0.061,0.025,0.007,0.0,0.2,peppermint,0.078,1.0,0.0,0.1,0.004,0.038,other,675.1111111111111,0
0.0,0.0,7.0,4.3,0.0,salt,0.006,0.0,0.0,0.0,0.0,0.0,other,0.3641025641025641,0
0.014,0.019,0.018,0.094,0.3,coriander leaves dried,0.017,2.0,0.045,0.095,0.098,0.1,other,243.3615384615384,0
0.2,0.025,0.083,11.6,0.4,sage ground,0.2,2.0,0.052,0.3,0.046,0.058,other,423.78205128205127,0
0.093,0.011,0.082,0.008,2.3,garlic powder,0.003,10.0,0.068,0.3,0.029,0.5,other,28.706153846153843,0
0.003,0.097,0.017,0.0,0.6,dill weed fresh,0.09,4.0,0.0,0.2,0.063,0.3,other,618.8333333333334,0
0.4,0.0,0.013,7.7,1.4,cardamom,0.3,6.0,0.0,0.6,0.1,0.2,other,45.05698005698006,0
0.023,0.097,0.063,0.0,0.5,saffron,0.037,2.0,0.0,0.002,0.092,0.071,other,1224.0555555555557,0
0.7,0.079,0.001,12.6,1.4,allspice ground,0.1,5.0,0.0,0.4,0.2,0.1,other,441.051282051282,0
0.081,0.047,0.056,0.013,0.2,parsley fresh,0.085,1.0,0.001,0.1,0.078,0.1,other,1231.322222222222,0
1.0,0.2,0.009,0.6,68.9,oregano dried,0.6,265.0,4.1,42.5,4.3,9.0,other,20.56248992098049,7
0.055,0.057,0.004,0.047,1.0,marjoram dried,0.029,5.0,0.077,0.7,0.1,0.2,other,289.51675213675213,0
0.097,0.007,0.099,0.08,0.1,chives raw,0.059,1.0,0.02,0.044,0.088,0.03,raw,219.17094017094013,0
0.5,0.007,0.035,98.7,4.4,fireweed leaves,0.6,24.0,0.0,2.4,0.6,1.1,other,55.12998575498577,0
0.043,0.066,0.039,0.0,0.1,rosemary fresh,0.092,1.0,0.0,0.012,0.1,0.005,other,1705.8888888888891,0
0.061,0.058,0.018,0.003,0.9,garlic,0.069,4.0,0.043,0.064,0.026,0.2,other,373.783547008547,0
0.071,0.05,0.022,26.1,2.1,cinnamon ground,0.2,6.0,0.066,1.4,0.044,0.1,other,261.6282051282051,0
1.0,0.037,0.076,25.6,0.9,chervil dried,0.6,5.0,0.0,0.2,0.002,0.4,other,313.2735042735043,0
0.2,0.019,0.059,0.4,0.2,cayenne pepper,0.003,1.0,0.089,0.052,0.094,0.039,other,501.9658119658119,0
0.6,0.1,0.064,4.0,1.4,turmeric ground,0.9,8.0,0.062,0.5,0.2,0.2,other,387.1794871794872,0
0.015,0.006,0.015,0.012,0.3,mustard,0.086,3.0,0.048,0.2,0.2,0.2,other,66.51225071225072,0
0.031,0.066,0.014,0.047,1.3,chili powder,0.032,8.0,0.2,0.9,0.4,0.4,other,208.94797008547005,0
0.6,0.5,0.016,1.7,63.9,thyme dried,0.9,276.0,1.7,37.0,7.4,9.1,other,38.33240431066518,7
0.092,0.007,0.012,0.0,0.3,spearmint dried,0.021,1.0,0.0,0.1,0.018,0.094,other,196.88888888888886,0
0.047,0.099,0.089,0.078,0.3,basil dried,0.082,2.0,0.054,0.3,0.027,0.2,other,1263.1888888888889,0
18.9,0.063,0.3,147.0,6.7,dandelion greens cooked,1.9,35.0,1.7,3.0,0.6,2.1,cooked,167.46642246642247,0
0.074,0.06,0.058,0.047,0.2,basil fresh,0.075,2.0,0.064,0.1,0.089,0.2,other,775.1252136752137,0
0.2,0.0,0.025,0.0,4.3,dock,0.2,29.0,0.0,3.9,0.9,2.7,other,4.597701149425288,0
31.1,0.035,0.3,82.4,5.1,garden cress cooked,1.1,31.0,4.2,0.9,0.8,2.6,cooked,179.85525227460712,0
0.6,0.045,0.048,9.2,1.9,onion powder,0.052,8.0,0.2,0.4,0.024,0.2,other,161.41559829059827,0
19.3,0.059,0.043,102.9,5.1,dandelion greens raw,1.7,25.0,0.4,1.9,0.4,1.5,raw,214.21709401709404,0
0.025,0.069,0.05,0.0,8.5,yokan,0.048,36.0,0.0,0.0,0.022,0.5,other,48.73456790123456,0
0.1,0.2,0.081,0.067,33.4,fava beans cooked,0.4,187.0,3.1,9.2,0.7,12.9,cooked,27.988495817907584,6
0.3,0.1,0.6,113.9,57.0,chickpeas canned,2.7,352.0,0.0,0.0,7.0,17.8,other,13.947406759906759,1
0.2,0.3,0.086,0.0,44.7,yellow beans cooked,0.3,255.0,0.0,18.4,1.9,16.2,cooked,30.15250544662309,1
0.1,0.3,0.083,0.005,38.7,mung beans cooked,0.3,212.0,4.0,15.4,0.8,14.2,cooked,36.216114336397354,1
0.0,0.2,0.079,191.3,55.5,white beans canned,7.8,299.0,0.8,12.6,0.8,19.0,other,36.136694966126406,1
0.3,0.4,0.075,0.083,47.2,pink beans cooked,0.5,252.0,0.6,9.0,0.8,15.3,cooked,40.91964116130782,1
0.061,0.053,0.086,0.053,9.9,snap beans cooked,0.015,44.0,1.9,4.0,0.4,2.4,cooked,30.466336441336438,0
3.6,0.2,0.048,182.7,27.3,black eyed cowpeas raw,1.6,131.0,4.4,7.3,0.5,4.3,raw,58.734912246362626,6
0.2,0.3,0.034,0.041,13.8,edamame cooked,0.5,189.0,3.4,8.1,8.1,18.5,cooked,41.27150997150997,6
0.1,0.2,0.036,0.0,33.5,black eyed cowpeas cooked,0.2,160.0,5.3,8.3,0.6,5.2,cooked,32.01388888888889,6
0.014,0.5,0.0,0.0,40.2,hyacinth beans cooked,0.7,227.0,0.0,0.0,1.1,15.8,cooked,45.77288301517376,6
6.5,0.1,0.7,48.0,32.7,cowpeas canned,2.3,185.0,0.0,7.9,1.3,11.4,other,26.320166320166322,6
0.4,0.3,0.085,0.097,44.8,pinto beans cooked,0.4,245.0,0.6,15.4,1.1,15.4,cooked,31.70372579801151,1
0.0,0.004,0.4,244.2,25.7,winged beans cooked,7.4,253.0,0.0,0.0,10.0,18.3,cooked,24.06945711293537,6
2.1,0.6,0.1,154.5,87.4,fava beans raw,10.1,512.0,8.6,37.5,2.3,39.2,raw,33.26739449786324,7
0.0,0.1,0.8,50.6,35.9,lima beans canned,4.4,190.0,0.0,11.6,0.4,11.9,other,28.07197480881691,1
14.9,0.036,0.09,105.4,15.4,snap beans canned,4.0,66.0,0.0,6.6,0.4,3.5,other,84.67495467495468,6
1.8,0.2,1.2,123.1,53.6,navy beans canned,4.8,296.0,0.7,13.4,1.1,19.7,other,29.775641025641026,1
0.1,0.4,0.06,0.004,45.0,black turtle beans cooked,0.5,241.0,0.6,15.4,0.6,15.1,cooked,42.692612689293185,1
0.2,0.2,0.045,0.029,44.9,white beans cooked,0.5,249.0,0.6,11.3,0.6,17.4,cooked,21.286036453506334,1
0.1,0.4,0.4,0.0,43.3,cranberry beans cooked,0.4,241.0,0.0,17.7,0.8,16.5,cooked,42.46196403872753,1
0.4,0.3,0.016,0.077,39.9,lentils cooked,0.5,230.0,3.6,15.6,0.8,17.9,cooked,34.0122370865849,1
0.0,0.036,0.9,86.4,53.7,baked beans canned,3.0,239.0,20.2,10.4,0.9,12.1,other,13.520008582770087,1
2.1,0.2,0.9,88.4,39.3,cranberry beans canned,4.0,216.0,0.0,16.4,0.7,14.4,other,37.66460905349794,1
0.0,0.3,0.008,46.4,40.8,black beans cooked,3.6,227.0,0.0,15.0,0.9,15.2,cooked,43.4225686208065,1
0.3,0.3,0.012,0.052,39.3,lima beans cooked,0.4,216.0,5.5,13.2,0.7,14.7,cooked,35.90720164609053,1
4.6,0.05,1.2,66.6,31.8,fava beans canned,2.6,182.0,0.0,9.5,0.6,14.0,other,20.427820043204658,6
16.3,0.002,0.085,37.0,7.1,yellow snap beans raw,1.0,31.0,0.0,3.4,0.1,1.8,raw,87.13813068651778,0
12.2,0.061,0.025,37.0,7.0,snap beans raw,1.0,31.0,3.3,2.7,0.2,1.8,raw,120.02343534601599,0
8.2,0.071,0.6,57.6,8.4,yellow snap beans canned,2.2,36.0,0.0,3.6,0.2,1.9,other,120.8725071225071,0
0.0,0.2,0.036,72.2,39.1,pigeon peas cooked,1.9,203.0,0.0,11.3,0.6,11.4,cooked,32.566207738621536,1
2.5,1.1,0.07,142.0,99.6,catjang cowpeas raw,16.6,573.0,0.0,17.9,3.5,39.8,raw,35.93770975969929,1
0.0,0.3,0.4,125.6,47.4,navy beans cooked,4.3,255.0,0.7,19.1,1.1,15.0,cooked,42.56879503938327,1
0.025,0.1,0.037,0.033,14.5,cowpeas cooked,0.2,81.0,2.3,4.6,0.4,5.4,cooked,32.273367099293026,6
1.8,0.3,0.086,5.3,37.1,mothbeans cooked,5.6,207.0,0.0,0.0,1.0,13.8,cooked,52.42454271439778,6
0.2,0.2,0.003,0.0,42.5,french beans cooked,0.2,228.0,0.0,16.6,1.3,12.5,cooked,22.514619883040936,1
0.0,0.084,0.09,800.8,75.9,winged beans raw,24.5,744.0,0.0,47.1,29.7,54.0,raw,24.543010752688172,7
0.2,0.3,0.079,0.0,57.0,adzuki beans cooked,0.7,294.0,0.0,16.8,0.2,17.3,cooked,26.908541194255477,1
0.2,0.3,0.021,0.0,34.7,catjang cowpeas cooked,0.5,200.0,0.0,6.2,1.2,13.9,cooked,38.99999999999999,6
0.2,0.1,0.064,0.06,35.0,baby lima beans cooked,0.4,189.0,2.5,10.8,0.5,12.0,cooked,14.523312078867633,1
31.0,0.087,0.026,61.1,8.9,cowpeas raw,0.9,41.0,4.7,3.1,0.3,3.1,raw,160.7181571815718,0
0.1,0.06,0.8,0.051,15.2,shellie beans canned,0.2,74.0,1.5,8.3,0.5,4.3,other,21.927223377223378,6
1.7,0.03,0.6,112.8,36.4,pinto beans canned,3.5,197.0,2.4,11.0,1.3,11.0,other,19.040739294546405,1
2.1,0.3,0.08,80.4,45.0,chickpeas cooked,4.7,269.0,7.9,12.5,4.2,14.5,cooked,40.754297334222976,1
1.8,0.2,0.083,95.4,33.0,mungo beans cooked,3.2,189.0,3.6,11.5,1.0,13.6,cooked,40.80224302446525,1
0.058,0.084,0.007,0.03,1.3,tamarinds,0.032,5.0,0.8,0.1,0.013,0.057,other,424.8905982905983,0
0.062,0.094,0.096,0.025,9.9,yellow snap beans cooked,0.1,44.0,4.5,4.1,0.4,2.4,cooked,54.83265345765346,0
0.2,0.4,0.059,0.0,36.1,yardlong beans cooked,0.4,202.0,0.0,6.5,0.8,14.2,cooked,50.715071507150725,6
0.0,0.077,0.4,4.0,0.2,bacon beef steak,0.5,146.0,0.2,0.0,12.5,8.2,other,15.298267181828823,0
0.0,0.014,0.3,49.9,0.0,lamb foreshank raw,7.6,912.0,0.0,0.0,60.7,85.8,raw,5.4342855000749735,5
0.0,0.0,0.1,1.0,0.2,bacon,0.1,106.0,0.2,0.0,10.2,3.3,other,0.5966779551685212,0
0.0,0.084,0.2,56.1,0.0,lamb rib cooked,4.1,915.0,0.0,0.0,76.0,53.9,cooked,5.2560833216570915,5
0.0,0.033,0.3,36.3,0.0,lamb shank raw,7.8,912.0,0.0,0.0,61.2,84.3,raw,5.962241340530815,5
0.7,0.032,0.1,2.0,4.0,scrapple,0.5,60.0,0.063,0.052,3.9,2.3,other,19.51566951566952,0
0.095,0.041,0.1,0.058,3.0,chicken nuggets,0.091,61.0,0.039,0.2,4.1,3.2,other,17.812414179627293,0
0.0,0.062,0.3,68.9,0.0,ground lamb cooked,5.6,886.0,0.0,0.0,61.5,77.5,cooked,5.859041886129923,5
0.0,0.013,0.2,40.0,0.0,lamb meat cooked,4.8,678.0,0.0,0.0,45.0,63.8,cooked,4.8663111716209055,5
0.0,0.2,0.041,179.5,33.7,meat extender,10.6,275.0,0.0,15.4,2.6,33.5,other,44.616938616938626,1
0.0,0.055,0.3,40.8,0.0,lamb leg raw,7.5,1043.0,0.0,0.0,77.4,81.2,raw,5.614106251690145,5
0.0,0.003,0.089,12.8,0.0,lamb loin cooked,1.2,202.0,0.0,0.0,14.8,16.1,cooked,4.15905052043666,4
0.0,0.063,0.3,11.4,7.7,chicken patty,0.6,172.0,0.0,0.2,11.7,8.9,other,11.604800238521168,0
0.0,0.085,0.2,26.9,0.0,lamb shank roasted,5.3,605.0,0.0,0.0,33.5,71.0,other,8.721268630359539,5
0.0,0.038,0.3,12.7,1.5,barbecue loaf,0.3,40.0,0.0,0.0,2.0,3.6,other,30.358974358974354,0
0.0,0.086,0.2,28.8,0.0,lamb sirloin cooked,5.2,765.0,0.0,0.0,54.2,64.5,cooked,6.876375621473661,5
0.1,0.093,0.079,1.3,1.0,poultry salad,0.097,26.0,0.0,0.0,1.8,1.5,other,92.3076923076923,0
0.0,0.012,0.05,4.5,0.0,ground lamb raw,0.4,80.0,0.0,0.0,6.6,4.7,raw,6.960470085470086,0
0.0,0.003,0.003,4.2,0.0,lamb loin raw,0.5,88.0,0.0,0.0,7.5,4.6,raw,4.375971250971251,0
0.0,0.0,0.2,6.5,0.4,sausage patty mcdonalds,0.3,115.0,0.1,0.0,11.2,4.3,other,1.884057971014493,0
0.0,0.026,0.1,29.6,0.0,lamb foreshank cooked,3.2,360.0,0.0,0.0,19.9,42.0,cooked,7.37630579297246,4
0.0,0.084,0.5,3.6,4.8,ham salad,0.3,97.0,0.0,0.0,7.0,3.9,other,23.653185302669836,0
0.0,0.035,0.3,72.6,0.0,lamb shoulder raw,6.8,1198.0,0.0,0.0,97.3,75.2,raw,4.349949345775723,5
0.0,0.016,0.3,54.4,0.0,lamb meat raw,7.3,1102.0,0.0,0.0,84.6,79.6,raw,4.422883025423861,5
0.0,0.041,0.2,54.5,0.0,lamb shoulder cooked,5.2,750.0,0.0,0.0,53.5,62.5,cooked,5.777492877492878,5
0.0,0.0,0.07,2.8,0.027,mutton cooked,1.3,66.0,0.0,0.0,3.1,9.5,cooked,11.269101269101272,0
0.0,0.058,0.2,29.2,0.0,lamb leg cooked,5.2,684.0,0.0,0.0,43.7,67.7,cooked,6.67178987354426,5
1.4,0.0,0.3,13.6,1.1,beef stick,0.7,110.0,0.0,0.0,9.9,4.3,other,5.900543900543901,0
0.0,0.032,0.2,34.9,0.0,veal sirloin cooked,2.5,517.0,0.0,0.0,26.9,64.1,cooked,4.753095604159434,5
0.0,0.058,0.2,38.9,0.0,veal rib cooked,2.5,444.0,0.0,0.0,22.2,57.4,cooked,7.0678370678370666,4
0.0,0.064,0.2,46.0,0.0,veal meat cooked,2.4,483.0,0.0,0.0,23.8,62.9,cooked,6.805754631841589,5
0.0,0.075,0.01,6.7,0.0,beef rib roasted,1.6,238.0,0.0,0.0,19.1,15.4,other,11.829526682467858,4
0.0,0.016,0.3,49.9,0.0,veal sirloin raw,3.5,689.0,0.0,0.0,35.4,86.5,raw,3.9597831615248165,5
0.6,0.1,0.1,0.019,0.8,beef top loin filet grilled,0.2,323.0,0.0,0.0,19.0,37.0,other,8.290786166018364,4
0.0,0.085,0.2,21.8,0.0,mock tender steak raw,4.8,244.0,0.0,0.0,8.3,42.2,raw,20.32524169819252,4
0.6,0.007,0.1,0.052,0.0,ground beef cooked,0.1,375.0,0.0,0.0,24.8,35.5,cooked,0.7936592592592593,4
0.0,0.0,0.0,0.0,10.5,beef diced asda,0.0,48.0,0.054,0.0,0.7,0.0,other,0.0,0
0.0,0.082,0.4,59.0,0.0,veal rib raw,3.9,735.0,0.0,0.0,40.9,85.5,raw,6.354439211582069,5
0.0,0.005,0.029,4.2,0.0,ground veal raw,0.2,41.0,0.0,0.0,1.9,5.5,raw,6.54680008338545,0
2.4,0.2,0.2,0.0,0.0,t bone steak cooked,0.2,1049.0,0.0,0.0,74.1,89.3,cooked,5.126575574621333,5
0.0,0.064,0.3,22.7,0.0,veal leg round raw,3.6,531.0,0.0,0.0,14.0,95.2,raw,7.108503549181515,5
0.8,0.2,0.1,0.047,0.0,beef plate steak grilled,0.4,508.0,0.0,0.0,35.6,47.1,other,10.455654821993404,5
0.0,0.03,0.2,50.8,0.0,ground veal cooked,3.0,514.0,0.0,0.0,22.6,72.9,cooked,5.461937543649605,5
0.0,0.067,0.2,21.8,0.0,veal leg round cooked,3.6,574.0,0.0,0.0,17.2,98.4,cooked,6.6945859019029745,5
0.0,0.095,0.2,27.2,0.0,porterhouse steak raw,8.8,1170.0,0.0,0.0,91.1,81.6,raw,6.387281759076631,5
0.0,0.075,0.4,90.7,0.0,veal shank raw,3.4,513.0,0.0,0.0,15.8,86.9,raw,8.69703936955399,5
0.0,0.089,0.2,25.5,0.0,veal breast cooked,2.2,753.0,0.0,0.0,47.5,76.3,cooked,4.83848083449677,5
0.0,0.057,0.2,2.5,0.0,corned beef canned,0.4,53.0,0.0,0.0,3.1,5.7,other,31.442509272697944,0
0.0,0.036,0.1,30.1,0.0,rib eye steak grilled,6.0,680.0,0.0,0.0,47.7,62.4,other,6.565987933634992,5
0.0,0.0,0.0,0.0,0.0,veal shoulder raw,0.0,0.0,0.0,0.0,0.0,0.0,raw,0.0,0
0.0,0.007,0.2,27.2,0.0,t bone steak raw,9.5,1052.0,0.0,0.0,76.3,85.7,raw,5.38213740209938,5
1.1,0.1,0.6,0.0,0.0,sirloin steak,0.2,324.0,0.0,0.0,14.1,49.5,other,8.436213991769547,4
0.0,0.025,0.028,6.8,0.0,mock tender steak cooked,2.6,137.0,0.0,0.0,4.9,21.9,cooked,15.48724187410319,4
0.0,0.032,0.011,14.4,0.0,beef round steak cooked,5.2,385.0,0.0,0.0,12.1,64.8,cooked,9.86924186924187,4
0.0,0.04,0.3,45.4,0.0,chuck blade roast raw,9.3,1125.0,0.0,0.0,88.0,77.8,raw,5.791908831908832,5
0.0,0.082,0.2,28.7,0.0,beef shoulder steak raw,6.0,349.0,0.0,0.0,17.3,48.2,raw,16.05760047020792,4
0.0,0.016,0.002,6.0,0.0,beef top blade cooked,2.3,184.0,0.0,0.0,10.0,21.9,cooked,9.369193608324043,4
0.0,0.094,0.2,1.7,0.006,corned beef cooked,0.4,53.0,0.0,0.0,4.0,3.8,cooked,48.77922915658765,0
0.0,0.043,0.014,10.2,0.0,beef shoulder steak grilled,2.5,155.0,0.0,0.0,5.8,24.0,other,16.40226082161566,4
0.0,0.017,0.3,53.8,0.0,chuck eye steak raw,8.1,856.0,0.0,0.0,62.8,72.4,raw,6.236969805895038,5
0.0,0.069,0.085,6.0,0.0,porterhouse steak cooked,2.5,235.0,0.0,0.0,16.4,20.4,cooked,13.446990361883978,4
0.0,0.089,0.2,16.0,0.9,beef plate steak raw,9.1,617.0,0.0,0.0,46.8,47.8,raw,11.99940434138165,5
0.0,0.013,0.095,4.5,0.0,beef meat canned,1.0,111.0,0.0,0.0,7.9,9.2,other,8.244783244783244,0
5.4,0.067,0.2,0.9,0.2,beef breakfast strips raw,0.3,92.0,0.0,0.0,8.8,2.8,raw,26.615105908584173,0
0.0,0.026,0.1,12.5,0.0,beef brisket cooked,4.4,589.0,0.0,0.0,43.6,46.0,cooked,5.416975026482667,5
122.5,0.007,5.5,31.8,0.6,corned beef raw,7.7,898.0,0.0,0.0,67.6,66.6,raw,16.366807530504637,5
0.0,0.0,0.0,0.0,6.8,beef mince meat asda,0.0,55.0,0.054,0.0,3.1,0.0,other,0.0,0
3.3,0.076,0.005,0.9,0.1,pastrami beef fat free,0.3,9.0,0.0,0.0,0.1,1.9,other,271.13960113960115,0
0.0,0.025,0.2,26.1,0.4,rib eye steak raw,5.9,743.0,0.0,0.0,54.5,62.8,raw,5.522943483912528,5
0.0,0.016,0.061,26.6,0.0,beef tenderloin steak cooked,2.4,374.0,0.0,0.0,24.0,37.0,cooked,5.181681064034005,4
0.0,0.005,0.2,32.1,0.0,chuck blade roast cooked,7.7,842.0,0.0,0.0,62.0,66.1,cooked,5.522210041212416,5
0.0,0.058,0.049,0.2,0.06,cured beef dried,0.004,4.0,0.006,0.0,0.019,0.9,other,363.4401709401709,0
0.0,0.021,0.068,33.8,0.0,beef flank steak cooked,3.4,380.0,0.0,0.0,17.5,51.8,cooked,7.036549707602338,4
1.1,0.2,0.2,0.02,0.0,chuck eye steak grilled,0.2,853.0,0.0,0.0,60.5,76.9,other,6.135389424955662,5
0.0,0.097,0.4,68.0,0.0,veal meat raw,3.8,653.0,0.0,0.0,30.7,87.8,raw,7.747608015601889,5
0.0,0.096,0.001,7.9,0.0,veal loin cooked,0.3,80.0,0.0,0.0,4.9,8.5,cooked,32.842948717948715,0
0.0,0.033,0.079,4.5,0.0,veal loin raw,0.2,46.0,0.0,0.0,2.6,5.3,raw,21.102749907097735,0
0.0,0.049,0.2,66.9,0.0,veal shoulder cooked,2.7,435.0,0.0,0.0,19.4,61.2,cooked,7.447391688771001,4
0.0,0.087,0.032,37.7,0.0,beef tenderloin steak raw,2.3,405.0,0.0,0.0,29.8,32.2,raw,9.241426611796982,4
0.0,0.018,0.2,64.0,0.0,veal shank cooked,2.4,371.0,0.0,0.0,12.0,61.2,cooked,6.133803303614624,4
0.0,0.036,0.3,27.2,0.0,beef brisket raw,7.7,1139.0,0.0,0.0,86.5,83.6,raw,4.72959486128933,5
0.2,0.031,0.8,7.1,0.3,pastrami beef,1.6,104.0,0.08,0.0,4.1,15.5,other,16.737754766600922,0
0.0,0.05,0.054,7.6,0.0,beef flank steak raw,0.4,47.0,0.0,0.0,2.3,6.0,raw,32.567739589016185,0
0.0,0.075,0.055,35.4,0.0,beef top sirloin steak cooked,3.1,430.0,0.0,0.0,25.2,47.7,cooked,8.998906777976545,4
0.0,0.0,0.3,31.8,0.0,veal breast raw,2.4,943.0,0.0,0.0,66.9,79.2,raw,1.6733284389700085,5
0.0,0.093,0.4,4.0,2.2,beef jerky,1.1,82.0,1.8,0.4,5.1,6.6,other,36.18146758390661,0
0.0,0.02,0.3,1.0,0.2,beef breakfast strips cooked,0.4,51.0,0.0,0.0,3.9,3.5,cooked,14.312049606167253,0
0.0,0.069,0.3,30.5,2.6,pork olive loaf,0.2,66.0,0.0,0.0,4.6,3.3,other,31.374643874643876,0
0.0,0.027,0.4,2.8,0.0,beef luncheon meat jellied,1.0,31.0,0.0,0.0,0.9,5.3,other,40.39012958367797,0
2.3,0.035,0.3,3.1,0.5,turkey pastrami,1.2,38.0,1.0,0.062,1.8,4.6,other,47.92285200179937,0
0.0,0.094,0.2,1.3,0.2,pork salami,0.1,41.0,0.0,0.0,3.4,2.3,other,58.9159891598916,0
0.0,0.04,0.3,2.3,0.5,canadian style bacon raw,0.2,45.0,0.0,0.0,2.0,5.9,raw,25.08452041785375,0
0.0,0.046,0.4,30.8,2.6,honey loaf,0.6,85.0,2.6,0.0,3.6,9.9,other,20.238310708898947,0
0.032,0.042,0.2,0.0,0.076,pork beef salami,0.042,37.0,0.008,0.0,3.1,2.1,other,29.105105105105107,0
0.2,0.072,0.3,25.5,1.6,beef pork bologna,0.4,92.0,1.3,0.0,7.4,4.6,other,24.354329245633586,0
0.0,0.039,0.2,1.8,0.3,pork beef salami cooked,0.2,41.0,0.1,0.0,3.2,2.7,cooked,26.82822597456743,0
6.1,0.047,0.2,1.8,0.2,pork breakfast strips raw,0.2,88.0,0.0,0.0,8.4,2.7,raw,22.474261849261847,0
3.0,0.093,0.4,41.4,3.2,pickle pimiento loaf,0.5,86.0,3.2,0.6,6.1,4.3,other,37.84386801828662,0
0.0,0.055,0.3,10.1,1.4,luxury loaf,0.3,39.0,0.0,0.0,1.3,5.2,other,41.52202498356344,0
0.0,0.015,0.2,2.7,0.5,mortadella,0.2,47.0,0.0,0.0,3.8,2.5,other,10.784688125113659,0
0.0,0.077,0.3,3.1,0.2,pork bologna,0.2,69.0,0.0,0.0,5.6,4.3,other,29.854453115322677,0
0.0,0.036,0.023,2.0,0.081,turkey salami cooked,0.026,9.0,0.063,0.054,0.5,1.0,cooked,103.31433998100661,0
0.097,0.07,0.09,0.4,0.0,pepperoni beef,0.035,10.0,0.0,0.0,0.9,0.5,other,178.3299145299145,0
0.0,0.064,0.2,15.4,1.3,peppered loaf,0.3,42.0,1.3,0.0,1.8,4.9,other,44.88400488400489,0
0.0,0.095,0.1,0.9,0.0,luncheon meat beef,0.3,10.0,0.0,0.0,0.3,1.8,other,254.85897435897436,0
0.5,0.024,0.8,11.4,0.3,lebanon bologna,1.2,98.0,0.0,0.0,6.0,10.8,other,14.386882958311528,0
3.7,0.081,0.3,54.9,1.2,chicken pork bologna,0.3,94.0,0.0,0.0,8.6,2.9,other,32.181760320058196,0
0.0,0.072,0.1,8.6,0.6,turkey roll,0.4,40.0,0.0,0.0,1.9,4.9,other,52.2094017094017,0
0.0,0.036,0.3,1.6,0.5,beef salami cooked,0.6,68.0,0.4,0.0,5.8,3.3,cooked,18.318250377073905,0
0.0,0.0,0.5,10.6,0.8,yachtwurst cooked,0.6,150.0,0.0,0.0,12.7,8.3,cooked,2.765811965811966,0
0.0,0.024,0.2,1.0,0.1,italian salami,0.2,43.0,0.1,0.0,3.7,2.2,other,16.71635857682369,0
0.0,0.096,0.3,1.4,0.3,turkey ham,0.4,38.0,0.1,0.0,1.6,5.5,other,69.28924876293297,0
3.7,0.098,0.3,34.4,1.3,turkey bologna,0.8,59.0,0.8,0.1,4.5,3.2,other,60.511371867304064,0
0.006,0.084,0.1,0.0,0.4,sliced turkey breast,0.023,17.0,0.1,0.0,0.6,2.4,other,124.32026143790848,0
0.0,0.011,0.4,2.5,0.7,luncheon meat pork beef,0.2,99.0,0.0,0.0,9.0,3.5,other,4.094362427695761,0
0.085,0.019,0.3,0.053,1.3,beef bologna,0.01,90.0,0.6,0.0,7.8,3.3,other,5.448974358974358,0
0.0,0.021,1.9,7.4,2.5,turkey bacon cooked,1.7,313.0,0.0,0.0,22.9,24.3,cooked,4.876573550694956,4
0.9,0.3,0.025,0.044,0.0,ground emu cooked,0.3,178.0,0.0,0.0,5.1,31.0,cooked,43.634860270815324,4
0.0,0.034,0.067,4.3,0.0,ostrich leg raw,2.0,94.0,0.0,0.0,1.5,19.0,raw,21.214766321149302,0
0.0,0.011,0.086,4.3,0.0,ostrich strip raw,3.6,108.0,0.0,0.0,2.4,20.1,raw,21.37108262108262,4
0.0,0.1,0.005,5.1,0.0,ostrich tenderloin raw,4.1,105.0,0.0,0.0,2.7,18.8,raw,45.87627187627187,0
0.0,0.087,0.099,33.4,0.0,green turtle raw,0.4,25.0,0.0,0.0,0.1,5.6,raw,106.16581196581194,0
0.0,0.015,0.2,35.0,0.0,ground bison cooked,8.0,448.0,0.0,0.0,21.6,63.6,cooked,11.35865003052503,5
0.0,0.084,0.4,59.0,0.0,goat meat raw,12.8,494.0,0.0,0.0,10.5,93.4,raw,19.56469081975155,5
0.0,0.073,0.062,8.2,0.0,ground emu raw,4.7,157.0,0.0,0.0,4.7,26.6,raw,28.657248625401493,4
0.0,0.071,0.021,7.6,0.0,ground ostrich raw,3.2,180.0,0.0,0.0,9.5,22.0,raw,20.06244064577398,4
0.0,0.02,0.086,5.1,0.0,ostrich tip cooked,2.4,123.0,0.0,0.0,2.2,24.2,cooked,15.224098394830103,4
0.0,0.055,0.004,6.6,0.0,caribou cooked,6.3,210.0,0.0,0.0,6.4,38.0,cooked,23.456043956043956,4
0.5,0.2,0.099,0.0,0.0,ground ostrich cooked,0.1,163.0,0.0,0.0,6.6,24.3,cooked,31.35650988411725,4
0.0,0.074,0.016,5.1,0.0,ostrich leg cooked,2.7,120.0,0.0,0.0,1.6,24.7,cooked,28.24358974358974,4
0.5,0.2,0.029,0.046,0.0,ostrich top loin cooked,0.1,132.0,0.0,0.0,3.3,23.9,cooked,38.72321937321937,4
0.0,0.012,0.034,4.3,0.0,ostrich strip cooked,4.1,139.0,0.0,0.0,3.6,25.0,cooked,18.783127344278423,4
0.0,0.099,0.041,4.3,0.0,ostrich tip raw,2.4,97.0,0.0,0.0,2.0,18.6,raw,39.60216759185831,0
0.0,0.087,0.074,4.3,0.0,ostrich round raw,3.0,99.0,0.0,0.0,2.0,18.7,raw,39.138824138824134,0
0.0,0.02,0.042,9.4,0.099,ground bison raw,2.4,124.0,0.0,0.0,6.1,17.2,raw,15.368072787427625,0
0.0,0.045,0.04,5.1,0.0,ostrich fan raw,3.7,99.0,0.0,0.0,2.3,18.5,raw,32.523094189760855,0
0.0,0.042,0.073,5.1,0.0,ostrich top loin raw,2.7,101.0,0.0,0.0,2.5,18.4,raw,25.63594821020564,0
44.1,0.024,0.5,54.2,0.0,veal brain cooked,5.7,461.0,0.0,0.0,32.6,38.9,cooked,19.704099226875798,4
15.3,0.098,0.2,23.0,0.0,veal tongue cooked,5.3,515.0,0.0,0.0,25.8,65.9,cooked,14.11916023566509,5
0.048,0.062,0.024,0.038,0.057,beef heart cooked,0.2,47.0,0.0,0.0,1.3,8.1,cooked,35.462484088016,0
12.0,0.4,0.083,10.1,0.0,turkey liver cooked,0.9,100.0,0.0,0.0,4.3,14.3,cooked,119.11025641025641,0
11.2,0.052,0.036,1.1,0.0,veal thymus cooked,0.4,35.0,0.0,0.0,0.9,6.4,cooked,79.28937728937728,0
11.6,0.097,0.6,31.6,0.0,beef brain cooked,7.8,688.0,0.0,0.0,55.6,44.1,cooked,12.049853408865035,5
45.1,0.093,0.1,35.5,0.0,beef pancreas cooked,5.8,602.0,0.0,0.0,38.2,60.2,cooked,17.99237584121305,5
0.0,0.038,0.045,68.9,1.7,beef tripe cooked,0.6,80.0,0.0,0.0,3.4,10.0,cooked,22.666666666666664,0
0.0,0.074,0.069,24.7,0.0,chicken gizzard cooked,4.6,223.0,0.0,0.0,3.9,44.1,cooked,20.607872446437465,4
14.0,0.086,0.1,39.2,0.0,pork pancreas cooked,6.6,537.0,0.0,0.0,26.5,69.8,cooked,14.29005713921915,5
0.4,0.007,0.029,1.4,0.0,beef tongue cooked,0.7,80.0,0.0,0.0,6.3,5.5,cooked,7.738782051282052,0
13.4,0.006,0.1,26.7,3.7,lamb heart cooked,10.5,353.0,0.0,0.0,15.1,47.7,cooked,21.749594440812572,4
154.9,0.035,0.2,37.0,0.0,beef spleen cooked,121.2,447.0,0.0,0.0,12.9,77.3,cooked,47.33694716916193,5
14.7,0.056,0.2,53.4,0.0,veal kidneys cooked,5.6,300.0,0.0,0.0,10.4,48.4,cooked,21.85071225071225,4
2.6,0.1,0.081,27.6,0.1,chicken heart cooked,13.1,268.0,0.0,0.0,11.5,38.3,cooked,38.35438193647149,4
17.9,0.082,0.2,25.5,0.0,lamb tongue cooked,6.7,701.0,0.0,0.0,51.7,55.0,cooked,11.351305217211065,5
19.8,0.029,0.1,15.8,0.3,veal heart cooked,8.6,368.0,0.0,0.0,13.4,57.7,cooked,21.26172891118543,4
0.4,0.1,0.079,0.0,0.5,chicken liver cooked,0.2,76.0,0.0,0.0,2.8,11.3,cooked,34.941520467836256,0
46.2,0.089,0.1,27.7,0.0,lamb pancreas cooked,4.9,541.0,0.0,0.0,34.9,52.7,cooked,19.027047095438967,5
138.0,0.022,0.2,24.2,0.0,veal spleen cooked,25.4,445.0,0.0,0.0,10.0,83.1,cooked,46.598098530682805,5
2.8,0.045,0.031,7.7,0.0,turkey gizzard cooked,1.7,70.0,0.0,0.0,2.1,11.9,cooked,34.85409035409035,0
76.7,0.062,0.2,38.4,0.0,lamp spleen cooked,114.1,460.0,0.0,0.0,14.1,78.1,cooked,44.27740616871051,5
0.6,0.091,0.046,4.2,0.0,turkey heart cooked,1.4,35.0,0.0,0.0,1.5,5.0,cooked,90.05006105006105,0
0.7,0.1,0.068,0.07,3.5,beef liver cooked,9.7,130.0,0.0,0.0,3.6,19.8,cooked,61.2861932938856,4
106.7,0.012,0.3,45.7,0.0,lamb lungs cooked,17.4,431.0,0.0,0.0,11.8,75.7,cooked,47.14200725801654,5
53.5,0.063,0.3,34.4,0.0,pork brain cooked,7.0,527.0,0.0,0.0,36.3,46.4,cooked,22.149807813944438,5
4.2,0.7,0.1,40.4,5.9,goose liver,28.7,125.0,0.0,0.0,4.0,15.4,other,166.21948717948717,0
14.8,0.098,0.1,18.2,0.0,pork kidneys cooked,7.4,211.0,0.0,0.0,6.6,35.6,cooked,39.552395997893626,4
41.6,0.007,0.5,41.6,0.0,lamb brain cooked,5.8,503.0,0.0,0.0,35.3,43.5,cooked,16.579412414402476,4
2.9,0.023,0.053,10.2,0.6,pork heart cooked,8.5,215.0,0.0,0.0,7.3,34.2,cooked,26.501888292585967,4
30.6,0.2,0.4,45.9,2.5,lamb kidneys cooked,31.6,349.0,0.0,0.0,9.2,60.3,cooked,53.73374476526339,4
99.1,0.062,0.3,33.3,0.0,beef lungs cooked,16.4,364.0,0.0,0.0,11.2,61.8,cooked,57.46501361885977,4
14.4,0.068,0.2,43.2,0.0,veal pancreas cooked,5.7,614.0,0.0,0.0,35.0,69.8,cooked,11.073248141652051,5
83.5,0.6,0.2,35.4,13.3,pork liver cooked,63.4,584.0,0.0,0.0,15.6,92.1,cooked,50.59946142137923,5
0.0,0.073,0.029,5.4,0.0,beef kidneys cooked,1.6,45.0,0.0,0.0,1.3,7.7,cooked,61.23171889838556,0
0.5,0.2,0.1,0.014,0.0,turkey giblets cooked,0.7,164.0,0.0,0.0,6.3,25.1,cooked,33.198488638732535,4
2.0,0.3,0.089,4.8,1.6,duck liver raw,13.4,60.0,0.0,0.0,2.0,8.2,raw,253.39316239316236,0
0.7,0.1,0.046,0.043,3.0,veal liver cooked,12.0,154.0,0.0,0.0,5.0,22.7,cooked,60.03100788100788,4
23.7,0.069,0.2,24.0,0.0,pork lungs cooked,49.2,297.0,0.0,0.0,9.3,49.8,cooked,48.96615729949063,4
102.0,0.032,0.2,21.0,0.0,veal lungs cooked,10.8,312.0,0.0,0.0,7.9,56.2,cooked,54.36390532544378,4
115.1,0.058,0.4,38.1,0.0,beef thymus cooked,5.7,1215.0,0.0,0.0,95.2,83.2,cooked,12.271393901023531,5
1.1,0.079,0.2,6.7,1.0,ham,0.3,46.0,0.3,0.4,2.5,4.6,other,50.33537718320326,0
0.0,0.0,0.7,10.7,0.0,pork meat cooked,0.7,283.0,0.0,0.0,14.1,14.1,cooked,1.6650055872670715,0
0.09,0.05,0.034,0.097,0.1,bacon roasted,0.096,43.0,0.0,0.0,3.3,3.0,other,30.559988073941557,0
0.014,0.076,0.4,2.0,0.0,pork blade roll raw,0.2,76.0,0.0,0.0,6.2,4.7,raw,26.68488529014844,0
0.0,0.022,0.2,83.2,0.0,pork spareribs cooked,3.3,703.0,0.0,0.0,53.6,51.4,cooked,4.3006164058795635,5
0.0,0.09,0.035,4.2,0.029,pork stomach cooked,0.3,44.0,0.0,0.0,2.1,6.1,cooked,55.65850815850815,0
0.3,0.013,0.5,3.3,4.0,honey smoked ham cooked,0.2,67.0,0.0,0.0,1.3,9.9,cooked,7.385508355657608,0
0.0,0.0,0.3,72.6,0.0,boston butt steak raw,5.1,844.0,0.0,0.0,56.1,79.0,raw,4.018714303074493,5
0.4,0.5,0.001,0.0,0.0,pork sirloin chops cooked,0.012,140.0,0.0,0.0,4.5,23.3,cooked,71.79365079365078,4
0.0,0.0,0.061,28.2,0.0,pork country style ribs raw,1.1,242.0,0.0,0.0,15.1,24.8,raw,3.421628876174331,4
0.0,0.061,0.7,5.2,1.1,ham patties,0.7,205.0,0.0,0.0,18.3,8.3,other,9.531165311653115,0
0.0,0.014,0.046,0.0,0.0,pork feet cooked,0.3,67.0,0.0,0.0,4.5,6.2,cooked,7.711442786069651,0
2.2,0.005,0.2,68.9,0.0,ground pork cooked,4.0,930.0,0.0,0.0,65.0,80.4,cooked,3.3566308243727603,5
1.1,0.9,0.065,0.0,0.0,pork centre loin chops cooked,0.1,328.0,0.0,0.0,17.4,40.2,cooked,31.029810298102984,4
0.0,0.071,0.1,13.6,0.0,pork leg cap steak cooked,1.9,307.0,0.0,0.0,8.6,53.5,cooked,9.560817394693617,4
0.0,0.0,0.2,78.9,0.0,pork blade chops raw,1.9,376.0,0.0,0.0,15.4,55.8,raw,4.421485724677214,4
0.0,0.004,0.2,16.2,0.0,pork leg cap steak raw,1.9,284.0,0.0,0.0,7.8,50.0,raw,4.507644155531479,4
34.7,0.002,0.3,38.9,0.0,pork splean cooked,66.5,446.0,0.0,0.0,9.6,84.3,cooked,31.84929669234602,5
0.0,0.008,0.3,2.0,1.2,chopped ham,0.2,50.0,0.0,0.0,2.9,4.6,other,6.52991452991453,0
0.0,0.0,0.1,37.8,0.0,pork centre loin chops raw,1.3,338.0,0.0,0.0,18.0,41.2,raw,2.997016133110807,4
0.0,0.0,0.072,10.5,1.1,pork blade chops cooked,1.2,265.0,0.0,0.0,14.6,32.4,cooked,2.8205128205128207,4
0.0,0.0,0.1,48.1,0.0,boston butt steak cooked,3.2,494.0,0.0,0.0,32.7,46.4,cooked,4.347728295096716,4
0.0,0.0,0.021,4.0,0.0,pork meat raw,0.07,179.0,0.0,0.0,18.6,2.6,raw,0.3891515064699422,0
0.0,0.0,0.099,13.0,0.0,pork top loin chops raw,0.9,287.0,0.0,0.0,12.8,39.9,raw,2.0905923344947737,4
1.2,1.1,0.4,0.0,0.087,pork blade steak braised,0.5,694.0,0.0,0.0,44.7,68.2,other,15.001601024655779,5
0.5,0.096,0.1,60.8,0.0,pork boston steaks cooked,2.4,438.0,0.0,0.0,28.1,43.2,cooked,9.718221910002732,4
0.047,0.031,0.2,0.0,0.068,bacon cooked,0.047,43.0,0.0,0.0,3.1,3.5,cooked,18.751937984496124,0
0.0,0.058,0.3,5.4,0.0,pickled pork hocks,0.3,48.0,0.0,0.0,3.0,5.4,other,34.54594017094017,0
1.8,0.084,0.2,73.4,0.0,pork boston roast cooked,3.8,705.0,0.0,0.0,49.4,60.5,cooked,7.057768079044675,5
0.0,0.07,0.4,2.4,0.3,canadian style bacon grilled,0.2,43.0,0.0,0.0,2.0,5.7,other,43.71099185052673,0
18.4,0.064,0.7,2.3,0.0,ham steak,0.6,70.0,0.0,0.0,2.4,11.1,other,57.07814407814408,0
0.084,0.09,0.2,0.047,0.1,bacon baked,0.054,44.0,0.0,0.0,3.5,2.9,other,52.0385198135198,0
0.0,0.011,0.8,1.7,0.0,salt pork raw,0.1,212.0,0.0,0.0,22.8,1.4,raw,1.620907918077729,0
0.7,0.7,0.064,0.0,0.0,pork top loin chops cooked,0.1,270.0,0.0,0.0,11.2,39.4,cooked,37.53086419753086,4
0.9,0.055,0.033,17.5,0.0,ground pork raw,1.1,329.0,0.0,0.0,26.5,21.1,raw,6.749928558439196,4
3.2,0.077,0.3,68.0,0.0,pork shoulder raw,4.8,1070.0,0.0,0.0,81.6,77.9,raw,5.11242910775621,5
0.0,0.099,0.078,0.0,0.0,pork chitterlings cooked,0.056,66.0,0.0,0.0,5.8,3.5,cooked,37.97138047138047,0
0.0,0.02,0.2,1.6,0.1,pork breakfast strips cooked,0.2,52.0,0.0,0.0,4.1,3.3,cooked,11.988823142669295,0
12.0,0.032,3.7,26.3,1.4,pork blade roll roasted,3.3,1079.0,0.0,0.0,88.3,65.0,other,3.863738979586987,5
0.0,0.002,0.093,38.5,0.0,pork tail cooked,2.2,1089.0,0.0,0.0,98.5,46.8,cooked,1.4401984098953795,3
0.0,0.0,0.1,48.5,0.0,pork centre rib roasts raw,1.2,275.0,0.0,0.0,9.7,44.0,raw,3.780885780885781,4
0.0,0.094,0.3,2.1,0.4,minced ham,0.2,55.0,0.0,0.0,4.3,3.4,other,45.04118104118105,0
19.6,0.033,1.3,11.2,0.6,ham roasted,1.9,316.0,0.0,0.0,21.3,28.7,other,13.11546575787082,4
0.7,0.013,0.003,21.1,0.0,pork loin raw,0.9,232.0,0.0,0.0,14.7,23.1,raw,4.59088564692013,4
0.0,0.021,1.5,8.4,0.046,ham raw,1.2,266.0,0.0,0.0,18.2,23.8,raw,4.722864854443802,4
0.0,0.022,0.4,2.0,0.6,ham extra lean,0.3,45.0,0.0,0.0,2.3,5.1,other,16.267806267806268,0
0.0,0.061,4.3,145.2,0.029,pork feet pickled,1.4,635.0,0.0,0.0,45.5,52.8,other,5.3853556766942585,5
0.7,0.065,0.001,32.4,0.0,pork shoulder cooked,1.8,394.0,0.0,0.0,28.9,31.4,cooked,7.492407479717124,4
0.1,0.0,0.5,8.5,0.0,pork skin,0.2,154.0,0.0,0.0,8.9,17.3,other,1.2182262182262182,4
0.0,0.0,0.049,29.2,0.0,pork country style ribs cooked,1.2,235.0,0.0,0.0,15.2,22.8,cooked,3.7926895799236227,4
0.0,0.0,0.6,59.0,0.6,pork blade steak raw,3.8,664.0,0.0,0.0,43.7,67.6,raw,3.8628874472247965,5
0.8,0.051,0.091,3.8,0.0,pork tenderloin cooked,1.1,153.0,0.0,0.0,6.2,22.7,cooked,13.099547511312219,4
0.5,0.066,0.077,18.7,0.0,pork loin cooked,1.0,213.0,0.0,0.0,12.1,24.2,cooked,11.290879178203124,4
0.0,0.0,0.2,20.0,0.2,pork ears cooked,1.7,184.0,0.0,0.0,12.0,17.7,cooked,5.968970642883686,4
3.9,0.019,0.3,43.9,0.0,pork tongue cooked,11.5,626.0,0.0,0.0,43.0,55.7,cooked,12.196349089320334,5
0.0,0.034,0.6,5.4,1.0,ham patties grilled,1.0,205.0,0.0,0.0,18.5,8.0,other,7.058995205336668,0
0.0,0.08,0.028,15.7,0.0,chicken skin roasted,1.7,508.0,0.0,0.0,45.6,22.8,other,6.033885187428495,3
0.0,0.073,0.047,21.7,0.0,ground turkey raw,1.2,169.0,0.0,0.0,8.7,22.4,raw,15.731300257927474,4
0.0,0.071,0.086,2.5,0.0,chicken wing cooked,0.2,52.0,0.0,0.0,3.5,4.8,cooked,36.64119000657461,0
0.0,0.054,0.9,6.8,4.1,turkey roast roasted,2.2,209.0,0.0,0.0,7.8,28.8,other,12.557559399664662,4
0.9,0.084,0.043,7.7,0.0,chicken back raw,0.6,188.0,0.0,0.0,17.0,8.3,raw,13.790234588106928,0
0.0,0.035,0.091,6.5,0.0,chicken back cooked,0.4,93.0,0.0,0.0,6.5,8.0,cooked,12.335722819593787,0
0.0,0.089,0.4,28.4,13.8,chicken leg fried,2.2,431.0,0.0,0.5,25.5,34.4,other,8.505066730124735,4
0.0,0.4,0.3,399.2,0.9,chicken feet cooked,4.1,975.0,0.0,0.0,66.2,88.0,cooked,15.742099495945649,5
0.0,0.071,0.5,9.0,10.9,turkey steak fried,1.4,179.0,0.0,0.0,10.8,9.1,other,14.64809244138853,0
0.0,0.051,1.2,126.3,5.5,turkey taco meat cooked,3.3,271.0,0.0,0.0,13.9,30.7,cooked,15.054877471851642,4
0.7,0.053,0.3,31.0,0.6,chicken leg raw,2.4,736.0,0.0,0.0,54.9,56.3,raw,4.041538926049795,5
0.0,0.078,0.085,10.3,0.0,chicken neck cooked,0.9,94.0,0.0,0.0,6.9,7.5,cooked,26.906710310965625,0
0.0,0.065,0.2,12.2,6.0,chicken drumstick fried,1.0,193.0,0.0,0.2,11.3,15.8,other,11.7844648155529,0
0.0,0.089,0.042,5.8,0.08,quail egg,0.3,14.0,0.048,0.0,1.0,1.2,other,174.0201465201465,0
0.0,0.073,0.041,15.4,0.0,duck meat cooked,3.8,472.0,0.0,0.0,39.7,26.6,cooked,8.590196291467477,4
0.5,0.005,0.039,0.024,0.0,chicken wing roasted,0.092,216.0,0.0,0.0,14.3,20.2,other,1.0733855650522317,4
0.0,0.039,0.089,18.2,0.0,goose meat cooked,4.0,427.0,0.0,0.0,30.7,35.2,cooked,7.81550871714806,4
0.0,0.092,0.058,8.1,0.0,chicken breast cooked,0.6,114.0,0.0,0.0,4.5,17.3,cooked,23.6459739091318,0
0.0,0.05,0.027,9.0,0.0,chicken neck raw,1.0,149.0,0.0,0.0,13.1,7.0,raw,12.582458555612918,0
0.0,0.09,0.1,44.8,1.0,duck egg,2.7,130.0,0.7,0.0,9.6,9.0,other,31.49704142011834,0
21.8,0.088,0.1,10.9,0.0,pheasant breast raw,2.9,484.0,0.0,0.0,11.8,88.7,raw,13.052023733841914,5
10.3,0.054,0.1,23.9,0.0,squab meat raw,7.0,585.0,0.0,0.0,47.4,36.8,raw,11.225947841332456,5
0.0,0.039,0.1,13.3,0.1,chicken drumstick raw,0.8,211.0,0.0,0.0,12.4,23.4,raw,7.21209543484425,4
0.0,0.083,0.2,21.0,0.031,turkey meat roasted,1.6,284.0,0.0,0.0,11.1,42.8,other,11.005025881786445,4
0.0,0.082,0.1,19.1,0.0,chicken breast raw,1.3,299.0,0.0,0.0,16.1,36.3,raw,9.763027756338793,4
1.4,0.3,0.2,0.044,0.0,ground chicken cooked,0.2,474.0,0.0,0.0,27.4,58.4,cooked,16.38608676836525,5
0.0,0.095,0.1,44.6,0.0,turkey wing cooked,2.7,426.0,0.0,0.0,23.1,50.9,cooked,9.90158902130733,4
0.0,0.062,0.044,1.2,0.2,chicken fajita strips,0.097,13.0,0.0,0.0,0.5,1.7,other,124.086127547666,0
0.0,0.0,0.0,0.0,0.0,crispy chicken strips tyson,0.0,145.0,0.0,0.0,6.0,0.0,other,0.0,0
3.8,0.02,0.1,330.2,20.4,eggnog,0.5,224.0,20.4,0.0,10.6,11.6,other,16.69642857142857,6
0.0,0.079,0.095,13.2,5.4,beer light,0.014,96.0,0.3,0.0,0.0,0.8,other,21.71162749287749,0
0.0,0.0,0.095,1.2,0.9,beer budweiser,0.0,12.0,0.0,0.0,0.0,0.1,other,0.7692307692307692,0
0.0,0.0,0.0,0.0,0.0,weizenbier erdinger,0.0,220.0,0.0,0.0,18.0,0.0,other,0.0,0
0.0,0.0,0.016,0.9,0.4,beer light budweiser,0.0,9.0,0.0,0.0,0.0,0.066,other,0.7692307692307693,0
0.0,0.062,0.067,13.2,11.7,beer,0.031,142.0,0.0,0.0,0.0,1.5,other,11.751835801131575,0
0.0,0.0,0.068,0.0,52.3,root beer,0.037,202.0,52.3,0.0,0.0,0.0,other,0.10176017601760173,6
0.8,0.0,0.073,0.6,6.3,whiskey sour mix,0.047,26.0,6.3,0.0,0.072,0.051,other,4.60059171597633,0
1.7,0.0,0.067,1.1,13.9,whiskey sour,0.047,158.0,0.0,0.0,0.0,0.0,other,1.414313534566699,0
40.7,0.01,0.1,0.0,23.8,tequila sunrise,0.038,232.0,0.0,0.0,0.2,0.6,other,20.660919540229884,6
1.0,0.047,0.008,1.8,4.2,daiquiri,0.033,112.0,3.3,0.001,0.036,0.035,other,11.77045177045177,0
0.019,0.038,0.089,0.08,32.0,pina colada,0.1,245.0,31.5,0.4,2.7,0.6,other,4.115436944008373,6
0.0,0.0,0.0,0.0,0.1,whiskey,0.072,58.0,0.078,0.0,0.0,0.0,other,0.6896551724137931,0
0.0,0.0,0.053,0.0,0.0,rum,0.045,49.0,0.0,0.0,0.0,0.0,other,0.5102040816326531,0
0.0,0.0,0.0,0.0,2.0,vodka smirnoff,0.0,13.0,0.082,0.0,0.4,0.0,other,0.0,0
0.0,0.0,0.093,0.3,13.8,coffee liqueur,0.02,96.0,13.7,0.0,0.038,0.041,other,0.13977920227920226,0
0.0,0.0,0.029,0.0,0.0,gin,0.0,53.0,0.0,0.0,0.0,0.0,other,0.0,0
0.0,0.0,0.047,8.2,14.1,dessert wine sweet,0.2,165.0,8.0,0.0,0.0,0.2,other,1.0556850556850557,0
0.0,0.0,0.0,0.0,4.9,chenin blanc white wine,0.0,118.0,0.0,0.0,0.0,0.1,other,0.0,0
0.0,0.0,0.0,0.0,3.5,gamay red wine,0.0,115.0,0.0,14.4,0.0,0.1,other,0.0,6
0.0,0.0,0.0,0.0,20.6,late harvest white wine,0.0,172.0,0.0,13.1,0.0,0.1,other,0.0,6
0.0,0.0,0.0,0.0,3.8,gewurztraminer white wine,0.0,119.0,0.0,0.0,0.0,0.1,other,0.0,0
0.0,0.0,0.0,0.0,7.4,burgundy red wine,0.0,172.0,0.0,0.0,0.0,0.1,other,0.0,0
0.0,0.0,0.0,0.0,4.2,zinfandel red wine,0.0,129.0,0.0,0.0,0.0,0.1,other,0.0,0
0.0,0.0,0.0,0.0,5.2,muller thurgau white wine,0.0,112.0,0.0,13.3,0.0,0.1,other,0.0,6
0.0,0.0,0.0,0.0,3.9,mouvedre red wine,0.0,129.0,0.0,16.5,0.0,0.1,other,0.0,6
0.0,0.084,0.087,11.8,4.0,table wine,0.5,123.0,1.2,0.0,0.0,0.1,other,20.069487874365922,0
0.0,0.035,0.046,13.3,1.7,wine light,0.6,73.0,1.7,0.0,0.0,0.1,other,17.95398665261679,0
0.0,0.081,0.098,13.2,3.8,white wine,0.4,121.0,1.4,0.0,0.0,0.1,other,19.411245320336228,0
0.0,0.0,0.0,0.0,3.9,petite sirah red wine,0.0,125.0,0.0,15.7,0.0,0.1,other,0.0,6
0.0,0.027,0.095,2.7,0.3,non alcoholic wine,0.1,2.0,0.3,0.0,0.0,0.1,other,375.66239316239313,0
0.0,0.0,0.0,0.0,3.4,pinot noir red wine,0.0,121.0,0.0,0.0,0.0,0.1,other,0.0,0
0.0,0.0,0.0,0.0,3.0,pinot gris grigio white wine,0.0,122.0,0.0,0.0,0.0,0.1,other,0.0,0
0.0,0.0,0.0,0.0,5.5,riesling white wine,0.0,118.0,0.0,0.0,0.0,0.1,other,0.0,0
0.0,0.0,0.0,0.0,5.6,barbera red wine,0.0,170.0,0.0,0.0,0.0,0.1,other,0.0,0
0.0,0.0,0.0,0.0,3.6,lemberger red wine,0.0,118.0,0.0,15.0,0.0,0.1,other,0.0,6
0.0,0.064,0.011,11.8,3.7,merlot red wine,0.7,122.0,0.9,0.0,0.0,0.1,other,17.046378029984588,0
0.0,0.0,0.0,0.0,3.9,sangiovese red wine,0.0,126.0,0.0,0.0,0.0,0.1,other,0.0,0
0.0,0.0,0.0,0.0,3.0,sauvignon blanc white wine,0.0,119.0,0.0,0.0,0.0,0.1,other,0.0,0
0.0,0.0,0.0,0.0,3.8,syrah red wine,0.0,122.0,0.0,0.0,0.0,0.1,other,0.0,0
0.0,0.0,0.0,0.0,12.0,carignane red wine,0.0,370.0,0.0,0.0,0.0,0.4,other,0.0,0
0.0,0.0,0.0,0.0,2.9,pinot blanc white wine,0.0,119.0,0.0,0.0,0.0,0.1,other,0.0,0
0.0,0.0,0.0,0.0,4.6,semillon white wine,0.0,121.0,0.0,14.9,0.0,0.1,other,0.0,6
0.0,0.033,0.0,0.0,58.4,dessert wine dry,0.2,760.0,5.5,76.5,0.0,1.0,other,1.2317251461988303,7
0.0,0.018,0.027,11.8,3.8,red wine,0.7,125.0,0.9,0.0,0.0,0.1,other,7.437264957264957,0
0.0,0.0,0.0,0.0,5.2,cabernet sauvignon red wine,0.0,166.0,0.0,0.0,0.0,0.1,other,0.0,0
0.0,0.0,0.0,0.0,7.8,muscat white wine,0.0,123.0,0.0,0.0,0.0,0.1,other,0.0,0
0.0,0.077,0.002,0.4,0.3,cooking wine,0.1,2.0,0.09,0.0,0.0,0.028,other,991.8162393162393,0
0.0,0.002,0.027,18.0,4.3,chardonnay white wine,0.5,168.0,1.9,0.0,0.0,0.1,other,2.775234025234025,0
0.0,0.0,0.0,0.0,4.4,claret red wine,0.0,122.0,0.0,15.0,0.0,0.1,other,0.0,6
0.0,0.0,0.046,7.4,7.4,rice sake,0.1,197.0,0.0,0.0,0.0,0.7,other,0.5709575252722461,0
0.0,0.0,0.0,0.0,3.3,fume blanc white wine,0.0,121.0,0.0,15.4,0.0,0.1,other,0.0,6
0.0,0.0,0.0,0.0,3.6,cabarnet franc red wine,0.0,122.0,0.0,0.0,0.0,0.1,other,0.0,0
0.0,0.069,0.025,1.6,13.0,chocolate frosting,0.3,81.0,11.8,0.2,3.6,0.2,other,23.505856283634063,0
0.0,0.0,0.012,0.046,5.0,white sugar,0.078,19.0,4.9,0.0,0.0,0.0,other,2.2993252361673413,0
1.2,0.065,0.5,175.2,4.8,egg substitute,4.8,115.0,4.8,0.0,0.0,24.0,other,50.197324414715716,4
0.0,0.0,0.09,0.088,5.3,agave syrup,0.042,21.0,4.7,0.01,0.081,0.025,other,1.1433455433455435,0
0.0,0.0,0.0,0.0,91.2,splenda sweetener,0.0,336.0,80.3,0.0,0.0,0.0,other,0.0,1
0.0,0.0,0.061,0.5,0.5,vanilla extract,0.019,12.0,0.5,0.0,0.069,0.0,other,1.20014245014245,0
0.0,0.036,0.071,12.3,0.054,egg yolk dried,0.4,27.0,0.002,0.0,2.3,1.3,other,45.06805951250395,0
0.0,0.0,0.019,0.027,4.2,granulated sugar,0.01,16.0,4.2,0.0,0.0,0.0,other,0.3602029914529914,0
0.0,0.098,0.049,29.3,8.7,baking chocolate,5.0,145.0,0.3,4.8,15.2,3.7,other,37.60801650456823,6
0.04,0.1,0.066,3.2,3.1,bakers yeast,0.6,18.0,0.0,1.4,0.3,1.4,other,159.02184235517566,0
0.0,0.0,0.022,0.8,26.4,fondant,0.09,106.0,25.2,0.0,0.009,0.0,other,0.5297532656023223,6
0.0,0.023,0.094,3.5,4.1,brown sugar,0.071,16.0,4.1,0.0,0.0,0.024,other,40.085470085470085,0
0.0,0.0,0.031,10.8,10.9,maple sugar,0.2,42.0,10.2,0.0,0.061,0.036,other,4.623524623524624,0
0.0,0.0,0.013,0.0,4.2,fructose sweetener,0.067,15.0,3.9,0.0,0.0,0.0,other,2.4814814814814814,0
0.0,0.0,0.4,0.0,89.1,saccharin sweetener,0.058,360.0,85.2,0.0,0.0,0.9,other,0.08950617283950618,1
0.0,0.024,0.038,2.3,0.2,egg white raw,0.045,17.0,0.2,0.0,0.063,3.6,raw,37.80542986425339,0
0.0,0.0,0.008,0.6,4.6,turbinado sugar,0.018,18.0,4.6,0.0,0.0,0.0,other,0.8119658119658121,0
0.0,0.0,0.0,0.0,89.1,aspartame sweetener,0.022,365.0,80.7,0.0,0.0,2.2,other,0.0334855403348554,1
0.0,0.048,0.08,31.4,0.4,egg raw,1.0,80.0,0.2,0.0,5.3,7.0,raw,24.963675213675213,0
0.0,0.06,0.052,6.2,0.3,egg white dried,0.028,26.0,0.0,0.0,0.087,5.8,other,60.12491781722551,0
0.0,0.04,0.006,21.9,0.6,egg yolk raw,0.5,55.0,0.08,0.0,4.5,2.7,raw,26.2952602952603,0
0.0,0.0,1.3,0.0,0.0,baking soda,0.0,0.0,0.0,0.0,0.0,0.0,other,0.0,0
0.0,0.016,0.06,11.8,0.047,egg dried,0.2,30.0,0.05,0.0,2.2,2.4,other,20.062678062678064,0
2.9,0.03,0.099,1.3,13.9,strawberry topping,0.014,53.0,5.7,0.1,0.096,0.014,other,20.566037735849054,0
0.038,0.002,0.081,1.2,1.6,bakers yeast dry,0.051,13.0,0.0,1.1,0.3,1.6,other,7.060486522024983,0
0.0,0.0,0.009,0.2,1.8,cream of tartar,0.1,8.0,0.0,0.01,0.0,0.0,other,7.136752136752136,0
0.2,0.017,0.2,92.3,6.2,egg substitute powder,0.9,126.0,6.2,0.0,3.7,15.7,other,13.152557319223988,0
0.0,0.015,0.029,2.8,0.0,gelatin powder,0.099,17.0,0.0,0.0,0.086,4.3,other,26.56108597285068,0
0.0,0.0,0.5,270.3,1.3,baking powder,0.5,2.0,0.0,0.03,0.0,0.0,other,1178.5042735042737,0
0.0,0.072,0.042,30.0,0.7,egg boiled,0.7,93.0,0.7,0.0,6.4,7.5,other,26.017829243635692,0
0.0,0.032,0.056,16.7,86.9,millet flour,4.7,444.0,2.0,4.2,5.1,12.8,other,7.9720104720104725,1
0.0,0.012,0.096,45.5,95.1,triticale flour,3.4,439.0,0.0,19.0,2.4,17.1,other,5.783345988357378,1
0.0,0.078,0.036,157.3,87.3,corn flour white,1.7,414.0,1.8,7.3,4.2,9.6,other,9.91411701556629,1
0.0,0.058,0.023,14.5,93.7,sorghum flour,3.6,437.0,2.3,8.0,4.0,9.5,other,8.149973596197851,1
0.0,0.034,0.022,7.3,93.8,cornmeal whole grain,4.2,442.0,0.8,8.9,4.4,9.9,other,7.329156514676876,1
0.0,0.022,0.006,21.8,13.8,safflower seed meal,1.4,97.0,0.0,0.0,0.7,10.1,other,15.417217375980261,0
0.0,0.073,0.041,198.8,33.3,sesame flour,19.0,658.0,0.0,0.0,46.4,38.5,other,20.295183539864393,2
0.0,0.066,0.027,40.8,86.4,whole grain wheat flour,4.3,408.0,0.5,12.8,3.0,15.9,other,10.668468241997655,1
0.0,0.04,0.04,8.2,89.9,corn flour yellow,2.8,422.0,0.7,8.5,4.5,8.1,other,6.205290233726252,1
0.0,0.021,0.033,8.2,89.9,corn flour whole grain,2.8,422.0,0.7,8.5,4.5,8.1,other,5.079697816664641,1
0.7,0.016,0.022,134.1,10.2,cottonseed flour low fat,3.6,94.0,0.0,0.0,0.4,14.1,other,37.33315148208766,0
0.003,0.02,0.073,4.6,1.4,sunflower seed flour,0.3,13.0,0.0,0.2,0.013,1.9,other,54.02958579881656,0
0.0,0.01,0.073,43.3,7.4,sesame meal,4.1,160.0,0.0,0.0,13.6,4.8,other,17.88034188034188,0
0.0,0.1,0.0,53.8,68.3,acorn flour,1.5,626.0,0.0,0.0,37.7,9.4,other,5.985909723928893,1
0.0,0.073,0.072,42.2,10.0,sesame flour low fat,4.0,94.0,0.0,0.0,0.5,14.2,other,46.50891071103836,0
0.0,0.047,0.061,13.3,78.2,rye flour,0.9,364.0,0.9,8.2,1.4,10.0,other,4.882713440405747,1
0.0,0.4,0.05,41.4,53.2,chickpea flour,4.5,356.0,10.0,9.9,6.2,20.6,other,36.00691443388072,1
0.0,0.2,0.061,18.8,95.4,wheat flour,5.8,455.0,0.3,3.4,1.2,12.9,other,18.38865408096177,1
0.088,0.007,0.033,20.9,5.3,carob flour,0.2,13.0,2.9,2.4,0.061,0.3,other,35.12754766600921,0
0.0,0.035,0.033,49.2,84.7,buckwheat flour,4.9,402.0,3.1,12.0,3.7,15.1,other,9.889760598715823,1
0.2,0.083,0.3,39.0,63.7,pecan pie,1.8,503.0,0.0,0.0,27.1,6.0,other,6.753920918930858,1
2.1,0.02,0.3,8.8,46.4,apple pie,1.4,331.0,0.0,0.0,15.6,3.0,other,4.769798848348698,1
0.2,0.071,0.9,73.9,88.4,vanilla wafer pie crust,2.9,935.0,12.9,0.2,63.7,6.5,other,4.2532565473741935,2
1.2,0.082,0.02,10.7,29.2,apple strudel,0.3,195.0,18.3,1.6,8.0,2.3,other,12.473372781065088,6
1.0,0.079,0.2,58.0,30.2,chocolate snack cake,1.8,200.0,18.9,1.6,8.0,1.8,other,17.661324786324784,6
1.7,0.046,0.4,28.2,54.5,fruit fried pie,1.6,404.0,27.4,3.3,20.6,3.8,other,6.051239739358551,1
2.6,0.091,0.3,145.7,40.9,pumpkin pie,2.0,316.0,0.0,0.0,14.4,7.0,other,15.176484907497562,6
0.0,0.084,0.01,1.7,7.5,corn cake,0.1,35.0,2.1,0.2,0.2,0.7,other,61.96092796092797,0
0.089,0.096,0.2,10.1,26.9,sponge snack cake,0.6,157.0,15.7,0.4,4.8,1.5,other,17.967608470793184,6
1.1,0.091,0.2,61.1,29.7,danish pastry with nuts,1.2,280.0,16.8,1.3,16.4,4.6,other,12.621031746031743,6
0.0,0.093,0.1,35.6,33.3,chocolate cream pie,1.1,301.0,0.0,2.0,19.2,2.6,other,10.664309850356362,6
0.0,0.039,0.2,39.2,16.2,angel food cake,0.1,72.0,0.0,0.4,0.2,1.7,other,18.501305792972456,0
4.2,0.009,0.3,15.2,49.7,lemon meringue pie,1.3,362.0,0.0,0.0,16.4,4.8,other,4.228762336497143,1
2.6,0.072,0.3,37.0,46.9,danish pastry with cinnamon,1.8,349.0,0.0,0.0,16.7,4.8,other,9.666201356745768,1
0.2,0.02,0.2,30.8,26.6,cinnamon coffeecake,1.1,238.0,0.0,1.1,13.3,3.9,other,5.757379875026934,6
0.3,0.011,0.4,40.8,20.4,cheesecake,0.5,257.0,17.4,0.3,18.0,4.4,other,3.5017792410788515,6
0.2,0.063,0.013,14.2,26.5,fruitcake,0.9,139.0,11.8,1.6,3.9,1.2,other,15.873762528438787,6
0.0,0.025,0.2,301.7,31.0,egg custard,1.0,293.0,31.0,0.0,12.9,14.2,other,11.949913946500978,6
9.7,0.074,0.4,36.3,79.2,mince pie,2.5,477.0,46.7,4.3,17.8,4.3,other,9.63500510670322,1
0.0,0.0,0.4,46.1,79.7,yellow cake with chocolate frosting,2.9,546.0,56.5,2.2,25.6,4.6,other,3.600231677154754,1
1.6,0.093,0.3,21.6,45.1,danish pastry with fruit,1.4,335.0,0.0,0.0,15.9,4.8,other,10.288684781222097,1
0.1,0.058,0.3,100.8,70.8,white cake with coconut frosting,1.3,399.0,64.3,1.1,11.5,4.9,other,7.415333204806888,1
2.6,0.035,0.3,70.1,28.7,danish pastry with cheese,1.8,353.0,0.0,0.0,24.6,5.8,other,7.6575627708772185,6
1.0,0.073,0.3,10.3,49.2,blueberry pie,1.8,360.0,0.0,0.0,17.5,4.0,other,8.375949667616332,1
0.0,0.064,0.2,39.7,37.6,yellow cake with vanilla frosting,0.7,239.0,0.0,0.2,9.3,2.2,other,9.599470729177844,6
0.0,0.004,0.1,2.3,10.9,pie crust,0.7,121.0,0.045,0.4,8.0,1.5,other,4.186621459348732,0
0.1,0.098,0.5,41.4,72.9,chocolate cake with chocolate frosting,4.2,537.0,55.1,3.0,27.7,4.8,other,9.521240191631254,1
0.041,0.001,0.3,44.8,33.7,cheese coffeecake,0.5,258.0,0.0,0.8,11.6,5.3,other,2.5269330153051084,6
0.6,0.064,0.3,113.4,41.1,vanilla cream pie,1.3,350.0,16.0,0.8,18.1,6.0,other,9.31770451770452,1
1.4,0.069,0.4,138.0,58.1,pineapple cake,1.7,367.0,0.0,0.9,13.9,4.0,other,10.59002305596311,1
1.1,0.089,0.3,9.4,38.5,peach pie,0.6,262.0,19.0,0.9,11.7,2.2,other,10.50711163306583,6
0.4,0.042,0.2,22.5,25.8,fruit coffeecake,1.2,156.0,0.0,1.3,5.1,2.6,other,12.398641244795092,6
0.0,0.055,0.1,10.5,14.6,pound cake,0.4,116.0,0.0,0.2,6.0,1.7,other,14.465443560271146,0
0.0,0.0,0.2,25.3,28.2,pound cake bread,1.2,215.0,10.0,0.9,9.6,3.9,other,4.005963029218843,6
0.1,0.037,0.2,96.2,42.3,white cake,1.1,264.0,26.3,0.6,9.2,4.0,other,8.663720538720538,6
0.015,0.036,0.3,34.2,48.4,coffeecake with chocolate frosting,0.5,298.0,0.0,1.8,9.7,4.5,other,4.840675729937476,1
0.0,0.068,0.05,0.9,8.0,popcorn cake,0.2,38.0,0.001,0.3,0.3,1.0,other,47.84300494826811,0
9.1,0.053,0.076,5.4,12.3,baked apple pie mcdonalds,0.6,91.0,4.9,0.6,4.4,0.9,other,29.791020944867093,0
0.0,0.076,0.1,26.5,36.4,sponge cake,1.0,187.0,0.0,0.0,2.7,4.6,other,14.221399515517161,6
0.1,0.086,0.2,99.3,36.0,yellow cake,1.1,245.0,0.0,0.5,9.9,3.6,other,14.432932147217858,6
0.07,0.027,0.1,58.0,13.7,shortcake,0.7,98.0,0.0,0.0,4.0,1.7,other,15.487964416535846,0
1.8,0.081,0.3,18.0,69.3,cherry pie,3.3,486.0,0.0,0.0,22.0,5.0,other,8.635380394639654,1
7.8,0.033,0.3,19.2,61.0,dutch apple pie,1.2,397.0,30.2,2.2,15.8,3.0,other,6.312407156235872,1
0.2,0.012,0.3,57.0,50.7,chocolate cake,1.5,352.0,0.0,1.5,14.3,5.0,other,4.528457653457654,1
0.0,0.011,0.039,0.6,16.3,marshmallow,0.038,64.0,11.5,0.013,0.033,0.4,other,4.698851495726495,0
0.2,0.066,0.045,0.0,18.2,sugar apple,0.075,72.0,0.0,3.4,0.2,1.6,other,23.804012345679013,6
0.099,0.059,0.044,0.097,7.8,toffee,0.092,67.0,7.6,0.0,3.9,0.1,other,22.95309350682485,0
0.074,0.012,0.075,13.3,21.1,vanilla fudge with nuts,0.1,123.0,20.1,0.3,3.9,0.8,other,3.7893127649225216,6
0.0,0.014,0.063,4.2,2.0,peanuts chocolate coated,0.037,21.0,1.5,0.2,1.3,0.5,other,19.183964183964182,0
0.2,0.066,0.041,10.9,8.5,caramel with nuts chocolate coated,0.2,66.0,5.8,0.6,2.9,1.3,other,28.290598290598286,0
0.082,0.088,0.2,52.5,36.4,gingerbread,2.1,263.0,0.0,0.0,12.1,2.9,other,14.371193656364756,6
0.0,0.0,0.0,0.0,0.2,rolo nestle,0.0,24.0,0.078,0.0,1.0,0.009,other,0.0,0
0.0,0.056,0.04,10.8,23.2,vanilla fudge,0.036,108.0,22.6,0.0,1.5,0.3,other,13.917378917378917,6
0.097,0.016,0.1,23.1,42.3,halavah,3.2,328.0,0.0,3.2,15.1,8.7,other,7.214170314780071,1
0.1,0.096,0.016,16.8,23.2,praline,0.5,189.0,21.8,1.4,10.1,1.3,other,14.910686021797131,6
7.3,0.032,0.011,3.9,15.6,fruit juice bar,0.1,67.0,13.5,0.8,0.089,0.9,other,25.323383084577117,0
0.0,0.046,0.1,7.6,20.2,peanut brittle,0.3,138.0,14.5,0.7,5.4,2.1,other,9.964697138610182,6
0.0,0.0,0.039,0.2,4.8,butterscotch,0.02,21.0,4.3,0.0,0.2,0.079,other,0.6023606023606023,0
0.0,0.016,0.006,47.8,15.6,chocolate coffee beans,0.6,155.0,14.4,1.6,9.4,2.1,other,7.1033912324234905,6
0.096,0.044,0.061,4.5,12.9,nougat with almonds,0.082,56.0,11.7,0.5,0.2,0.5,other,21.264957264957264,0
0.007,0.02,0.015,0.051,14.1,carob,0.011,135.0,8.5,1.0,7.8,2.0,other,3.7576384931940487,0
0.0,0.09,0.085,6.7,12.4,peanut butter fudge,0.072,62.0,11.7,0.1,1.1,0.6,other,37.766749379652595,0
0.0,0.033,0.021,3.5,2.4,sugar coated almonds,0.061,17.0,2.2,0.013,0.6,0.4,other,52.10658622423329,0
0.093,0.002,0.002,12.9,19.0,chocolate coated marshmallow,0.7,118.0,12.5,0.6,4.7,1.1,other,4.647906707228741,6
0.2,0.016,0.021,86.0,68.4,raisins chocolate coated,1.7,390.0,62.2,3.1,14.8,4.1,other,5.20052596975674,1
0.0,0.0,0.001,0.4,1.9,chewing gum sugarless,0.0,5.0,0.0,0.078,0.013,0.0,other,0.6153846153846154,0
0.0,0.0,0.083,0.0,2.9,chewing gum,0.0,11.0,2.0,0.012,0.032,0.0,other,0.0,0
0.009,0.096,0.061,5.5,25.4,chocolate syrup,0.8,109.0,19.4,1.0,0.4,0.8,other,26.49313886928566,6
0.023,0.079,0.084,9.3,12.0,chocolate fudge syrup,0.2,67.0,6.6,0.5,1.7,0.9,other,32.24186758515116,0
0.2,0.016,0.018,44.1,29.9,m ms milk chocolate mars,0.5,207.0,26.7,1.2,8.9,1.8,other,5.020438498699368,6
0.084,0.06,0.051,91.8,21.9,milk chocolate with almonds,0.7,216.0,18.0,2.5,14.1,3.7,other,12.057296612852168,6
0.0,0.062,0.032,8.3,13.0,chocolate fudge,0.3,70.0,12.4,0.3,1.8,0.4,other,25.435897435897438,0
0.0,0.0,0.0,0.0,0.0,milk chocolate with rice cereal,0.0,0.0,0.0,0.0,0.0,0.0,other,0.0,0
0.0,0.097,0.017,18.4,10.9,m ms peanut chocolate mars,0.2,93.0,9.1,0.7,4.7,1.7,other,28.79193088870508,0
0.064,0.052,0.013,0.087,18.0,dark chocolate,0.3,165.0,13.8,2.2,9.7,1.5,other,8.936042476042475,6
0.0,0.0,0.025,1.1,6.7,after eight mints nestle,0.062,36.0,5.6,0.2,1.0,0.1,other,1.1918328584995252,0
0.0,0.033,0.045,13.2,4.2,milk chocolate,0.2,37.0,3.6,0.2,2.1,0.5,other,28.044583044583042,0
0.2,0.051,0.009,59.7,17.8,white chocolate,0.025,162.0,17.7,0.081,9.6,1.8,other,10.928036298406669,6
0.0,0.069,0.001,9.8,24.8,chocolate,1.1,208.0,21.1,2.3,14.0,1.6,other,11.593729454306377,6
0.099,0.048,0.064,0.085,18.8,twix mars,0.042,146.0,14.0,0.3,7.2,1.4,other,8.458816297857393,6
0.0,0.094,0.022,0.0,7.6,kit kat nestle,0.059,62.0,6.5,0.2,3.3,0.7,other,38.43189964157706,0
0.077,0.015,0.1,0.015,35.1,snickers mars,0.2,280.0,28.8,1.3,13.6,4.3,other,1.7670787545787547,6
0.068,0.085,0.021,0.038,41.3,milky way mars,0.047,264.0,34.6,0.6,10.0,2.3,other,8.177874902874905,6
60.0,0.076,0.1,250.2,44.5,clif bar,4.5,235.0,21.5,5.0,4.0,10.0,other,55.282051282051285,1
0.0,0.0,0.008,0.0,4.4,gum drops,0.0,18.0,3.5,0.0,0.042,0.0,other,0.0,0
41.6,0.0,0.036,0.0,56.3,skittles wild berry mars,0.0,249.0,47.1,0.0,2.6,0.1,other,18.563141454707722,1
41.4,0.0,0.025,0.0,56.3,skittles original mars,0.0,251.0,47.0,0.0,2.7,0.1,other,18.326693227091635,1
41.6,0.0,0.095,0.0,56.3,skittles tropical mars,0.0,251.0,47.0,0.0,2.7,0.1,other,18.415227976980965,1
16.8,0.081,0.0,4.5,12.0,fruit leather,0.1,52.0,6.9,0.0,0.4,0.029,other,76.57380013149245,0
0.0,0.011,0.028,0.034,13.7,taffy,0.0,60.0,10.3,0.0,0.5,0.087,other,4.587692307692307,0
0.0,0.0,0.0,0.0,0.0,eisbonbons mac iver,0.0,23.0,0.0,0.0,0.0,0.0,other,0.0,0
0.024,0.061,0.015,13.9,7.8,caramels,0.049,39.0,6.6,0.0,0.8,0.5,other,42.61056322594784,0
0.0,0.0,0.021,0.2,5.9,hard candy,0.038,24.0,3.8,0.0,0.067,0.0,other,0.9437321937321935,0
0.0,0.0,0.076,0.08,1.0,jellybeans,0.029,4.0,0.8,0.083,0.043,0.0,other,4.181623931623932,0
0.2,0.098,0.016,1.5,14.7,jellies,0.084,56.0,10.8,0.2,0.069,0.005,other,45.186202686202684,0
1.8,0.1,0.06,13.5,14.9,wheat germ toasted,2.7,115.0,2.3,4.5,3.2,8.7,other,37.4247491638796,6
0.0,0.046,0.086,9.0,27.5,crispy brown rice,0.4,124.0,2.9,2.3,1.1,2.3,other,11.624620898814447,6
0.0,0.0,0.0,0.0,0.2,bran flakes asda,0.0,109.0,0.0,0.0,0.6,0.0,other,0.0,0
0.0,0.025,0.095,115.6,46.0,amaranth cooked,5.2,251.0,0.0,5.2,3.9,9.3,cooked,17.542309394899036,1
0.0,0.002,0.016,3.5,9.3,barley raw,0.3,42.0,0.094,1.9,0.1,1.2,raw,5.7997557997558,0
0.0,0.076,0.071,17.5,37.9,bulgur dry,1.2,171.0,0.2,9.2,0.7,6.1,other,15.796971060128953,6
13.4,0.3,0.073,149.0,32.6,cottonseed kernels roasted,8.0,754.0,0.0,8.2,54.1,48.6,other,19.336189893219068,2
0.0,0.028,0.036,67.3,58.6,rice bran,21.9,373.0,1.1,24.8,24.6,15.8,other,30.07424211177562,7
0.0,0.0,0.0,0.0,0.089,chaptti roti indian bread,0.0,491.0,68.4,0.0,2.5,7.0,other,0.0,0
0.0,0.084,0.026,31.5,39.4,quinoa cooked,2.8,222.0,1.6,5.2,3.6,8.1,cooked,17.557942557942557,6
0.0,0.0,0.0,0.0,0.5,dar vida swiss original,0.0,116.0,0.0,0.0,3.1,0.0,other,0.0,0
0.0,0.016,0.053,123.5,50.0,teff cooked,5.2,255.0,0.0,7.1,1.6,9.8,cooked,16.623093681917215,1
0.0,0.0,0.0,0.0,0.0,weetabix weetabix,0.0,2078.0,0.0,0.0,11.5,0.0,other,0.0,2
0.0,0.022,0.082,21.9,25.1,oat bran cooked,1.9,88.0,0.0,5.7,1.9,7.0,cooked,20.159285159285158,6
0.0,0.066,0.053,11.8,33.5,buckwheat cooked,1.3,155.0,1.5,4.5,1.0,5.7,cooked,15.890267438654535,6
0.0,0.044,0.076,1.7,16.8,millet puffed,0.6,74.0,0.1,0.6,0.7,2.7,other,19.546084546084543,0
0.0,0.091,0.036,18.0,4.9,oat bran raw,40.0,23.0,0.1,1.2,0.5,1.3,raw,539.7157190635452,0
0.086,0.052,0.018,0.4,5.0,popcorn oil popped,0.2,64.0,0.027,0.9,4.8,0.8,other,22.245993589743588,0
0.0,0.017,0.038,17.2,52.4,kamut cooked,3.5,251.0,0.0,6.7,1.6,11.1,cooked,9.967139987060305,1
0.0,0.005,0.015,42.3,37.4,wheat bran,6.1,125.0,0.2,24.8,2.5,9.0,other,30.714188034188034,7
0.074,0.06,0.002,12.4,5.7,cheese popcorn,0.2,58.0,0.0,1.1,3.7,1.0,other,29.564102564102562,0
0.0,0.0,0.0,0.0,21.2,raisin bran crunch kelloggs,0.0,90.0,9.0,0.0,0.5,1.9,other,0.0,6
0.0,0.087,0.054,12.6,36.5,couscous cooked,0.6,176.0,0.2,2.2,0.3,6.0,cooked,14.802593240093238,6
0.0,0.0,0.0,0.0,1.0,multigrain cheerios general mills,0.0,4.0,0.2,0.1,0.005,0.038,other,0.0,0
0.0,0.022,0.049,18.2,33.8,bulgur cooked,1.7,151.0,0.2,8.2,0.4,5.6,cooked,10.824135393671817,6
0.0,0.099,0.016,0.6,6.2,popcorn air popped,0.3,31.0,0.086,1.2,0.4,1.0,other,85.36393713813068,0
0.0,0.066,0.041,19.4,51.3,spelt cooked,3.2,246.0,0.0,7.6,1.6,10.7,cooked,14.540685150441249,1
0.0,0.001,0.001,1.4,20.9,popcorn unpopped,0.9,106.0,0.3,3.6,1.2,3.1,other,5.054426705370101,6
0.0,0.085,0.6,16.9,33.2,whole wheat cooked,1.5,150.0,0.2,3.9,1.0,4.8,cooked,20.58888888888889,6
2.8,0.023,0.026,30.2,45.9,wheat sprouted,2.3,214.0,0.0,1.2,1.4,8.1,other,11.197180285965333,6
0.0,0.053,0.036,11.2,21.1,whole wheat dry,0.9,96.0,0.1,2.7,0.6,3.1,other,19.90785256410256,6
0.0,0.079,0.069,12.2,22.4,caramel popcorn,0.5,122.0,15.1,1.5,3.6,1.1,other,19.234622390360094,6
0.0,0.092,0.03,3.4,9.6,wheat puffed,3.8,44.0,0.0,0.5,0.1,1.8,other,100.84693084693083,0
0.0,0.0,0.0,0.0,0.0,roggenmischbrot sonnenblumenkerne aldi,0.0,82.0,0.0,0.0,3.1,0.0,other,0.0,0
0.0,0.087,0.037,12.1,16.1,wheat germ,1.9,112.0,0.0,4.1,3.0,7.2,other,29.67528998778998,6
0.3,0.073,0.6,0.052,49.8,microwave popcorn,0.2,465.0,0.3,8.7,26.3,7.3,other,4.236224611708482,1
0.0,0.088,0.046,5.2,41.2,millet cooked,1.1,207.0,0.2,2.3,1.7,6.1,cooked,13.773483628556091,6
0.0,0.03,0.054,2.2,8.6,buckwheat raw,0.3,41.0,0.0,1.2,0.4,1.6,raw,22.770481550969357,0
0.0,0.0,0.0,0.0,3.0,honey cereali general mills,0.0,104.0,0.0,0.0,2.0,0.0,other,0.0,0
0.0,0.008,0.064,17.3,44.3,barley cooked,2.1,193.0,0.4,6.0,0.7,3.5,cooked,7.770692174837253,1
0.0,0.085,0.074,5.4,6.6,oats,0.5,39.0,0.0,1.1,0.7,1.7,other,62.67477536708306,0
0.4,0.065,0.077,15.9,6.5,amaranth raw,0.8,37.0,0.2,0.7,0.7,1.4,raw,60.43774543774543,0
0.0,0.1,0.026,28.2,38.5,quinoa dry,2.7,221.0,0.0,4.2,3.6,8.5,other,19.081099895579534,6
4.6,0.002,0.086,23.0,36.2,wheat shredded,1.4,155.0,0.4,5.5,1.0,5.2,other,9.779432037496553,6
0.1,0.005,0.031,10.3,1.0,cattail,0.2,5.0,0.074,0.9,0.0,0.2,other,65.2905982905983,0
0.012,0.01,0.006,9.8,15.0,peanut granola bar,0.6,116.0,8.2,0.7,5.7,2.4,other,5.690097259062776,0
0.0,0.0,0.0,0.0,0.9,vanilla bluberry bar kind,0.0,49.0,0.096,0.0,1.4,0.0,other,0.0,0
0.1,0.008,0.006,11.9,15.6,coconut granola bar,0.5,150.0,9.7,1.8,9.1,1.5,other,3.869515669515669,6
0.0,0.009,0.067,7.7,14.9,almond granola bar,0.6,119.0,0.0,1.2,6.1,1.8,other,5.189614307261366,0
0.1,0.014,0.062,18.5,17.3,chocolate chip granola bar,0.7,105.0,0.0,1.1,3.9,1.8,other,8.498168498168498,6
0.4,0.007,0.028,0.7,18.6,fruit granola bar,1.0,82.0,13.3,1.8,0.2,1.4,other,9.51688555347092,6
0.2,0.011,0.084,12.8,13.5,granola bar,0.6,99.0,6.0,1.1,4.2,2.1,other,7.363809030475697,0
0.0,0.042,0.059,31.2,19.0,peanut bar,0.4,209.0,16.9,1.6,13.5,6.2,other,7.235513024986711,6
3.9,0.094,0.087,102.5,18.0,milk cereal bar,1.5,103.0,11.5,0.1,2.7,1.6,other,42.76823500124471,0
3.2,0.0,0.0,20.7,18.1,almond rice bar,1.8,128.0,0.0,1.0,5.7,2.0,other,11.834268162393162,6
0.065,0.021,0.086,2.4,10.3,fruit nut squares,0.1,55.0,6.4,0.3,1.3,0.3,other,11.022533022533022,0
0.0,0.013,0.1,6.8,16.0,rice wheat cereal bar,0.6,90.0,7.0,0.4,2.0,2.0,other,7.896011396011396,0
0.0,0.019,0.01,5.9,20.4,crisped rice bar,1.8,113.0,0.0,0.6,3.8,1.4,other,13.454731109598367,6
0.0,0.0,1.0,69.0,61.1,rice pilaf cooked,2.0,352.0,0.6,1.4,8.8,7.0,cooked,4.664432789432789,1
0.0,0.051,0.008,4.9,35.0,wild rice cooked,1.0,166.0,1.2,3.0,0.6,6.5,cooked,11.254505200288332,6
0.0,0.0,0.0,0.0,0.0,congee with pork shrimp and squid plus egg,0.0,178.0,0.0,0.0,0.3,0.0,other,0.0,0
0.4,0.074,1.1,16.2,43.3,white rice pasta cooked,1.9,246.0,0.0,5.1,5.7,5.1,cooked,12.498436522826765,1
0.0,0.3,0.039,20.9,78.2,instant white rice raw,6.0,361.0,0.026,1.8,0.9,7.4,raw,30.454577739896294,1
12.9,0.0,0.2,1.4,24.1,rice crisps,2.9,107.0,2.3,0.2,0.4,1.8,other,28.55339883377267,6
0.0,0.1,0.001,13.2,41.4,instant white rice cooked,2.9,193.0,0.0,1.0,0.8,3.6,cooked,21.82719985828794,6
0.0,0.092,0.097,3.1,23.0,rice cracker cake,0.4,111.0,0.2,1.2,1.2,2.0,other,22.937552937552937,6
0.0,0.1,0.088,30.0,41.2,parboiled white rice cooked,2.9,194.0,0.2,1.4,0.6,4.6,cooked,22.380826504537847,6
0.0,0.01,0.009,6.6,44.7,white rice steamed,0.5,199.0,0.0,1.2,0.4,4.2,other,2.907271399733711,6
0.0,0.025,0.024,1.0,7.3,brown rice cake,0.1,35.0,0.047,0.4,0.3,0.7,other,19.664224664224665,0
0.0,0.012,0.027,3.5,36.7,glutinous white rice cooked,0.2,169.0,0.078,1.7,0.3,3.5,cooked,2.5919182723916454,6
0.0,0.007,0.086,19.5,45.8,brown rice cooked,1.0,218.0,0.7,3.5,1.6,4.5,cooked,4.039245667686035,1
0.0,0.0,0.9,24.7,54.4,beef flavored rice cooked,2.2,319.0,0.0,1.5,7.9,7.0,cooked,4.427028909787531,1
0.0,0.073,0.077,15.8,44.5,white rice cooked,1.9,205.0,0.015,0.6,0.4,4.3,cooked,14.644361058995203,6
0.0,0.0,0.9,16.3,54.8,chicken flavored rice cooked,2.2,317.0,1.5,1.6,8.0,6.2,cooked,4.251125670684031,1
0.0,0.098,0.8,796.7,1.1,cheese imitation,0.8,441.0,1.1,0.0,36.2,28.3,other,20.46010426962808,4
0.0,0.074,0.2,182.0,1.4,cheshire cheese,0.005,110.0,0.0,0.0,8.7,6.6,other,29.57070707070707,0
0.0,0.002,0.7,843.0,0.8,monterey cheese,0.8,421.0,0.6,0.0,34.2,27.7,other,16.57733926142477,4
0.0,0.048,0.3,219.3,0.4,edam cheese,0.1,107.0,0.0,0.0,8.3,7.5,other,27.499800303538624,0
0.0,0.1,0.9,594.0,1.7,fontina cheese,0.2,420.0,1.7,0.0,33.6,27.6,other,17.096052096052098,4
0.0,0.049,0.6,796.7,0.8,monterey cheese low fat,0.8,350.0,0.6,0.0,24.4,31.9,other,22.27973137973138,4
0.0,0.071,0.7,774.1,2.9,colby cheese,0.9,445.0,0.6,0.0,36.3,26.8,other,18.493517718236816,4
0.0,0.069,0.4,261.3,0.9,american cheese,0.2,93.0,0.6,0.0,7.9,4.5,other,41.35603345280765,0
0.0,0.03,0.3,158.4,0.7,blue cheese,0.063,106.0,0.2,0.0,8.6,6.4,other,18.900580551523948,0
0.5,1.8,3.12,14.2,2.58,Hot tea (Garam Chai),0.02,16.14,2.58,0.0,0.53,0.39,other,630.47691672227,0
1.51,5.6,4.92,20.87,3.65,Instant coffee,0.06,23.16,3.62,0.0,0.75,0.64,other,447.39419571025786,0
1.51,5.53,13.98,58.1,6.62,Espreso coffee,0.15,51.54,6.53,0.0,2.14,1.75,other,207.56760163046542,0
5.95,1.28,0.23,1.18,2.7,Iced tea,0.02,10.34,2.7,0.0,0.01,0.03,other,1033.00765428425,0
45.3,14.05,79.82,7.08,9.05,Raw mango drink (Aam panna),0.14,35.92,7.49,0.61,0.03,0.16,other,422.2041383511316,0
41.44,24.57,2.63,5.07,9.38,Fruit Punch (with fresh juices),0.1,36.12,9.25,0.06,0.03,0.14,other,406.94905869324475,0
15.08,9.13,2.26,3.3,5.99,Fruit Punch (with squashes),0.06,23.13,5.88,0.17,0.02,0.07,other,507.3183529733465,0
5.27,2.11,28.52,1.84,5.48,Lemonade,0.05,20.8,5.47,0.02,0.01,0.03,other,510.9368836291913,0
5.68,2.92,28.13,2.2,5.55,Lem-o-gin,0.09,21.52,5.38,0.13,0.03,0.08,other,497.12054777110535,0
3.61,3.14,189.6,10.84,1.86,Cumin infused water (Jeere/Zeere ka pani),0.32,9.09,1.46,0.46,0.11,0.17,other,1172.9673822083062,0
10.67,12.64,23.2,17.81,5.72,Coco pine cooler,0.13,32.75,5.52,0.26,1.0,0.56,other,347.93214588634436,0
103.5,63.89,1.57,8.13,5.43,Summer cooler,0.28,22.43,5.21,0.2,0.04,0.37,other,901.3862691526533,0
3.62,13.79,24.2,113.66,9.23,Hot cocoa,0.31,90.1,9.01,0.0,4.56,3.36,other,127.06717132910255,0
2.53,9.49,13.84,53.29,11.24,Cold coffee with ice cream,0.12,67.85,11.18,0.01,2.11,1.57,other,158.55122851438256,0
6.84,19.83,13.61,62.64,9.15,Banana milkshake (Kele milkshake),0.13,65.31,7.96,0.26,2.37,1.84,other,173.2363860981224,0
20.1,53.68,13.27,62.33,7.23,Mango milkshake (Aam milkshake),0.15,56.9,7.15,0.26,2.35,1.73,other,224.8880176648191,0
10.22,17.45,14.05,59.92,7.62,Pineapple milkshake (Ananas milkshake),0.11,55.72,7.6,0.0,2.23,1.66,other,209.21733208165372,0
10.82,16.85,14.63,67.42,7.11,Orange milkshake (Narangi milkshake),0.11,57.42,7.08,0.0,2.52,1.86,other,205.18893622341898,0
4.82,41.91,40.65,102.13,8.15,Egg nog,0.43,97.14,8.06,0.02,5.11,4.78,other,119.00411600843965,0
1.0,18.0,18.31,45.65,6.51,Sweet Lassi (Meethi lassi),0.03,35.66,6.51,0.0,0.68,1.29,other,293.85674772663003,0
1.02,18.07,65.4,47.78,1.86,Lassi (salted),0.04,18.84,1.84,0.02,0.72,1.35,other,557.4890667247356,0
12.3,16.14,437.5,113.79,27.4,Cheese and chilli sandwich ,0.99,218.11,2.38,2.08,9.78,6.8,other,58.649187836295255,6
0.0,14.92,461.67,110.13,29.16,Egg sandwich (Ande ka sandwich),1.44,285.96,1.86,1.88,15.8,8.69,other,40.730010652377416,6
1.53,12.96,362.64,87.84,25.77,Cucumber sandwich (Kheere ka sandwich),1.02,188.6,1.64,2.45,8.0,4.8,other,60.51091714930528,6
3.64,12.08,571.96,199.73,29.1,Cheese and pineapple sandwich (Cheese aur ananas ka sandwich),1.04,257.71,4.1,2.33,12.8,8.2,other,48.576333233506034,6
3.16,12.18,549.71,191.2,26.92,Cheese and tomato sandwich (Cheese aur tamatar ke sandwich),1.0,243.32,2.85,1.97,12.27,7.92,other,50.86896226136732,6
0.0,11.1,389.67,89.56,25.38,Chicken sandwich,1.19,253.27,1.6,1.64,11.75,13.12,other,44.81397002421995,6
3.16,22.04,364.99,94.03,28.54,Peanut and tomato sandwich (Moongfali aur tamatar ka sandwich),1.58,291.43,2.82,4.03,16.14,9.53,other,41.01223820882057,6
1.01,10.38,612.49,172.04,34.26,Rainbow sandwich,1.2,272.75,4.05,2.1,12.54,7.75,other,44.371305240232836,6
6.0,17.42,461.66,115.68,18.51,Club sandwich ,0.86,235.32,2.01,1.81,15.12,7.31,other,51.14010963067567,6
6.0,17.53,305.36,122.44,19.68,Vegetarian club sandwich,0.77,198.33,2.08,2.06,11.33,5.45,other,60.688199456918255,6
0.0,9.04,374.39,67.75,14.0,Pin wheel sandwich,1.36,311.52,1.45,0.93,24.93,8.77,other,36.19899011848165,6
2.7,21.7,302.88,118.05,29.04,Carrot apple sandwich (Gajar aur seb ka sandwich),1.8,214.11,5.3,3.66,9.12,5.3,other,57.0177802208067,6
1.25,12.65,662.75,73.54,21.54,Salami sandwich,1.11,255.59,2.0,1.97,15.51,8.7,other,44.29456498003781,6
12.9,17.05,342.7,79.53,23.2,Vegetable and mayonnaise sandwich,0.91,244.26,2.35,2.35,15.4,4.47,other,51.38237173363678,6
1.98,16.33,423.26,95.71,25.9,Egg and tomato sandwich (Ande aur tamatar ka sandwich),1.3,222.11,2.09,1.77,10.51,7.66,other,52.57959115507177,6
1.65,13.05,205.27,85.18,39.24,Sweet open sandwich,1.15,244.25,12.23,2.36,8.15,4.99,other,46.990595666133025,6
0.0,12.7,456.57,172.35,21.01,Mushroom and cheese sandwich (toasted),0.84,227.42,2.11,2.28,13.01,7.79,other,51.85311712881848,6
6.32,14.48,457.94,169.22,21.42,Cheese and tomato sandwich (toasted) (Cheese aur tamatar ke sandwich (toasted)),0.82,224.58,2.67,1.78,12.95,6.82,other,55.478983371048564,6
14.11,21.01,262.63,64.15,25.17,Pea potato sandwich (toasted) (Matar aloo ka sandwich),1.11,164.9,1.33,2.89,5.43,4.6,other,76.88238922320184,6
4.85,52.13,268.9,274.1,24.05,Paneer pea sandwich (toasted) (Paneer matar ka sandwich),1.26,249.56,6.4,2.12,11.98,12.4,other,53.48353272700124,6
12.97,20.71,327.55,99.99,18.82,Chicken sandwich (toasted),0.99,167.37,2.13,1.64,5.32,12.08,other,76.23985754475089,6
5.5,18.29,290.07,70.79,20.26,Pea keema sandwich (toasted) (Matar aur keema ka sandwich),1.51,171.78,1.94,2.45,5.61,11.06,other,69.82499977610001,6
16.19,56.9,277.49,107.73,18.49,Classic club sandwich,1.09,200.83,1.86,1.62,11.56,6.74,other,65.89223100202535,6
6.92,8.87,128.78,43.44,11.15,Sesame toast,0.72,495.19,1.46,1.32,49.38,1.9,other,23.229553777424293,3
5.03,17.58,15.89,75.88,8.87,Cracked wheat porridge (Meetha daliya),0.32,81.57,5.12,0.62,4.08,2.64,other,138.78091178569295,0
5.03,22.71,23.21,108.52,12.39,Semolina porridge (Suji/Rava daliya),0.36,100.89,7.54,0.7,4.08,3.75,other,114.91384794982773,0
5.03,23.98,16.14,76.83,8.77,Oatmeal Porridge,0.28,72.85,5.2,0.39,3.22,2.6,other,155.18798139251126,0
4.82,43.87,26.55,106.47,14.95,Cornflakes with milk,0.42,117.33,9.97,0.78,5.12,3.59,other,98.76322244003144,0
4.82,19.41,22.4,103.15,15.57,Rice flakes (Chiwda/Aval),0.62,112.44,7.28,0.37,3.99,3.62,other,103.81947294967573,0
4.82,19.41,22.4,103.15,15.57,Wheat flakes,0.62,112.44,7.28,0.37,3.99,3.62,other,103.81947294967573,0
4.82,16.87,22.52,103.79,15.67,Murmura (Puffed rice),0.63,113.32,7.31,0.28,4.04,3.62,other,103.10571982827543,0
4.82,16.87,22.52,103.79,15.67,Puffed wheat (Murmure/Moori),0.63,113.32,7.31,0.28,4.04,3.62,other,103.10571982827543,0
0.0,24.77,170.94,17.75,0.12,Boiled egg (Ubla anda),0.64,45.35,0.0,0.11,3.04,4.43,other,231.3581922181702,0
0.0,24.77,446.96,46.4,0.31,Fried Egg ,1.69,223.67,0.0,0.29,19.62,11.59,other,50.502132453221115,0
0.0,24.77,1163.07,48.24,0.37,Poached egg,1.75,123.87,0.05,0.3,8.19,11.98,other,91.5742241486974,0
0.3,25.82,374.66,64.59,1.35,Scrambled egg (Ande ki bhurji),1.42,155.97,1.08,0.24,12.21,10.29,other,72.57208678635875,0
0.0,35.72,523.29,164.05,15.42,Baked egg ,1.48,218.85,1.66,1.03,12.65,11.88,other,55.21656522341923,6
0.3,50.48,226.18,48.4,0.64,Plain omelette/omlet,1.35,272.41,0.51,0.12,25.74,9.66,other,40.95165752226799,0
8.29,70.23,267.19,89.91,2.3,Stuffed egg omelette/omlet,0.91,203.51,1.57,0.75,17.77,8.6,other,59.54637143767899,0
0.5,5.43,143.7,79.49,20.49,Pancake,0.69,203.36,3.32,0.65,10.82,5.68,other,54.33885930050367,6
4.64,12.23,125.4,40.96,9.56,Keema pancake,0.93,176.27,2.2,0.84,11.25,9.01,other,64.37453421058117,0
20.63,28.57,116.69,42.89,12.24,Vegetable pancake,0.79,125.18,2.09,2.48,6.57,3.87,other,104.3380267457596,0
6.48,8.42,93.09,54.06,20.73,Jam and fruit pancake,0.52,162.02,7.85,1.21,7.01,3.79,other,70.514350344001,6
0.73,19.12,101.0,157.22,27.32,Khoa and coconut pancake,1.12,271.98,16.47,1.65,15.29,6.98,other,43.79997775100357,6
1.5,6.33,44.6,17.16,0.25,Brown stock,0.3,21.32,0.14,0.09,1.38,1.95,other,490.8692933083177,0
7.58,13.92,49.75,5.08,0.96,Vegetable stock,0.12,17.6,0.44,0.38,1.38,0.3,other,622.0435120435121,0
0.84,10.19,58.58,3.57,0.37,Chicken stock,0.18,29.88,0.2,0.1,1.51,3.69,other,342.06140802526346,0
53.16,43.91,5135.74,29.05,3.45,Clear tomato soup (Tamatar ka soup),1.14,80.07,1.44,1.96,12.22,4.79,other,209.36007916150294,0
17.9,34.92,10418.84,40.57,3.94,Lentil soup,2.26,31.17,1.06,2.57,11.68,9.65,other,434.92208429648275,0
2.1,11.38,8953.64,35.48,1.19,Chicken consomme (Clear chicken soup),1.82,47.94,0.54,1.57,12.02,11.47,other,240.2454635245624,0
53.23,44.01,4461.22,39.61,3.93,Cream of tomato soup,0.95,97.81,1.81,1.38,13.12,4.61,other,171.21883784801685,0
52.28,88.58,4999.7,51.01,6.75,Cream of green peas soup,1.48,127.84,1.61,2.95,14.78,7.13,other,133.16251350512928,0
63.34,298.06,4429.81,70.77,3.45,Cream of spinach soup,2.1,100.54,1.13,1.74,13.31,5.21,other,186.48129162352356,0
39.02,54.46,5655.45,65.26,4.93,Cream of mixed vegetable soup,1.36,59.65,2.1,2.14,9.05,6.84,other,261.41007730278477,0
5.79,30.72,5276.06,70.56,3.74,Cream of mushroom soup,1.81,117.28,1.93,1.34,15.5,6.64,other,103.95342871468382,0
2.02,13.45,12205.33,91.5,1.63,Chicken sweet corn soup,3.83,28.32,0.27,0.47,12.59,14.48,other,461.0193635617365,0
19.43,23.24,8875.06,53.55,3.71,Minestrone soup,1.82,42.66,1.01,1.92,11.09,9.3,other,318.37606837606836,0
8.51,28.19,12418.84,100.14,1.1,Egg drop soup,3.93,26.64,0.6,0.81,13.52,12.93,other,521.74161340828,0
16.72,20.33,4249.41,41.07,1.43,Chinese cabbage and meat ball soup,1.52,484.31,0.37,0.57,56.57,5.21,other,26.879778032965042,3
5.35,24.85,11202.89,106.22,4.28,French onion soup,3.52,55.61,1.5,1.01,14.39,11.41,other,240.37182023155768,0
24.59,39.83,163.26,10.68,1.78,Hot and sour soup,0.43,31.51,0.66,0.6,1.31,3.12,other,414.2578532930802,0
12.62,48.58,11088.14,42.33,4.17,Talaumein soup,2.23,35.63,0.77,1.94,12.78,10.12,other,363.92721009616884,0
5.05,27.42,121.32,99.79,4.58,Cold cucumber soup (Thanda kheere ka soup),0.32,48.03,3.34,0.88,1.99,2.99,other,239.56910833862736,0
16.3,43.26,9919.62,43.93,2.65,Cold summer garden soup,2.13,49.19,0.46,1.86,14.08,8.57,other,271.03816876128326,0
0.0,5.84,1.16,17.22,35.65,Chapati/Roti,2.28,202.31,1.0,6.31,3.56,5.88,other,56.34485791670309,6
0.0,7.79,62.07,14.81,30.69,Plain parantha/paratha,1.98,298.3,0.86,5.43,16.86,5.06,other,37.59276928234353,6
7.98,14.96,127.2,17.38,23.92,Potato parantha/paratha (Aloo ka parantha/paratha),1.52,205.04,1.15,4.18,10.22,3.7,other,57.865798960219564,6
8.44,20.74,127.03,23.75,20.54,Radish parantha/paratha (Mooli ka parantha/paratha),1.39,183.52,1.31,4.32,9.53,3.3,other,64.80324927905573,6
17.61,26.32,190.03,22.0,18.84,Cauliflower parantha/paratha (Phoolgobhi ka parantha/paratha),1.59,178.07,1.15,4.68,9.47,3.73,other,73.05683590290766,6
1.8,29.02,156.13,23.89,30.03,Dal parantha/paratha,2.45,268.24,1.43,6.46,13.05,6.78,other,43.784969959291466,6
2.0,12.52,153.94,20.33,24.31,Sprouted moong parantha/paratha,1.94,228.59,1.47,4.49,12.43,4.29,other,50.11761063644348,6
17.8,33.64,109.99,23.49,21.51,Pea parantha/paratha (Matar ka parantha/paratha),1.78,190.73,1.29,5.61,8.8,5.59,other,68.93178301451778,6
1.8,11.49,140.62,19.35,18.36,Keema parantha/paratha,1.8,238.09,0.99,3.44,13.91,9.41,other,47.666202502608904,6
1.69,29.0,142.52,127.65,24.33,Paneer parantha/paratha,1.7,262.97,3.77,4.0,14.62,7.98,other,46.066643720368475,6
6.65,50.53,177.19,33.07,21.39,Besan and spinach parantha/paratha (Besan aur palak ka parantha/paratha),1.85,216.49,1.31,4.39,12.09,5.54,other,55.52705105109372,6
0.0,4.68,31.73,3.98,8.22,Poori,0.6,737.63,0.23,1.46,77.61,1.35,other,14.050335151700336,3
3.03,18.9,35.47,10.02,7.76,Spinach poori (Palak poori),0.79,684.25,0.24,1.55,71.86,1.42,other,15.860624740420134,3
2.91,8.47,35.37,14.61,7.98,Methi poori,0.81,710.02,0.26,1.61,74.6,1.45,other,15.331565235793288,3
0.42,7.65,128.18,6.88,10.14,Dal stuffed poori,0.83,785.16,0.29,1.96,81.69,2.08,other,13.45038062904485,3
1.39,5.63,69.86,5.57,9.4,Potato stuffed poori (Aloo ki poori),0.7,776.74,0.26,1.64,81.35,1.52,other,13.628987160670864,3
0.0,7.79,1.14,14.98,30.74,Tandoori parantha/paratha,1.96,295.37,0.86,5.44,16.51,5.08,other,37.93249029393525,6
0.0,9.75,1.05,2.7,25.72,Boiled rice (Uble chawal),0.24,117.19,0.22,1.25,0.18,2.6,other,86.64649342181555,6
3.42,22.63,193.76,12.76,21.82,Plain pulao,0.41,140.21,1.15,1.69,4.62,2.34,other,76.35640556259627,6
26.15,80.63,187.92,19.61,17.49,Mixed vegetable pulao,0.6,113.05,1.35,2.67,3.33,2.72,other,118.44082302286638,6
3.42,26.77,222.36,13.54,19.02,Mushroom pulao,0.39,124.29,1.0,1.88,4.03,2.52,other,86.09558703693388,6
7.53,43.15,153.16,16.26,17.49,Sprouted moong pulao,0.65,112.97,1.43,1.78,3.61,2.19,other,100.22886342263169,6
3.42,69.28,72.28,33.09,8.76,Paneer pulao,0.26,581.91,1.11,0.62,59.81,1.98,other,18.52345363713101,3
3.42,68.06,168.4,18.52,21.18,Peanut pulao ,0.83,193.28,1.6,2.9,9.51,5.32,other,56.82725915548763,6
12.89,46.97,334.26,59.61,36.98,Navratan pulao,1.1,261.71,2.52,3.82,9.45,6.2,other,47.76994304715829,6
5.43,301.13,170.05,18.94,27.57,Green chickpeas pulao (Choliya pulao/Hare chane ka pulao),0.95,173.43,2.48,3.15,4.82,4.88,other,65.02221887103394,6
10.28,30.07,262.64,68.58,22.5,Mutton biryani/biriyani,1.29,190.76,2.39,2.42,7.72,7.38,other,64.9319949173168,6
39.35,77.54,183.79,33.52,18.56,Vegetable biryani/biriyani,0.86,174.61,2.14,3.31,9.51,3.16,other,86.52337296744832,6
10.2,38.01,187.11,12.7,21.62,"Lemon rice (Pulihora, Elumichai sadam, Chitranna)",0.77,176.3,0.78,2.52,7.88,4.26,other,66.13047883609426,6
0.21,10.65,3.2,11.38,42.59,Sweet rice (Meethe chawal),0.34,215.41,24.8,1.13,4.57,2.1,other,47.81468215849164,6
5.1,28.24,213.29,101.52,32.93,Curd rice (Dahi bhaat/Dahi chawal/ Perugu annam/Daddojanam/Thayir saadam),0.59,195.74,3.91,2.13,4.32,5.75,other,59.647325643034236,6
0.84,23.02,162.41,50.94,65.08,Tamarind rice (Chintapandu pulihora/Puliyodharai/Puli sadam/Huli anna),2.89,373.04,11.65,5.12,8.53,7.45,other,32.41136350722454,1
48.66,54.48,96.61,18.93,31.1,Spanish rice,0.92,164.24,1.26,2.78,2.23,4.19,other,97.8043909059496,6
67.39,136.83,248.36,34.7,13.4,Chinese fried rice,0.99,120.58,1.47,2.31,5.43,4.05,other,151.80544745978486,0
14.65,28.19,200.51,122.01,21.1,Macroni cheese pie,0.54,170.63,3.4,0.4,7.48,5.85,other,75.4047719587191,6
85.39,99.36,258.47,28.33,15.44,Vegetable chowmein,0.99,129.71,1.97,1.86,6.36,3.07,other,156.16144364120618,6
84.96,102.27,288.15,26.1,13.3,Chicken chowmein,0.89,151.33,1.63,1.64,8.23,6.33,other,133.05500347065137,0
24.19,94.77,241.96,99.3,13.96,Cheese noodle ring,0.79,133.67,2.84,1.27,6.12,6.22,other,103.91645709966949,0
57.67,115.96,104.14,40.59,7.82,Spaghetti and cheese balls in tomato sauce,0.32,508.32,1.83,0.59,52.08,2.41,other,33.24241880072852,3
16.35,60.2,283.37,67.67,20.87,Penne platter,0.9,177.4,4.5,1.09,8.71,5.04,other,72.36305032810108,6
58.74,111.3,231.17,55.28,11.6,Pasta hot pot,0.82,125.17,5.99,0.8,6.47,5.84,other,139.07048806785164,0
4.23,61.02,238.55,119.98,13.9,Chicken lasagne,0.64,187.49,2.74,0.11,10.36,10.45,other,62.66189467426867,0
38.37,170.92,153.59,53.67,12.19,Fettuccine with spinach sauce,1.28,129.21,1.18,0.77,7.83,3.1,other,119.08745916175683,0
0.23,7.56,326.11,88.01,51.75,Naan,1.29,286.45,5.59,1.91,4.99,8.05,other,39.864626364888196,1
0.05,4.15,28.3,12.12,10.73,Bhatura,0.33,793.2,0.69,0.38,82.56,1.63,other,12.962833658748938,3
0.0,2.95,100.83,8.0,28.18,Idli,0.68,137.54,0.28,2.31,0.33,4.64,other,75.90021985834113,6
14.14,35.76,191.28,15.58,19.57,Masala dosa,0.79,164.58,1.33,2.52,7.84,3.29,other,73.7018237565084,6
2.28,15.86,202.36,116.04,32.84,Semolina dosa (Suji/Rava dosa),1.39,227.05,4.37,4.04,7.12,7.3,other,52.491393702580666,6
4.78,11.68,143.53,5.82,11.32,Onion tomato uttapam,0.36,462.02,0.8,1.26,45.3,1.91,other,23.323406653132643,3
18.67,54.04,221.03,101.66,20.1,Paneer kaathi roll,1.42,285.94,3.29,2.4,19.55,6.92,other,47.720967102655564,6
1.99,10.72,236.22,14.76,24.19,Makki ki roti,1.11,263.97,0.7,5.19,16.85,3.49,other,41.48697291099837,6
0.04,27.98,150.64,8.48,5.91,Washed moong dal (Dhuli moong ki dal),0.64,50.0,0.12,1.17,1.68,2.68,other,208.50461538461536,0
0.99,30.4,142.21,10.24,5.84,Washed urad dal (Dhuli urad ki dal),0.72,61.32,0.32,1.53,2.98,2.51,other,172.68051583120075,0
15.2,90.42,149.47,14.33,7.1,Split bengal gram with bottle gourd (Channa dal with ghiya/lauki),0.99,73.25,1.05,2.72,3.6,2.79,other,168.5886642746711,0
1.46,40.3,295.79,27.08,15.66,Dry washed urad,1.89,124.71,0.73,4.06,3.5,6.85,other,91.57669725386829,6
1.1,40.35,141.36,11.0,5.79,Mixed dal,0.78,61.93,0.34,1.62,3.1,2.51,other,171.80963894995867,0
11.04,55.37,123.86,13.58,5.22,Whole moong (Moong ki dal),0.68,53.7,0.59,2.02,2.56,2.25,other,218.04294195355646,0
11.04,48.17,123.72,12.2,5.37,Whole masoor (Masoor ki dal),0.95,54.05,0.67,1.98,2.52,2.28,other,219.2098168046364,0
11.04,116.57,125.08,18.98,5.74,Whole moth (Moth ki dal),0.95,55.0,0.66,1.85,2.62,2.01,other,216.37171717171714,0
10.28,51.6,126.12,13.07,5.05,Whole urad (Urad ki dal),0.78,53.8,0.57,2.32,2.62,2.21,other,217.02776983446128,0
15.45,93.14,157.61,38.13,8.74,Moti mahal dal (Urad rajmah mix dal),1.05,103.13,1.7,3.38,5.66,3.93,other,122.11100254346643,0
15.13,87.38,358.63,53.87,14.11,Black channa curry/Bengal gram curry (Kale chane ki curry),2.43,140.68,2.36,7.99,6.61,5.67,other,95.57503359749593,6
16.33,184.58,357.99,30.61,19.98,Chickpeas curry (Safed channa curry),1.82,163.43,4.78,4.73,6.84,6.1,other,79.91811230506697,6
15.13,86.78,355.41,36.8,17.88,Lobia curry,2.21,148.99,2.51,4.57,5.62,6.06,other,88.54262575988867,6
15.13,103.88,352.69,65.13,6.76,Soyabean curry,2.79,163.28,2.66,7.34,10.19,10.43,other,84.1016114105286,6
16.33,112.28,354.6,47.87,16.38,Kidney bean curry (Rajmah curry),2.27,143.73,2.49,5.83,5.77,5.95,other,93.53500539056792,6
20.35,68.19,159.54,30.24,10.57,Sambar,1.24,96.92,3.31,3.52,4.38,3.35,other,136.01542906124004,0
4.17,77.03,60.8,24.53,3.56,Besan kadhi with pakodies,0.38,403.35,0.88,0.81,42.59,1.64,other,26.932284001826584,3
20.89,244.23,513.32,40.77,21.14,Khatta channa,1.94,202.57,4.75,5.26,10.56,6.3,other,67.69267055094177,6
38.78,43.12,87.07,16.54,6.01,Sprouted moong dal chat,0.88,32.47,1.57,1.35,0.32,1.35,other,459.65532944282563,0
61.11,55.94,254.76,22.87,5.99,Potato cauliflower (Aloo gobhi),1.07,106.18,0.44,3.02,8.13,1.9,other,165.38300547530162,0
81.26,39.8,277.92,16.45,8.72,Potato capsicum (Shimla mirch aloo),0.86,125.53,0.54,2.02,9.33,1.41,other,156.40249444917652,0
54.84,75.95,253.73,45.5,6.24,Cabbage and peas (Pattagobhi aur matar),1.1,63.88,0.97,3.99,2.64,3.24,other,266.97627495999444,0
51.83,81.67,262.91,128.83,4.17,Carrot and fenugreek leaves (Gajar methi),2.72,61.92,2.11,4.43,3.81,2.1,other,294.91279069767444,0
68.76,73.14,221.93,107.8,8.47,Potato fenugreek (Aloo methi),2.53,135.15,0.54,2.93,10.04,2.25,other,147.05724250674305,0
24.05,92.42,132.15,17.85,4.4,Brinjal bhartha (Baingan ka bhartha),0.48,65.12,1.82,3.27,4.48,1.38,other,200.80154455154454,0
23.23,15.7,199.99,17.2,14.38,Dry potato (Sookhe aloo),0.83,103.15,0.33,1.88,4.18,1.62,other,127.72205443073112,0
6.03,75.87,271.65,51.92,4.39,Beans with coconut (Nariyal aur sem/phali; Beans thoran),1.34,131.63,2.06,5.59,11.39,2.62,other,89.75027774693504,0
51.79,59.84,286.06,35.37,3.99,Cauliflower with coconut (Nariyal ke saath phoolgobhi),1.33,132.11,1.71,5.27,11.56,2.64,other,126.90492965263988,0
41.01,72.27,219.6,48.63,4.99,Carrot and cabbage with coconut (Nariyal ke saath pattagobhi aur gajar),0.84,106.61,2.36,4.52,8.62,1.82,other,144.42744823572136,0
21.65,27.89,275.55,50.65,5.78,Raw turnip with coconut ,0.82,132.15,4.4,2.79,11.47,1.8,other,100.27034805695419,0
25.38,43.68,270.56,33.74,5.58,Raw papaya with coconut (Papaya thoran),0.82,132.75,3.82,4.31,11.42,1.54,other,101.95927696492666,0
22.65,63.97,210.03,86.89,3.85,Stuffed okra (Bharwa bhindi),1.18,94.34,0.48,4.15,7.66,2.08,other,146.7098456392499,0
37.36,71.07,180.15,20.21,4.02,Stuffed round gourd (Bharwa tinde),0.59,72.8,1.96,2.1,5.75,1.1,other,201.0212970789894,0
74.25,38.35,173.94,15.17,8.26,Stuffed capsicum (Bharwa shimla mirch),0.61,90.94,1.21,2.01,5.7,1.34,other,205.6914580666505,0
1.13,17.11,212.88,24.37,3.96,Stuffed brinjal (Bharwa baingan),0.75,93.0,0.92,4.09,7.73,1.53,other,115.37294366326624,0
28.23,37.42,165.85,59.16,6.19,Stuffed tomatoes (Bharwa tamatar),0.62,93.35,2.68,2.2,6.06,3.28,other,149.2896415017465,0
70.01,88.11,154.83,21.1,9.74,Pea potato curry (Aloo matar),1.02,100.92,1.86,3.61,5.13,3.48,other,183.39143131057517,0
58.44,127.01,157.34,105.2,9.29,Pea paneer curry (Matar paneer),1.08,134.83,3.89,3.3,7.75,6.61,other,132.77878886422977,0
58.44,84.49,155.48,22.7,7.41,Pea mushroom curry (Matar mushroom),0.97,93.3,1.82,3.86,5.16,3.87,other,184.42484037339344,0
77.64,107.74,154.75,24.48,9.2,Pea curry (Matar ki sabzi),1.2,102.99,1.98,4.44,5.11,4.51,other,189.16051097816316,0
77.64,109.24,149.51,23.62,8.9,Pea vadi curry,1.2,101.95,1.92,4.28,5.08,4.64,other,191.0252637668037,0
20.04,95.56,216.09,189.06,8.4,Paneer curry,0.81,176.52,6.29,1.4,12.38,7.8,other,80.053106497702,0
40.01,45.45,217.05,26.59,9.24,Lotus stem curry (Kamal kakdi curry),1.71,110.34,2.09,3.14,7.25,1.53,other,141.38203749405488,0
17.05,27.6,312.86,39.65,6.31,Gravy for kofta,0.75,125.59,3.73,1.96,10.35,1.75,other,100.45474250426874,0
74.66,129.13,83.07,13.84,4.17,Pea kofta curry (Matar kofta curry),0.56,595.66,0.88,1.7,63.39,2.01,other,31.415787874170174,3
64.05,250.89,104.51,29.31,3.56,Spinach kofta curry (Palak kofta curry),0.83,571.78,0.82,0.92,61.49,1.09,other,31.13651984371493,3
17.06,97.75,121.72,59.49,3.27,Paneer kofta curry,0.34,670.91,1.98,0.4,72.06,2.39,other,18.694101785723614,3
38.6,57.76,108.61,19.31,5.01,Lotus stem kofta curry (Kamal kakdi kofta curry),0.65,633.56,0.88,1.01,67.76,0.96,other,23.357753743194746,3
23.63,46.68,88.4,9.23,3.4,Raw banana kofta curry (Kela kofta curry),0.28,627.27,2.3,0.59,67.98,0.62,other,20.488961868272213,3
53.98,89.51,93.65,12.26,2.62,Cauliflower kofta curry (Phoolgobhi kofta curry),0.4,641.1,0.83,1.0,69.62,1.04,other,25.447368105299784,3
43.56,90.4,92.85,15.46,2.87,Cabbage kofta curry (Pattagobhi kofta curry),0.34,639.81,0.89,0.9,69.4,0.98,other,23.675484856147865,3
21.87,87.12,91.43,11.64,2.71,Ghiya/Lauki Kofta Curry,0.33,638.71,0.82,0.83,69.4,0.89,other,19.88832458372625,3
47.34,197.93,99.37,37.71,2.94,Spinach paneer kofta curry (Palak paneer kofta curry),0.68,606.03,1.16,0.75,65.41,1.43,other,26.28228751192961,3
35.58,67.83,95.89,28.39,4.26,Vegetarian egg kofta curry,0.39,627.41,1.19,0.64,67.24,1.33,other,22.93298579140373,3
47.05,77.19,124.7,80.2,8.44,Baked vegetables,0.62,88.99,2.56,2.34,4.44,3.67,other,181.92094953528826,0
71.44,76.8,123.36,24.61,4.48,Cauliflower musallam (Phoolgobhi musallam),0.83,58.83,1.71,3.06,3.55,1.89,other,315.9645857759066,0
78.95,223.29,122.85,78.63,6.93,Baked vegetables with spinach ,1.16,77.79,2.09,2.33,4.03,3.22,other,257.37900527719273,0
11.88,9.99,354.5,90.06,11.11,Baked potato with skin ,0.5,135.77,1.66,1.2,8.5,3.43,other,90.52476252888715,0
51.68,90.43,118.2,85.59,12.03,Shepherd's pie (vegetarian),0.76,135.63,2.78,2.23,7.3,5.04,other,124.03471989846689,0
68.38,103.99,79.66,26.24,4.13,Baked brinjal in tomato sauce,0.32,38.63,2.2,2.34,1.62,1.58,other,465.3741058607742,0
29.39,34.41,183.85,16.49,3.33,Dum aloo,0.36,682.33,0.71,0.68,74.01,0.7,other,19.920568800143197,3
60.21,267.05,166.87,113.25,4.43,Spinach paneer (Palak paneer),1.85,77.68,2.55,1.91,4.76,4.03,other,239.3013854780075,0
63.26,141.85,54.94,60.57,2.78,Methi chaman,0.63,475.62,1.79,0.53,50.91,1.54,other,37.51905295364359,3
59.58,128.42,165.45,134.41,5.33,Sarson ka saag,2.43,87.84,0.75,3.69,5.86,3.0,other,216.3470295642427,0
14.11,32.14,58.95,9.85,3.4,Jackfruit sabzi (Kathal ki sabzi),0.27,625.4,2.59,1.02,67.6,0.69,other,18.857606345614023,3
94.64,108.12,81.5,31.9,8.47,Avial,1.01,124.56,3.83,5.44,8.94,2.46,other,167.0399464233761,0
5.41,60.75,206.24,103.88,4.65,Al yakhani,0.46,147.54,3.56,1.27,13.14,2.86,other,79.00056655648359,0
30.83,78.58,215.35,125.38,6.64,Shahi paneer,0.62,156.5,5.01,1.4,12.34,5.06,other,94.14991398377981,0
18.02,64.79,151.45,170.59,9.7,Paneer in butter sauce,0.85,145.61,7.49,1.5,8.81,6.99,other,94.68220049224102,0
13.6,73.86,221.16,183.96,8.15,Methi malai paneer,0.77,194.98,6.0,1.47,14.76,7.34,other,68.48890046141048,0
4.87,28.7,89.04,42.9,3.31,Chilli paneer,0.36,777.51,1.5,0.5,84.01,2.1,other,14.239188063318942,3
0.64,94.26,77.01,72.89,4.63,Paneer makhana korma,0.55,775.82,1.84,0.21,82.76,3.24,other,14.09780487014897,3
85.83,117.12,144.33,91.53,7.34,Kadhai Paneer,0.65,107.99,5.54,2.07,6.81,4.33,other,190.77557830220115,0
12.41,36.34,204.31,112.33,4.93,Roghan josh,1.77,139.59,2.66,2.08,9.02,9.56,other,94.75105054301271,0
88.11,391.34,121.1,96.88,3.45,Spinach mutton (Palak mutton),2.38,80.32,1.42,2.23,4.71,5.74,other,272.12964381789084,0
55.62,85.14,148.38,35.6,6.24,Pea keema curry (Matar keema ki sabzi),1.35,133.0,1.82,2.96,8.14,8.43,other,129.3522267206478,0
2.43,6.6,311.51,49.89,5.64,Keema kofta curry,1.25,154.45,2.14,1.51,10.39,9.77,other,73.47499951578942,0
3.22,22.46,130.11,52.53,3.04,Kashmiri mutton koftas (Gushtaba),0.85,97.42,2.13,0.62,6.77,6.33,other,115.31591996588917,0
0.09,6.51,101.02,88.61,0.84,Mutton yakhni,1.66,104.13,0.13,0.67,7.7,8.27,other,111.53210032495542,0
0.09,13.24,97.38,28.24,0.78,Chicken yakhni,0.93,99.0,0.12,0.62,6.1,10.66,other,108.52421652421653,0
7.42,67.3,118.62,118.61,4.14,Mutton do piaza,1.63,183.3,2.9,1.93,14.41,9.39,other,68.97100172059255,0
3.75,16.68,51.03,36.18,1.48,Mutton chops,0.64,663.64,0.42,0.17,71.31,4.03,other,16.651392192348133,3
1.64,20.55,54.27,13.11,3.54,Shammi kebab,0.75,685.69,0.31,1.05,72.61,4.52,other,15.604332924112999,3
2.59,30.63,90.67,15.03,1.91,Scotch egg,0.6,676.89,0.3,0.36,72.62,4.05,other,15.861848299910614,3
19.35,21.04,197.25,21.3,8.06,Shepherd's pie (with minced meat),0.84,142.78,1.7,1.05,8.88,7.45,other,89.51192618372896,0
16.79,38.7,108.0,27.29,3.38,Chicken curry,0.87,129.22,1.79,1.41,7.57,11.79,other,97.18938218396507,0
39.53,182.73,158.0,44.33,2.34,Tandoori chicken,0.9,145.2,1.58,0.5,7.93,16.26,other,104.91199877563515,0
32.65,40.85,26.21,25.28,3.74,Butter chicken,0.92,137.0,2.37,1.32,8.7,10.92,other,104.6229958200761,0
0.41,3.83,69.76,3.46,1.11,Chicken kebab,0.28,729.41,0.24,0.21,78.89,3.71,other,14.02191702297267,3
55.19,51.55,223.75,12.97,2.86,Chilli chicken,0.66,198.83,0.93,0.99,16.56,9.57,other,83.48165829934175,0
10.78,17.41,107.56,16.09,2.51,Fried chicken with tomato sauce (Fried chicken tamatar ki chutney kay saath),0.64,125.03,1.16,1.13,7.61,11.48,other,93.39440585541522,0
22.48,40.45,184.71,52.06,3.77,Fish curry (Machli curry),1.09,111.13,2.02,1.89,6.69,8.76,other,121.51349655174005,0
7.22,35.19,156.94,11.11,5.4,Fried fish (Indian style) (Tali hui machli),0.56,658.54,0.4,0.61,68.88,4.35,other,17.005489221299957,3
22.16,31.65,72.73,6.56,2.77,Fried fish and Chips (English Style) (Tali hui machli aur chips),0.26,651.75,0.17,0.29,69.69,3.36,other,19.420219724017194,3
75.09,76.88,91.47,6.46,3.18,Tomato fish,0.24,489.79,1.35,0.72,51.91,2.39,other,37.8251066260213,3
9.97,29.36,209.48,115.64,4.06,Baked fish with cheese sauce,0.26,113.96,3.22,0.08,7.02,8.64,other,106.54405654405655,0
0.9,4.62,503.44,31.98,3.91,Fish tikka,1.41,117.33,1.18,1.18,4.15,16.0,other,94.85496747066678,0
19.66,27.55,123.94,37.27,2.37,Tandoori fish,0.46,95.98,1.6,0.58,4.64,11.19,other,132.5973359834581,0
25.3,67.13,176.63,103.05,8.35,"Paneer, apple and pineapple salad",0.84,95.08,6.36,1.65,5.07,3.88,other,147.9855919801229,0
49.56,104.32,101.09,34.92,6.5,Russian salad,1.23,114.83,1.66,2.57,7.84,4.26,other,143.33027418458056,0
38.78,56.54,152.31,66.74,12.7,Pasta salad,0.81,190.36,2.6,0.96,13.92,4.15,other,80.22837520631174,0
18.42,48.39,117.29,36.84,2.23,Deviled egg,1.51,98.56,0.82,1.15,7.72,4.97,other,133.6134351759352,0
51.75,123.62,64.92,61.03,14.35,Hawain salad,1.12,175.23,5.24,3.93,11.37,4.27,other,96.11187445462399,6
23.82,105.59,127.78,51.63,13.96,Mixed pulse and vegetable salad,2.13,83.12,1.36,2.96,0.84,4.74,other,171.1640260605612,0
27.84,49.76,116.38,54.56,5.48,Sprouted moong salad ,1.45,37.81,2.13,0.95,0.74,2.29,other,378.6982596292302,0
85.7,99.67,77.5,32.37,4.95,Tossed salad,0.86,62.96,1.56,2.15,4.22,1.02,other,321.61689961880563,0
37.73,86.34,116.66,65.51,7.03,Mixed vegetable salad with curd sauce,1.35,60.28,2.16,3.79,1.5,4.23,other,256.2399684662458,0
58.78,52.72,125.01,25.61,11.19,Potato salad (Aloo ka salaad),0.99,89.91,3.94,1.32,4.4,1.4,other,192.1711835292082,0
21.43,40.62,13.42,29.29,11.02,Waldroff salad,1.07,141.75,8.23,1.87,10.05,1.47,other,93.12778305370898,0
22.99,41.98,29.87,37.0,5.59,Coleslaw,0.63,76.71,3.62,2.34,5.32,1.24,other,171.9340350548798,0
52.45,45.4,7.11,25.93,15.96,Fruit salad (Phalon ka salaad),0.81,78.14,9.78,1.58,1.22,0.91,other,210.8681765579641,0
15.04,34.77,165.21,120.62,7.08,Tomato onion raita (Tamatar aur pyaaz ka raita),0.26,59.0,5.98,0.97,1.84,3.74,other,215.98985948138488,0
2.59,36.67,235.83,174.6,9.3,Peanut raita (Mungfali ka raita),0.74,150.39,7.11,1.89,8.98,8.59,other,80.07158595628574,0
3.59,27.0,189.2,139.44,6.13,Sprouted moong raita ,0.86,60.89,5.59,0.16,2.19,4.62,other,196.2437518686492,0
4.76,39.49,188.37,138.26,5.76,Bottle gourd raita (Ghiya/Lauki ka raita),0.23,56.31,5.25,0.85,2.07,3.98,other,208.13718927730648,0
5.65,26.92,189.96,138.58,6.35,Cucumber raita (Kheere ka raita),0.29,59.13,5.22,0.86,2.08,4.04,other,200.488565683898,0
19.29,95.51,180.79,142.57,5.83,Carrot and spinach raita (Gajar aur palak ka raita),1.04,56.83,4.93,1.39,1.99,4.0,other,243.1427664755133,0
2.94,20.62,274.38,198.22,7.65,Mint raita (Pudinay ka raita),0.37,77.59,7.48,0.34,2.96,5.64,other,155.39362615016694,0
15.33,27.03,183.37,132.31,10.24,Potato raita (Aloo ka raita),0.34,75.38,5.08,0.75,2.04,4.22,other,171.26547430341543,0
0.77,37.83,99.18,49.0,3.96,Boondi raita,0.24,687.72,1.88,0.46,73.83,2.19,other,15.407159840941029,3
5.2,24.9,42.98,108.91,17.93,Sweet raita (Meetha raita),0.21,99.24,15.36,1.02,1.78,3.24,other,116.20529700940827,6
0.57,18.3,79.0,49.03,5.49,Dahi vadas/Dahi bhalla,0.49,667.73,1.78,0.97,70.4,2.96,other,16.04347476032139,3
0.51,19.06,77.9,48.16,5.68,Gunjia,0.5,667.34,2.05,1.13,70.28,2.98,other,16.04115740537954,3
0.09,0.99,244.38,54.74,33.55,Saunth/Sonth chutney with tamarind/imli,2.71,141.53,31.31,0.93,0.15,1.01,other,84.33994544359837,6
5.06,19.54,16.24,75.57,10.05,Rice kheer (Chawal ki kheer),0.17,75.03,8.02,0.17,2.97,2.3,other,149.77974622116966,0
5.06,23.77,23.4,111.64,12.88,Makhana kheer,0.28,107.85,11.54,0.11,5.0,3.31,other,107.33933248536864,0
4.06,16.29,22.52,104.8,15.87,Vermicelli kheer (Semiya/Seviyan ki kheer),0.3,120.07,12.79,0.5,5.0,3.35,other,95.14392957384547,0
4.06,17.54,22.66,105.99,15.88,Semolina kheer (Suji/Rava kheer),0.34,113.21,12.88,0.51,4.2,3.43,other,101.18635891094155,0
5.06,41.81,23.81,144.66,10.03,Paneer kheer,0.26,105.31,9.87,0.07,5.37,4.53,other,112.23469658566042,0
17.36,33.51,22.67,102.74,9.73,Cabbage kheer (Pattagobhi ki kheer),0.24,83.51,9.28,0.51,3.8,2.87,other,153.9040823198409,0
6.54,24.59,28.54,100.12,10.09,Carrot kheer (Gajar ki kheer),0.28,85.35,9.63,0.73,3.85,2.81,other,136.52461708700724,0
23.92,36.87,25.19,101.75,8.78,Cauliflower kheer (Phoolgobhi ki kheer),0.3,81.95,8.49,0.55,3.95,3.04,other,166.04193718287675,0
5.06,32.3,16.34,75.66,9.89,Moong dal kheer,0.28,77.16,7.92,0.4,2.97,2.95,other,146.44605725476643,0
5.04,20.33,22.47,104.57,16.11,Phirni,0.23,116.12,10.79,0.36,4.34,3.49,other,98.96798478438158,0
0.05,7.96,1.28,11.77,24.67,Semolina halwa (Suji ka halwa),0.65,225.65,13.98,1.86,13.38,2.16,other,46.34258864704245,6
0.02,7.46,2.18,18.64,44.44,Shahi suji halwa,0.98,382.34,27.21,2.96,21.73,3.48,other,27.95954198370896,1
6.53,44.8,39.96,106.94,18.53,Carrot halwa (Gajar ka halwa),0.76,172.64,16.85,2.65,9.73,3.11,other,69.337309791434,6
0.0,24.67,83.04,35.77,39.59,Egg halwa (Ande ka halwa),1.45,299.74,37.85,0.49,13.41,7.85,other,36.967736710847404,6
28.98,20.72,4.23,14.15,29.18,Potato halwa (Aloo ka halwa),0.63,151.66,17.42,1.64,3.48,1.53,other,90.19415899938119,6
8.08,27.9,8.09,24.34,27.6,Pumpkin halwa (Kaddu ka halwa),0.63,190.27,26.64,2.97,8.81,1.33,other,60.09885187895383,6
0.03,34.53,11.19,110.4,40.23,Moong dal halwa,1.51,349.8,25.59,2.65,17.68,8.35,other,33.42325040438248,1
3.02,35.21,43.57,88.12,15.02,Caramel custard (steamed),0.51,121.58,14.98,0.0,4.87,4.97,other,92.91606384878305,0
3.02,35.21,47.13,95.32,9.45,Baked custard,0.54,106.53,9.42,0.0,5.3,5.41,other,106.71910564898455,0
3.62,37.31,122.17,95.82,11.19,Soft Custard (stirred),0.49,109.18,11.15,0.0,5.07,5.01,other,104.52025432791142,0
4.06,43.75,36.79,84.24,15.41,Chocolate ice cream,0.47,177.7,15.33,0.0,11.25,4.47,other,63.92921903332709,0
44.98,142.26,29.13,67.17,11.14,Mango ice cream,0.39,125.69,11.01,0.52,7.62,3.4,other,125.15822063916579,0
4.02,15.6,38.78,93.35,16.05,Fruit Ice cream (Phalon ka Ice cream),0.36,171.46,14.03,0.33,10.38,4.37,other,66.28218587276093,0
3.27,25.96,33.47,87.32,14.81,Caramel ice cream,0.35,173.52,14.52,0.08,11.15,4.31,other,64.71571049717662,0
12.9,32.11,50.73,59.81,13.43,Lemon souffle,0.56,168.51,11.67,0.0,10.02,6.95,other,72.42609558792576,0
19.16,37.93,49.22,59.04,14.2,Orange souffle,0.65,168.28,12.31,0.22,9.73,6.8,other,76.9203342414657,0
1.3,30.71,56.73,70.6,14.78,Vanilla souffle,0.58,187.85,12.86,0.0,11.19,7.71,other,58.60922858527331,0
1.3,31.85,56.07,71.55,14.74,Chocolate souffle,0.71,189.32,12.69,0.0,11.36,7.88,other,58.57423148253489,0
1.0,29.66,59.17,67.23,15.52,Pineapple souffle ,0.61,196.14,13.45,0.0,11.72,8.06,other,55.91492732820357,0
14.48,35.22,28.79,33.76,12.77,Apple mousse,0.48,106.92,10.56,1.6,4.27,4.21,other,113.49839004159992,0
0.7,31.64,51.71,54.59,10.84,Rich chocolate mousse,0.97,188.26,10.3,0.0,12.19,7.96,other,58.62418858806833,0
42.76,110.68,19.62,51.38,9.14,Mango mousse,0.35,124.98,8.89,0.88,8.47,3.21,other,122.74592994708216,0
19.89,10.56,10.17,35.0,11.96,Orange and pineapple cream,0.41,101.18,11.37,1.03,5.43,1.44,other,125.58814535489766,0
25.28,28.72,56.45,34.95,34.08,Charlotte rousse,0.53,188.29,20.48,1.01,4.78,3.95,other,71.0190636102793,6
19.31,28.71,26.95,48.72,18.24,Triffle pudding,0.47,116.97,13.89,0.12,3.93,2.93,other,109.27106007895952,0
5.47,42.48,39.6,101.33,8.07,Snow flakes pudding,0.42,95.21,8.01,0.03,4.97,4.67,other,122.05201816587177,0
5.04,18.69,23.97,111.86,11.3,Kulfi,0.2,98.43,10.39,0.12,4.7,3.21,other,117.15506095268363,0
21.74,15.92,79.1,21.15,41.53,Steamed orange pudding,0.55,278.03,26.53,0.58,12.04,2.34,other,46.33961593642204,6
3.02,24.69,44.16,85.43,14.6,Meringue and rice pudding,0.37,112.93,10.87,0.17,4.05,4.84,other,99.16111712799926,0
0.3,60.43,37.83,226.11,19.27,Cheese pudding,0.87,285.01,18.63,0.05,18.37,11.29,other,43.00190996447268,6
0.75,18.08,171.36,64.56,29.59,Chocolate pudding,0.6,211.96,20.68,0.53,9.48,3.55,other,51.48746014003609,6
1.58,21.41,96.3,105.54,19.63,Bread and butter pudding ,0.9,167.94,11.84,0.98,7.88,5.59,other,68.40182034894433,6
8.11,46.64,85.59,78.26,16.35,Queen of pudding,0.53,132.92,11.77,0.27,5.38,5.51,other,88.75681278630421,0
9.66,15.44,74.52,26.05,35.73,Pineapple upside down pudding,0.68,257.73,22.16,0.8,11.91,3.15,other,45.20814700072062,6
6.39,32.22,3.87,34.69,46.86,Date and nut pie,1.54,322.42,31.18,4.13,13.31,3.93,other,36.69872126233394,1
5.6,10.2,16.66,49.24,18.36,Stewed apple with custard,0.18,92.87,15.46,1.01,1.82,1.27,other,119.53258805848448,6
4.46,4.64,12.8,9.43,24.58,Apple snowballs,0.18,101.51,19.4,1.25,0.31,0.86,other,105.0940204619645,6
7.01,30.66,58.8,53.81,18.77,Hot orange souffle,1.03,179.97,14.93,0.29,8.95,6.87,other,65.37219641070283,6
0.9,30.6,54.11,60.19,26.21,Hot chocolate souffle,1.08,226.09,22.88,0.12,11.1,6.7,other,49.374143040382144,6
0.9,28.8,59.59,63.2,21.77,Hot vanilla souffle,0.93,192.93,18.17,0.13,9.07,6.87,other,57.548439915101405,6
0.05,23.94,31.65,355.78,30.88,Plain burfi (Burfi),1.5,408.32,30.43,0.17,27.96,9.82,other,33.24759531656083,6
0.0,26.6,27.63,272.81,32.15,Coconut burfi (Nariyal ki burfi),1.82,467.64,31.5,3.5,34.63,8.81,other,28.033636071870617,1
1.08,34.06,18.15,215.85,24.51,Bottle gourd burfi (Ghiya/Lauki burfi),0.93,275.96,23.92,0.73,17.68,5.86,other,44.560991745366294,6
0.0,23.85,39.32,466.48,33.15,Chocolate burfi,2.12,339.33,32.38,0.0,17.86,13.0,other,43.51541411041013,6
0.0,2.1,4.23,12.95,37.92,Cashewnut burfi (Kaju burfi/Kaju katli),1.79,421.74,31.43,1.12,28.46,5.48,other,26.30544844942341,1
0.0,32.38,13.02,160.71,46.59,Gram flour burfi (Besan burfi),1.47,421.79,28.44,3.41,22.41,11.19,other,28.575588411051555,1
0.03,7.1,14.4,106.42,52.86,Semolina ladoo with khoya (Suji/Rava aur khoye ke ladoo ),1.73,428.71,33.28,4.68,21.86,6.71,other,27.484919477175318,1
0.05,5.21,9.06,26.72,50.9,Semolina ladoo with coconut (Suji/Rava aur nariyal ke ladoo ),1.83,464.43,27.32,6.69,27.03,5.68,other,24.175356208170626,1
0.0,24.79,5.48,25.35,62.61,Gram flour ladoo (Besan ladoo),1.51,476.91,37.76,4.43,22.76,8.93,other,23.13620785659535,1
0.0,18.17,18.55,631.82,43.5,Sesame ladoo (Til ke ladoo),8.94,396.96,38.63,7.72,19.64,10.7,other,49.946645790055705,1
0.0,46.65,11.4,266.85,36.01,Chenna murki,0.55,252.69,35.55,0.0,8.2,10.46,other,48.90675477164852,6
8.0,18.19,24.97,104.94,9.13,Milk cake,0.2,127.41,8.9,0.06,8.93,3.01,other,92.67114645028467,0
0.01,6.86,3.28,31.01,13.0,Ghujia/Lavang latika,0.44,768.98,6.08,0.52,78.93,1.86,other,13.633766830208868,3
0.02,16.44,15.09,67.32,26.09,Gulab Jamun with khoya,0.39,586.06,24.12,0.07,53.23,2.03,other,18.3201976636096,3
0.67,5.3,6.35,30.05,17.56,Mal pua,0.33,566.68,11.77,0.62,54.64,1.71,other,18.50944382002475,3
0.86,7.61,71.04,76.47,41.46,Shahi tukre,0.37,189.81,34.7,0.51,2.54,2.76,other,57.36969538139128,6
18.53,109.12,63.38,6.59,6.04,Potato pakora/pakoda (Aloo pakoda),0.38,677.19,0.22,1.03,71.84,1.9,other,18.193848561987487,3
5.36,119.81,63.55,7.95,5.41,Onion pakora/pakoda (Pyaaz ke pakode),0.36,674.61,0.88,1.11,71.84,1.9,other,16.093312286668446,3
37.72,133.47,66.54,8.44,4.52,Cauliflower pakora/pakoda (Phoolgobhi ke pakode),0.42,671.63,0.23,1.26,71.86,1.98,other,21.573437043264178,3
21.46,143.18,65.35,9.55,5.12,Mixed vegetable pakora/pakoda,0.46,673.81,0.38,1.13,71.86,1.94,other,18.86802145777228,3
12.12,153.51,69.54,10.99,4.68,Spinach pakora/pakoda (Palak pakoda),0.52,712.62,0.2,1.02,76.38,1.96,other,16.44648482654713,3
23.31,126.81,69.83,23.07,4.68,Methi pakora/pakoda (Methi ke pakode),0.69,713.25,0.25,1.18,76.39,2.06,other,18.437847699677352,3
0.01,121.37,75.37,9.55,4.48,Egg pakora/pakoda (Ande ke pakode),0.47,710.51,0.19,0.86,75.86,2.83,other,14.546851924228738,3
0.01,114.11,101.49,19.83,8.87,Bread pakora/pakoda,0.46,710.99,0.46,1.11,74.2,2.57,other,14.640438161162784,3
0.07,143.43,131.7,43.38,5.52,Paneer pakora/pakoda,0.43,718.12,1.08,0.89,76.05,3.27,other,14.73341359989831,3
8.96,16.02,132.53,6.79,4.53,Potato bonda (Aloo bonda),0.37,632.84,0.27,0.83,67.8,1.09,other,17.782286012802413,3
11.27,12.8,77.1,7.63,9.21,Potato samosa (Aloo ka samosa),0.5,577.39,0.29,1.19,59.19,1.71,other,20.070822680843637,3
0.82,4.62,88.64,6.7,6.14,Minced meat samosa (Keema ka samosa),0.55,620.99,0.5,0.39,64.26,4.43,other,16.82507790496647,3
6.67,26.39,78.18,64.56,8.55,Paneer and pea samosa (Paneer matar ka samosa),0.53,623.81,1.69,1.02,63.65,4.02,other,18.486672128005228,3
0.0,2.38,64.7,5.23,12.32,Mathri,0.43,805.12,0.29,0.6,83.1,1.75,other,12.767189559468969,3
0.86,6.38,90.56,7.84,12.81,Khasta kachori,0.59,712.73,0.34,0.97,72.27,2.51,other,14.709133929596094,3
16.89,30.52,85.38,13.55,4.68,Vegetable cutlet,0.4,665.45,0.35,0.93,71.33,1.25,other,18.338146604733126,3
12.63,23.98,76.65,9.17,7.39,Flattened rice cutlet (Chirwa cutlet/Chivda cutlet/Poha cutlet),0.59,701.71,0.27,0.86,73.89,1.76,other,16.8184144057368,3
12.63,38.52,84.24,14.38,5.68,Peanut cutlet (Mungfali ke cutlet),0.56,698.77,0.51,1.21,74.0,2.63,other,16.92267817602334,3
10.46,19.06,75.33,10.44,3.13,Fish cutlet (Machli ka cutlet),0.36,654.64,0.29,0.54,70.11,2.77,other,17.47911816346376,3
11.61,41.52,85.71,45.36,5.23,Paneer potato cutlet (Paneer aloo cutlet),0.38,672.94,1.02,0.41,71.4,2.47,other,17.609347323734937,3
16.18,49.07,79.13,11.3,4.93,Spinach chickpeas cutlet (Palak channa dal cutlet),0.57,688.03,0.16,0.93,73.6,1.44,other,17.733772540975714,3
0.0,6.85,121.05,43.87,5.49,Cheese toast,0.31,785.37,0.53,0.31,84.11,1.98,other,13.381824822292373,3
24.68,40.96,168.97,26.08,13.69,Vegetable burger,0.7,519.93,1.88,1.7,50.63,3.26,other,25.64138729391744,3
6.72,15.85,397.73,96.51,30.62,Cheese pizza,1.09,249.5,3.42,1.95,12.43,5.79,other,48.47537810664063,6
6.86,13.84,83.67,32.66,5.32,Vegetable seekh kebab,0.36,690.73,0.74,0.59,73.72,1.57,other,16.234205827824173,3
2.05,32.14,74.53,7.45,4.06,Masala vada,0.52,826.02,0.24,1.07,89.15,1.69,other,12.801111787819131,3
9.74,15.66,71.29,5.03,7.14,Peanut sago vada (Sabudana mungfali vada),0.38,749.89,0.19,0.62,79.82,1.01,other,15.111583887004285,3
12.53,32.4,93.33,15.2,4.64,Vegeterian scotch egg,0.46,681.67,0.23,0.58,72.77,2.16,other,17.258645465842495,3
107.71,174.74,103.39,123.86,7.98,Paneer shaslik/tikka,0.68,93.85,4.61,1.23,4.49,5.11,other,227.2833991320939,0
0.0,7.48,15.99,68.03,47.46,Peanut brittle (Moongfali ki chikki),3.22,320.46,43.92,2.63,11.13,6.94,other,38.42038501278344,1
4.59,9.59,132.84,9.51,8.56,Spring roll,0.49,623.87,0.6,0.67,64.63,1.81,other,17.400061019725374,3
0.25,5.17,437.91,72.05,69.17,Dry mango chutney (Sookhe aam ki chutney),3.98,298.13,61.86,3.74,0.7,2.43,other,42.911212082379016,1
4.2,10.14,475.34,34.79,9.87,Peanut chutney (Mungfali ki chutney),1.99,258.37,2.76,5.73,19.06,11.8,other,45.82512523449939,6
4.13,4.74,428.28,15.7,8.29,Coconut chutney (Nariyal ki chutney),1.25,265.92,3.79,6.73,25.0,3.59,other,42.39659508161313,6
3.62,10.89,391.66,107.45,21.18,Mint and coriander chutney (Pudinay aur dhaniye ki chutney),4.76,102.6,15.88,4.33,0.51,2.81,other,135.216424251512,6
1.18,5.64,59.74,57.47,28.66,Custard tart,0.49,225.6,9.31,0.91,10.73,3.72,other,48.07362702309511,6
2.66,9.19,76.09,24.03,30.68,Lemon tart,0.98,303.35,10.68,0.81,17.45,6.12,other,36.343649757198456,6
0.0,2.44,70.34,12.23,46.18,Jam tart,0.74,360.72,14.74,1.14,17.35,4.42,other,29.122832208327882,1
19.6,13.7,36.85,13.84,27.43,Orange cream tart,0.58,197.16,10.08,0.64,8.72,2.58,other,63.94025937543893,6
6.85,6.84,37.88,12.02,28.62,Pineapple tart,0.5,195.4,11.09,0.87,8.21,2.29,other,56.9669929751813,6
6.53,7.96,212.42,100.97,21.43,Cheese and mushroom tart,0.59,246.1,3.16,1.18,15.28,5.51,other,48.06999447795872,6
36.25,124.39,103.29,108.05,20.66,Cottage cheese pie,0.92,238.98,3.62,2.21,13.83,7.45,other,64.31518426246019,6
37.52,69.49,127.85,18.14,18.11,Minced meat pie,1.07,221.55,1.42,2.33,13.04,7.38,other,67.26640394886842,6
2.24,11.58,60.14,16.14,33.68,Apple cinnamon pie,0.65,258.73,11.95,1.77,12.21,3.35,other,41.48785933658195,6
5.1,17.48,85.12,16.79,35.11,Lemon meringue pie,0.67,224.43,21.17,0.44,8.16,3.88,other,49.31623550792112,6
1.26,23.21,80.77,55.98,28.8,Chocolate meringue pie,0.92,214.76,15.03,0.37,9.17,4.98,other,51.60051450794607,6
0.2,8.79,98.76,37.93,16.0,Cream puffs,0.58,221.33,5.94,0.38,15.48,4.7,other,48.05590600105578,6
0.4,18.34,85.88,34.21,26.22,Chocolate eclairs,0.68,239.42,17.34,0.33,13.5,4.24,other,44.63025673868544,6
0.01,2.95,120.7,30.01,4.81,Cheese balls,0.32,681.28,0.63,0.18,72.57,2.21,other,15.27967215056224,3
1.58,16.37,252.18,19.23,15.25,Minced meat patties,0.93,265.72,0.88,0.77,19.57,6.88,other,40.795368429720384,6
3.37,31.43,295.22,126.41,22.23,Cheese patties,0.82,324.01,3.93,1.24,22.67,7.38,other,36.42598875153426,6
2.41,66.94,286.96,169.17,5.41,Hot cheese souffle,0.83,177.1,2.91,0.12,13.23,9.18,other,67.92883445057359,0
30.19,78.05,97.2,56.84,8.56,Hot potato souffle,0.79,125.64,1.78,0.66,7.64,5.51,other,113.26459807835165,0
2.41,70.97,110.94,58.18,3.69,Hot fish souffle,0.7,142.92,1.68,0.1,9.24,11.23,other,77.69524998744143,0
47.83,272.44,104.69,80.77,4.19,Hot spinach souffle,1.67,104.25,1.64,0.99,7.24,5.43,other,161.76047879645,0
0.08,8.66,174.0,41.95,47.18,Plain cream cake,1.02,353.94,27.74,0.71,16.17,6.18,other,30.791229765632206,1
1.16,9.32,136.95,38.99,39.48,Apple cake (Seb ka cake),0.9,290.08,23.52,1.22,12.87,4.94,other,37.67516535373679,6
0.08,8.85,138.48,39.6,46.88,Marble cake,1.12,354.11,27.56,0.71,16.27,6.3,other,30.882286565548828,1
0.15,9.21,241.93,41.13,45.14,Chocolate cake,1.08,335.61,27.58,0.64,15.18,6.01,other,32.5766552905196,1
1.88,9.25,105.41,29.72,48.28,Orange cake,1.06,357.61,28.38,0.83,16.21,6.1,other,30.83357054442874,1
2.47,7.82,160.6,45.71,46.49,Fruit Loaf ,0.96,324.19,24.54,0.87,13.31,5.36,other,34.4223855220493,1
0.98,11.33,117.81,23.55,40.0,Banana cake (Kele ka cake),1.14,389.51,23.04,1.14,23.31,5.77,other,28.04389121813578,1
0.21,12.0,188.59,42.15,37.87,Chocolate chiffon cake,1.07,311.71,24.25,0.7,15.8,5.76,other,35.103168159534654,6
8.51,17.06,64.84,40.98,48.29,Christmas cake,1.32,372.95,27.45,1.49,16.88,5.49,other,32.16012778688741,1
8.4,12.8,107.27,28.17,44.25,Strawberry and vanilla cake with butter icing,0.7,370.54,32.43,0.79,20.39,3.89,other,31.14080674128172,1
1.35,7.58,310.5,212.97,46.14,Eggless cake,0.61,318.08,27.7,0.68,11.75,8.12,other,38.12600496139228,1
0.0,14.36,51.9,24.11,48.34,Swiss roll,1.19,251.87,32.96,0.55,3.77,7.3,other,43.064170602186245,1
3.64,17.42,44.3,42.97,29.04,Pineapple pastry ,0.86,208.21,18.83,0.72,7.87,6.06,other,53.853132336394424,6
0.91,16.28,53.43,44.15,34.48,Black forest pastry,0.92,233.55,21.35,0.54,8.46,6.09,other,46.89290347607624,6
0.0,15.88,46.86,24.04,42.56,Coconut finger,1.31,274.86,28.55,1.87,8.86,7.09,other,39.70276087717694,1
27.35,80.64,37.47,49.06,23.51,Pineapple cake ,0.64,195.57,16.16,0.76,9.34,5.01,other,70.41892447629525,6
0.16,4.22,280.44,36.1,47.1,Chocolate walnut cookies (Chocolate aur akhrot ke cookies),1.37,424.8,22.58,1.54,23.62,6.56,other,26.02773351360922,1
0.0,2.62,278.29,24.76,57.98,Chocolate chip cookies,1.22,425.29,30.29,1.05,19.38,5.79,other,25.554890348325415,1
0.03,1.7,132.59,42.88,50.29,Sweet plain biscuit,0.92,380.76,21.77,1.07,17.67,5.86,other,28.48064554651381,1
0.03,1.81,127.02,41.51,51.56,Chocolate biscuit,1.14,379.76,24.16,1.01,17.09,5.88,other,28.84973235457752,1
0.03,2.51,105.76,37.81,42.9,Coconut biscuit (Nariyal ke biscuit),1.32,434.98,20.76,3.64,27.16,5.78,other,25.351769783697687,1
0.03,1.02,414.7,37.24,45.09,Sweet and salty biscuit (Meethay aur namkeen biscuit),1.05,407.96,7.22,1.68,22.39,6.15,other,26.65243701619817,1
0.03,4.23,202.26,50.58,46.72,Peanut biscuit,1.34,401.05,21.26,2.48,20.41,8.45,other,27.769242490598927,1
0.05,1.72,131.73,42.7,54.56,Pin wheel biscuit,1.13,404.6,23.25,1.16,18.66,5.4,other,27.09291861540996,1
0.01,1.1,5.65,25.71,59.7,Saffron biscuit (Kesar biscuit),1.23,458.61,22.42,1.9,22.01,6.05,other,23.728688155979317,1
0.15,2.15,714.52,53.73,45.18,Masala biscuit,1.32,393.64,6.82,2.14,20.75,6.06,other,28.359180195883788,1
0.1,1.64,449.14,18.5,56.09,Ice box cookies,1.04,374.24,26.69,1.28,14.44,5.7,other,28.67463814984123,1
0.09,4.65,477.99,37.92,60.26,Ginger bread man,2.12,365.0,29.12,1.6,11.01,6.61,other,31.450602973890646,1
0.0,1.02,201.06,15.97,58.0,Danish cookies,0.98,475.33,21.73,1.37,24.92,5.33,other,22.44186270231334,1
0.0,1.62,145.0,15.92,64.82,Short bread cookies,1.12,443.09,23.31,1.57,17.98,6.03,other,24.249438625750443,1
0.03,3.0,112.53,48.92,46.55,Coffee biscuit,1.27,416.57,21.69,1.59,23.0,6.9,other,26.610645464619587,1
0.0,3.59,119.09,30.39,55.84,Melting moments,1.2,437.91,25.0,1.88,21.78,5.71,other,24.891954733703038,1
0.0,1.59,79.68,25.97,58.44,Ginger biscuit (Adarak ke biscuit),2.2,417.91,27.06,1.49,18.31,5.98,other,27.331223117397172,1
0.79,22.43,78.25,12.16,3.7,Soyabean muthias,0.6,839.33,0.17,1.47,90.45,2.46,other,12.527432085889426,3
6.71,57.9,88.72,29.23,4.39,Soyabean tikki,1.04,698.17,0.35,2.2,74.02,3.53,other,16.540641229470598,3
0.0,45.64,72.05,12.13,4.65,Soyabean namak paras,0.64,838.46,0.22,1.41,89.83,2.65,other,12.461969858864165,3
0.0,7.57,6.78,25.2,48.14,Peanut burfi (Moongfali ki burfi),1.45,550.99,43.08,4.09,36.84,9.31,other,19.962978837005586,1
11.39,64.2,73.15,13.35,6.62,Spinach peanut namak paras (Palak moongfali namak paras),0.67,740.16,0.28,0.81,78.51,1.65,other,15.86207047863987,3
3.8,34.83,74.88,12.13,7.63,Gram flour and semolina chilla/cheela/savory pancake (Besan suji chilla/cheela),0.67,758.89,0.25,1.39,80.04,2.08,other,14.34694374250832,3
0.0,12.8,142.82,4.99,11.13,Rice moong dal cheela (Chawal aur moong dal ka cheela),0.51,798.26,0.15,1.18,82.44,2.74,other,12.930270774832698,3
0.0,48.48,8.38,30.37,41.07,Split bengal gram sweet rice (Channa dal sweet rice),1.77,190.21,19.41,2.23,0.64,4.15,other,58.97139329135543,6
0.0,18.38,2.57,34.24,14.26,Sweet poori (Meethi poori),1.13,782.75,7.15,1.54,79.63,2.12,other,13.913973035020621,3
0.0,9.07,5.25,25.2,60.0,Wheat flour and moong dal burfi (Atta aur moong dal ki burfi),2.3,441.08,31.12,6.02,18.41,9.84,other,26.00803466859511,1
8.57,39.63,27.77,93.68,12.76,Spinach burfi (Palak burfi),1.05,121.17,12.12,1.17,6.81,2.71,other,101.14855938079508,0
0.0,27.67,12.05,53.3,62.66,Sweet split chickpea roti (Sweet channa dal roti/Puranpoli),4.36,366.59,24.73,8.16,7.93,9.51,other,35.004288775531855,1
7.53,35.24,196.73,22.62,14.77,Sprouted moong daliya ,1.29,111.56,1.67,3.12,4.71,2.81,other,105.12130990797179,6
19.24,46.81,220.82,28.39,26.6,Sprouted moong poha ,2.43,192.6,1.93,3.13,6.89,5.59,other,71.1638753539065,6
0.0,19.1,12.26,118.74,50.98,Pearl millet ladoo (Bajra ladoo),4.72,319.66,27.44,6.0,8.06,9.61,other,42.34376161423649,1
0.0,16.16,6.09,20.67,60.34,Paushtik ladoo,1.63,485.87,38.12,4.57,24.98,7.65,other,22.772666671240366,1
6.65,42.1,170.96,52.74,26.59,Paushtik roti,2.62,149.26,2.03,5.74,1.51,7.17,other,84.41737070974644,6
0.95,9.36,73.17,26.47,6.52,Semolina carrot vada (Suji gajar vada),0.36,699.53,1.21,1.07,74.07,1.56,other,15.023188340987437,3
0.68,39.92,376.02,123.21,30.68,Dhokla,1.39,216.49,4.78,4.95,5.28,13.45,other,54.48541276062178,6
0.06,0.82,0.29,3.19,5.23,Kashmiri tea (Kehwa),0.07,24.9,5.14,0.16,0.51,0.17,other,404.4214464696392,0
0.3,1.27,2.82,10.4,3.01,Steeped hot coffee,0.06,15.91,2.96,0.0,0.33,0.39,other,637.7540331028702,0
3.62,13.41,36.04,113.63,9.02,Hot chocolate,0.33,90.01,8.86,0.0,4.61,3.43,other,127.31510363995642,0
2.56,9.52,15.35,64.43,11.98,Cold coffee (with cream),0.14,82.76,11.91,0.0,3.29,1.93,other,131.19668447121322,0
6.99,20.73,16.63,68.3,11.15,Banana milkshake with ice cream (Kele ka milkshake ice cream ke saath),0.14,76.45,9.94,0.27,2.77,2.01,other,148.8532251122179,0
3.62,12.65,16.34,75.05,8.65,Flavoured milkshake,0.11,66.78,8.61,0.0,2.83,2.06,other,165.32855683799082,0
2.23,4.47,215.62,24.72,6.7,Jal jeera,0.84,30.24,5.71,0.95,0.26,0.44,other,360.6017953240176,0
8.39,8.49,21.5,6.33,12.42,Gingo,0.21,48.02,12.08,0.17,0.06,0.14,other,231.1033152141024,0
8.5,4.69,26.69,2.1,10.59,Mintade,0.05,40.32,10.47,0.03,0.02,0.03,other,272.52916836250165,0
0.52,3.61,43.03,5.82,0.44,Canjee,0.17,6.61,0.21,0.36,0.42,0.24,other,1542.6613393330488,0
7.86,9.26,41.45,6.26,0.35,Cauliflower canjee (Phoolgobhi ki canjee),0.22,6.9,0.09,0.49,0.42,0.39,other,1600.537594450638,0
7.72,6.77,35.99,5.21,2.69,Potato canjee (Aloo canjee),0.22,16.26,0.1,0.43,0.39,0.44,other,677.7415081843126,0
4.82,19.51,65.33,72.96,10.56,Vermicelli porridge (Semiya/Seviyan porridge),0.2,78.4,7.04,0.48,2.98,2.5,other,142.95787545787547,0
4.64,15.13,101.59,21.57,16.31,Semolina upma (Suji/Rava upma),1.1,147.89,1.31,3.24,7.49,3.3,other,76.35803464459899,6
4.64,12.64,101.8,20.3,16.88,Vermicelli upma (Semiya/Seviyan upma),0.93,149.11,1.4,3.21,7.45,3.11,other,75.03437776390629,6
4.64,11.94,101.75,17.57,17.96,Rice upma,0.67,151.27,1.13,2.12,7.46,2.63,other,72.86925116633584,6
4.64,15.79,176.44,45.22,12.6,Bread upma,0.82,129.51,1.56,1.96,7.75,2.8,other,87.39832649955422,0
14.42,50.48,347.02,26.68,16.46,Vegetable upma,1.35,146.47,1.39,4.19,6.63,4.73,other,85.7339591141735,6
6.62,11.96,377.1,37.67,35.05,Poha,3.01,294.53,0.87,3.72,14.14,6.09,other,43.111217901561844,6
7.21,21.79,418.02,28.01,21.52,Vegetable poha,1.92,180.52,1.4,3.76,8.07,4.89,other,66.93573740438353,6
34.81,79.95,267.23,39.34,19.42,Moong dal stuffed cheela/chilla (Moong dal ka cheela/chilla),2.22,154.89,1.11,4.25,5.11,6.97,other,99.44945765205306,6
19.76,116.52,289.1,151.3,19.16,Paneer stuffed cheela/chilla,2.41,205.19,3.81,4.03,8.89,11.44,other,71.63258734972756,6
13.56,40.85,218.05,31.9,3.76,Indian style egg bhujia (Anda bhujia (Indian style)),1.14,102.83,1.95,1.53,7.02,6.1,other,120.4452457005214,0
0.48,25.79,381.85,46.35,0.41,French omelette/omlet,1.58,211.04,0.1,0.38,18.86,10.03,other,53.485830044776215,0
0.0,24.66,340.53,34.96,0.08,Puffy omelette/omlet,1.2,188.15,0.08,0.0,16.84,8.82,other,58.12165688859816,0
7.2,28.86,340.92,37.33,1.68,Orange omelette/omlet,1.26,194.66,1.68,0.0,16.84,8.93,other,60.55252155632306,0
0.48,32.02,400.29,148.77,1.68,Cheese and mushroom omelette/omlet,1.01,205.63,1.07,0.93,17.82,9.69,other,57.18440431760473,0
28.63,61.18,233.87,31.72,5.1,Spanish omelette/omlet,1.28,157.45,1.03,2.54,11.44,8.25,other,89.78229420274513,0
2.58,16.58,9.51,2.06,0.33,Mixed stock,0.07,25.19,0.2,0.15,1.71,2.06,other,410.53599481547076,0
0.0,6.0,8.62,0.86,0.0,Meat stock,0.05,24.48,0.0,0.0,1.78,2.1,other,409.90168147030886,0
2.58,10.58,1.56,1.58,0.4,White stock,0.03,6.99,0.24,0.17,0.56,0.07,other,1475.7492388393675,0
2.44,15.49,12665.52,115.88,0.51,Meat consomme (with mutton),4.22,29.76,0.24,0.71,13.68,14.86,other,453.862236926753,0
11.77,55.26,10208.47,85.89,1.49,Consomme au julienne,3.34,27.76,0.83,1.38,10.66,12.49,other,497.98363260178826,0
2.44,20.12,12524.61,97.34,1.3,Consomme au vermicelli,3.98,29.94,0.27,0.81,12.98,15.23,other,441.9168821974433,0
41.12,65.46,10958.11,46.63,3.63,Green pea soup (Matar ka soup),2.18,39.81,0.87,2.49,12.9,11.06,other,405.3929240816957,0
30.99,150.94,12088.21,56.23,3.03,Spinach soup (Palak ka soup),2.68,32.59,0.29,1.98,14.26,10.54,other,471.4562959116503,0
20.06,31.61,9202.27,50.69,2.95,Mixed vegetable soup,1.74,35.71,1.64,1.64,11.66,8.22,other,380.4390543959292,0
5.29,20.27,13695.35,83.65,1.87,Cheese soup,2.4,41.13,0.84,1.8,17.07,12.39,other,305.484382435513,0
8.37,27.88,11602.5,43.89,8.24,Mulligatawny soup,2.65,54.42,1.26,2.6,13.28,11.26,other,234.10212434468224,0
10.68,37.89,8694.79,57.24,5.69,Cream of carrot soup,1.73,59.77,1.77,1.98,12.35,8.27,other,210.60875807404167,0
68.91,94.43,8792.43,66.55,3.72,Cream of broccoli soup,1.82,56.14,1.59,1.89,12.75,8.97,other,341.64055672783854,0
28.86,33.19,8503.99,51.97,6.14,Cream of potato soup,1.7,60.2,1.24,1.51,12.05,8.1,other,241.70897577874325,0
7.68,38.67,8376.94,114.95,3.68,Almond soup (Badam ka soup),2.83,78.65,1.94,0.91,13.8,10.13,other,169.22805244483564,0
14.72,24.84,207.89,8.02,1.76,Cold cucumber cream soup ,0.16,11.88,0.51,0.73,0.34,0.34,other,992.0990532101642,0
10.09,5.63,287.15,4.2,0.59,Cold tomato soup,0.1,16.9,0.22,0.16,1.56,0.11,other,663.2529206493704,0
20.89,36.31,79.62,31.53,4.44,Chicken stew,0.9,127.55,1.43,1.82,8.91,7.19,other,102.41983200822871,0
32.41,102.72,73.15,160.51,10.22,Veg paneer stew,1.37,145.55,4.85,3.08,8.41,6.98,other,107.15846465073535,0
3.05,16.17,241.19,24.91,26.37,Onion-green chilli parantha/paratha (Pyaaz aur hari mirch ka parantha/paratha),1.81,191.27,2.71,5.16,7.27,4.37,other,60.31295984242081,6
12.63,28.46,48.36,65.85,22.19,Methi parantha/paratha,2.42,148.36,2.44,5.09,4.34,4.27,other,89.33888001696036,6
4.56,8.77,49.71,30.83,13.85,Bathua poori,0.96,598.79,0.41,1.87,59.14,2.35,other,18.833236771078084,3
0.0,11.18,58.33,7.09,10.93,Gram flour poori (Besan poori),0.71,697.66,0.35,1.94,71.51,2.59,other,14.977185027066058,3
0.29,9.45,46.48,5.38,12.29,Beetroot poori (Chukandar ki poori),0.6,527.66,0.54,1.4,52.18,1.91,other,19.722814257173503,3
4.61,10.21,47.77,8.96,14.92,Peas poori (Matar ki poori),0.84,592.83,0.48,2.25,57.69,3.04,other,18.635716758281408,3
10.11,16.43,55.45,14.25,13.25,Peas kachori (Matar kachori),0.77,584.68,0.5,2.03,57.51,3.21,other,19.943775220165723,3
42.9,87.58,225.02,77.23,9.94,Pizza,0.66,146.77,1.38,1.71,8.72,6.85,other,107.15684578871878,0
1.91,14.58,344.23,44.74,8.47,Bacon and mushroom pancake,0.54,157.67,1.23,1.59,10.6,6.82,other,68.8550521239048,0
9.72,16.52,281.62,127.51,10.66,Cheese and tomato pancake,0.64,147.39,3.48,1.06,9.28,5.15,other,84.2418190474368,0
2.14,12.77,4942.18,64.72,8.18,Minced meat pancake (with chicken),1.99,116.04,1.29,0.7,10.48,12.01,other,102.04394594260158,0
3.23,77.11,59.06,36.02,31.74,Eggplant/Brinjal rice (Vangi bhat),1.91,184.8,4.36,4.44,3.67,5.28,other,63.29587079587079,6
0.02,7.94,61.29,3.93,19.11,Kashmiri 'tahar',0.32,98.21,0.17,0.98,1.37,1.95,other,103.9632498648892,6
1.42,13.85,219.73,7.25,23.61,Cumin pulao (Jeera/Zeera pulao),0.33,135.24,0.64,1.4,3.2,2.47,other,76.8772577778789,6
62.36,110.56,86.18,18.18,18.42,Peas pulao (Matar pulao),0.78,108.87,1.3,3.21,1.9,3.89,other,160.76116814612266,6
27.07,104.21,98.07,19.09,19.72,Split bengal gram dal and vegetable pulao (Channa dal and vegetable pulao),0.82,116.53,1.59,3.16,2.3,3.6,other,116.79549890311065,6
8.11,88.34,103.09,16.51,21.55,Black channa pulao/ Bengal gram pulao (Kale chane ka pulao),0.77,125.51,1.99,2.69,2.58,3.44,other,91.27471029311518,6
4.47,39.34,3115.59,49.87,11.26,Mutton pulao,1.25,130.77,1.0,1.65,10.78,6.52,other,88.51209371971014,0
4.47,38.7,3093.47,32.25,11.17,Chicken pulao,0.98,108.24,0.99,1.64,8.48,6.07,other,104.29774606603874,0
42.71,53.09,93.42,14.51,14.21,Mexican rice,0.55,120.57,1.44,1.64,4.88,4.62,other,125.75870030460725,0
0.83,26.18,37.14,5.05,10.04,Plain khitchdi (Plain khichri/khichdi),0.31,57.03,0.12,0.85,1.01,1.72,other,180.664397655455,0
0.14,9.08,1504.66,93.2,43.4,Instant idli (with semolina),2.31,247.29,3.35,7.13,3.61,9.16,other,48.589963062849144,1
0.0,9.16,142.98,19.35,64.08,Plain dosa,1.5,380.91,0.7,5.23,8.43,10.34,other,28.831428650283492,1
52.07,89.33,122.08,31.79,23.02,Masala dosa mixed vegetable fillings,1.21,144.53,1.53,4.31,3.26,4.84,other,115.56297128150723,6
11.5,94.26,160.4,171.23,29.76,Masala dosa paneer fillings,1.27,243.12,4.81,3.11,8.84,10.31,other,54.70749909298773,6
6.15,19.02,228.69,40.86,36.28,Uttapam,1.23,255.95,1.5,4.4,9.03,6.18,other,45.63771970687384,6
2.57,27.59,26.59,6.36,13.28,Appam,0.83,267.7,4.16,6.19,22.63,3.12,other,40.327193663017354,6
16.54,82.63,182.79,86.86,14.24,Beans and macaroni,0.75,136.08,1.68,2.05,7.01,4.58,other,94.96324434596039,0
27.89,37.77,5358.6,73.66,10.04,Spaghetti bolognese,2.06,97.43,1.41,1.08,9.51,9.35,other,152.00604247099164,0
29.03,47.45,2511.99,68.28,16.12,Meat and macaroni casserole,1.85,161.55,1.0,1.19,10.17,9.15,other,91.47981493385392,6
44.09,63.03,189.13,40.82,10.46,Spaghetti with meat balls and tomato sauce,0.71,158.13,1.87,1.11,10.64,5.61,other,98.69938236472102,0
44.09,98.36,199.55,80.73,12.72,Spaghetti with paneer balls and tomato sauce,0.55,158.54,3.03,1.25,10.44,3.95,other,99.8198842212971,0
80.17,112.65,37.08,24.61,5.38,Lasagne with meat sauce,0.49,63.38,1.04,0.47,3.43,2.9,other,305.60599072748016,0
179.9,286.76,40.78,32.89,5.9,Lasagne with vegetables,0.57,49.23,1.37,0.66,2.16,1.71,other,417.82788272733427,0
0.0,30.08,177.24,15.96,42.92,Home made egg noodles,1.15,240.84,1.03,1.6,4.37,6.55,other,44.68384869481033,6
1.88,22.49,115.6,8.29,6.04,Sour lentils (Khatti dal),0.85,34.79,1.25,1.22,0.12,2.22,other,308.8496792722145,0
17.4,54.46,109.56,16.4,8.86,Urad special dehusked,0.83,69.43,1.32,2.5,2.17,3.14,other,180.33412488259094,0
18.79,105.9,109.97,21.81,4.77,Arhar with spinach (Arhar dal aur palak),0.89,52.84,0.23,1.3,2.76,2.05,other,241.29431213079963,0
10.19,11.52,112.36,2.99,1.0,Moong dal with vadi,0.18,24.08,0.45,0.39,2.05,0.4,other,467.40956072351423,0
17.27,28.68,104.11,16.56,3.37,Rasam with tamarind (Puli rasam/ Chintapandu rasam/ Charu/Saaru),0.59,26.74,0.83,1.6,0.88,1.13,other,462.754348618223,0
19.71,28.91,102.77,15.56,2.85,Rasam with lemon (Nimmakaya rasam/Nimmakaya charu/Elumichai rasam/Nimbe hannina saaru),0.52,24.41,0.44,1.54,0.87,1.11,other,516.1237688070953,0
0.48,45.28,181.69,25.04,6.8,Green gram whole with baghar (Sabut moong dal with tadka),1.0,63.43,0.15,3.02,2.48,3.23,other,170.29015093022662,0
28.45,80.51,60.09,21.45,5.03,Urad sabut special,0.71,79.39,0.86,2.15,5.46,2.33,other,172.82473303382739,0
16.22,93.09,122.05,32.03,7.63,Kabuli channa curry,0.95,68.57,1.24,1.12,3.06,2.92,other,183.40943000415072,0
13.39,135.02,356.27,151.08,16.26,Besan gatte curry,1.89,189.38,4.5,3.25,10.72,7.75,other,72.3409632692556,6
1.87,15.19,83.47,112.25,3.3,Dry masala chops,1.39,135.07,2.27,0.86,9.54,9.08,other,87.68387901430029,0
5.54,31.82,56.94,79.07,2.53,Mutton korma,1.09,115.64,1.64,0.78,8.54,7.09,other,102.29455102336458,0
20.97,34.57,104.53,14.51,1.73,Shahi keema kofta curry,0.67,418.13,0.78,0.91,43.83,4.14,other,30.645582969023046,3
20.62,33.86,170.06,23.84,2.86,Minced meat ball curry,1.01,109.79,1.27,1.49,7.85,6.82,other,118.73218724480223,0
4.52,6.58,78.14,98.67,3.06,Boti kebab,1.41,132.86,2.09,0.76,9.27,9.22,other,90.65599545051599,0
3.97,5.3,102.17,117.44,3.11,Mutton seekh kebab,2.19,133.94,1.4,1.88,8.43,11.25,other,93.78200980410925,0
7.67,44.36,57.44,12.91,2.07,Indian lamb and egg curry (Nargisi kofta),0.55,335.75,0.75,0.6,34.7,3.84,other,33.528177126092245,0
37.78,40.59,2257.67,13.89,3.27,Soya chunks sweet and sour (Nutrinugget sweet and sour),0.7,500.94,1.1,0.86,55.99,2.85,other,29.331881703423207,3
11.59,49.69,148.98,89.7,7.67,Soya chunks korma (Nutrinugget korma),1.18,131.43,4.66,2.57,9.5,3.86,other,96.1221435998884,0
39.15,54.07,61.63,21.42,5.33,Mushroom matar,0.81,70.77,1.39,3.13,4.11,2.79,other,211.45639721307376,0
39.15,52.1,70.97,20.32,5.82,Soya chunks and peas (Nutrinugget matar),0.99,82.62,1.64,2.86,5.11,3.03,other,182.2356292944528,0
5.43,60.84,38.05,43.67,1.94,Vegetable yakhni,0.24,406.06,1.44,0.61,43.8,1.18,other,27.268358724301194,3
60.21,232.9,70.97,49.75,2.95,Spinach mushroom (Palak mushroom),1.69,47.63,1.0,2.27,2.96,1.94,other,378.15622919549014,0
27.25,57.94,73.56,47.09,6.58,Vegetarian nargisi kofta curry,0.38,332.15,1.65,0.86,32.94,2.29,other,40.948726955049395,0
0.3,13.16,71.71,13.61,0.1,Roast chicken,0.79,199.9,0.05,0.03,13.06,20.49,other,52.91102816365447,4
9.92,65.41,142.56,82.68,4.07,Shahi chicken masala,0.89,163.7,2.86,0.96,12.02,9.82,other,74.72612502545307,0
24.53,24.19,104.83,21.24,2.13,Tomato chicken,0.87,111.68,0.93,1.42,6.71,10.57,other,119.73740601964099,0
7.46,32.64,97.08,50.37,3.13,Creamy chicken,0.82,152.87,2.11,0.69,9.57,13.52,other,76.35184132207748,0
79.81,105.46,104.01,73.36,5.34,Broccoli chicken ala king,0.78,119.56,2.49,1.92,7.57,7.97,other,166.1543894564972,0
49.96,64.3,365.86,18.41,5.6,Ginger chicken,0.96,129.17,1.95,1.21,8.24,8.24,other,125.61786660261541,0
37.78,50.11,1809.94,21.98,2.67,Chicken sweet and sour,0.93,445.09,0.89,0.58,47.59,6.92,other,33.439352417536604,3
10.02,58.86,119.21,68.66,5.43,Chicken korma,1.06,147.96,3.32,1.82,9.67,9.83,other,82.66001668272551,0
9.39,46.45,76.38,44.44,4.42,Bengal fish curry (Bengali machli curry),0.85,109.43,2.39,1.93,7.03,7.26,other,108.35604230468527,0
14.13,34.81,103.55,11.38,4.47,Fish finger,0.38,542.9,0.17,0.34,55.82,5.66,other,21.861575930465232,3
10.71,38.0,73.93,21.94,2.73,Fish in coconut milk (Nariyal ke doodh ke saath machli),0.91,86.21,1.55,1.52,4.43,8.66,other,137.62121315769386,0
3.72,43.62,375.86,37.25,3.1,Prawn curry (with coconut) (Jhinga curry),0.96,109.55,2.03,1.56,6.93,8.54,other,102.53952650118782,0
13.01,67.06,74.36,18.8,2.12,Baked stuffed fish,0.35,121.96,0.35,0.38,5.43,16.14,other,96.62688901783687,0
27.02,37.04,101.8,36.15,7.74,Fish pie,0.46,120.9,1.13,0.76,5.77,9.25,other,111.95909595413316,0
16.97,46.78,192.42,60.04,9.59,Crispy baked fish,0.55,138.4,1.53,1.21,6.41,10.95,other,91.42310162541376,0
2.41,45.24,92.45,63.87,5.14,Fish souffle,0.59,139.71,2.09,0.19,8.55,10.51,other,79.3562611685867,0
42.18,35.58,78.4,23.74,10.42,Potato curry (Aloo ki sabzi),0.97,89.56,1.58,2.42,4.47,1.52,other,172.04299843871084,0
19.03,44.73,142.12,41.59,4.03,Egg curry (Anda curry),1.52,117.52,1.9,2.09,8.81,5.38,other,112.99193299703852,0
69.6,87.67,43.4,19.63,7.19,Vegetable curry with coconut ,0.95,83.07,1.41,3.35,4.66,2.77,other,221.64573385230662,0
42.93,44.72,51.99,36.36,7.15,Curd with potatoes (Dahi aloo),0.47,59.9,1.82,1.19,2.72,1.56,other,255.60606709187675,0
46.64,48.57,30.12,7.77,2.78,Potato kofta curry (Aloo kofta curry),0.26,455.4,0.63,0.56,49.08,0.56,other,33.78664009098792,3
36.07,43.47,42.22,8.35,3.75,Yam kofta curry (Zimikand/Suran kofta curry),0.31,322.88,0.63,1.04,33.84,0.71,other,44.116175573683016,0
27.49,63.24,40.04,11.36,3.17,Jackfruit kofta curry (Kathal ka kofta curry),0.24,321.08,2.4,0.96,33.83,0.8,other,41.34534194955275,0
78.73,242.0,62.46,43.67,5.91,Spinach and potato (Palak aloo),1.59,57.17,0.93,2.04,2.82,1.63,other,349.2572011200663,0
80.77,75.87,89.73,131.88,4.74,Mooli bhujia,2.37,91.2,1.07,2.36,7.25,1.69,other,233.61373519268253,0
66.6,71.68,81.99,165.84,3.63,Bathua bhujia,2.36,90.9,1.08,3.8,7.29,2.26,other,219.87682528936654,0
12.69,19.01,118.05,31.54,6.09,Cabbage rolls (dry) ((Pattagobhi rolls) (dry)),0.98,142.48,1.26,1.84,9.36,8.21,other,85.60541710457488,0
26.91,34.04,123.98,29.82,7.03,Cabbage rolls (curry) ((Pattagobhi rolls)(curry)),0.95,124.63,3.81,2.35,8.17,5.76,other,110.3037983885292,0
8.11,32.76,81.25,22.77,11.11,Dry arbi (Sookhi arbi),0.68,134.95,1.55,2.47,8.97,2.12,other,84.87619662869756,0
1.9,20.12,261.31,32.08,16.16,Masala arbi,0.99,185.38,0.81,3.1,11.9,3.01,other,59.380085995686386,6
27.86,82.49,63.65,19.63,5.02,Peas brinjal bhartha (Matar baingan bhartha),0.63,84.55,1.57,3.63,6.05,2.05,other,160.8108285695512,0
29.07,85.27,92.78,67.88,4.5,Okra/Lady's fingers fry (Bhindi sabzi/sabji/subji),0.88,110.81,1.42,3.57,9.27,1.83,other,128.51766749429416,0
18.14,90.04,40.42,27.61,4.35,Crispy okra/Crispy lady's fingers (Karare bhindi),0.56,657.76,0.26,1.75,70.4,1.91,other,19.063262104797012,3
6.36,86.05,81.22,44.2,3.26,Beans foogath,0.95,105.06,1.7,4.15,9.22,2.03,other,110.1698500327855,0
46.93,63.07,360.09,17.25,4.68,Stuffed bittergourd (wet) (Bharwa karele),0.91,162.36,1.95,2.86,15.24,1.36,other,97.63914946841774,0
21.72,55.34,33.68,12.79,4.56,Jackfruit/Kathal (dry),0.33,488.97,3.55,1.33,51.78,0.93,other,25.962842877991044,3
30.3,35.57,37.07,8.11,5.47,Yam fried (Zimikand/Suran fried),0.43,491.76,0.8,1.44,51.79,0.79,other,27.793924212909083,3
53.51,60.04,86.29,21.05,8.23,"Cauliflower, pea and potato bhujia (Phoolgobhi, matar aur aloo bhujia)",0.98,95.67,1.47,3.26,5.54,2.75,other,174.05584903233068,0
26.08,28.48,79.46,27.11,5.43,Vegetable jalfrezi,0.68,68.48,1.79,2.97,4.38,1.4,other,196.90557852064856,0
38.17,61.93,55.0,13.3,3.19,Vegetables stir fry ,0.34,30.78,0.86,1.37,1.47,1.04,other,472.1347528365071,0
79.0,97.64,59.26,26.99,2.34,Broccoli delight,0.71,40.7,1.08,2.83,2.48,2.49,other,476.1630861630862,0
13.25,45.12,34.18,26.4,7.28,Dhansak (vegetarian),1.26,82.8,0.91,4.17,4.18,3.32,other,149.46013460506217,0
71.55,88.46,194.22,100.19,3.97,Cauliflower basket,0.92,90.95,1.47,2.4,5.88,5.21,other,211.45468299948783,0
9.01,92.91,106.99,71.83,4.36,Stuffed bottle gourd (Stuffed ghiya/lauki),0.66,93.19,1.52,1.18,5.8,5.84,other,127.91411352415751,0
7.23,8.71,103.85,18.1,10.94,Ducheese potato,0.76,140.54,0.29,1.29,9.01,3.6,other,80.86513679227498,0
17.36,11.66,90.67,10.38,14.52,Roast potatoes ,0.57,87.32,0.33,1.71,2.35,1.53,other,141.15210386396828,0
18.77,23.25,92.09,25.72,11.03,Stuffed baked potatoes ,0.81,100.2,0.4,1.31,4.39,3.82,other,127.07985737925857,0
37.47,49.55,182.12,55.25,11.05,Potato nests,0.87,111.62,1.41,2.49,4.77,5.71,other,135.02657827151646,0
23.82,16.5,4.62,11.43,13.81,Parsley potato,0.55,119.51,0.34,1.59,6.28,1.49,other,109.11342397410509,0
48.37,234.02,90.21,65.49,3.17,Creamed spinach and mushroom,0.9,419.62,1.17,1.02,44.14,2.28,other,39.03106066253676,3
39.68,37.46,118.98,84.97,8.13,Fricassee of Mushroom,0.36,106.66,2.51,1.23,6.63,3.65,other,143.09492099666488,0
50.15,69.55,164.96,119.69,9.13,Cauliflower au gratin,0.57,145.9,3.01,1.44,10.2,4.45,other,115.21303081961068,0
55.0,104.25,117.99,99.48,8.76,Vegetable and cheese pie,0.58,126.88,2.69,1.91,8.28,4.03,other,135.54984317909918,0
30.28,172.47,244.07,133.69,6.27,Spinach souffle ,2.15,150.18,0.89,1.44,10.52,7.36,other,103.79060796559796,0
6.0,41.14,110.12,18.13,3.4,Beetroot and egg salad (Chukandar aur ande ka salad),0.55,84.92,1.97,0.55,6.45,3.36,other,130.84884315454264,0
37.28,52.99,102.66,23.25,9.05,Sour cream potato salad,0.9,121.9,0.84,1.21,8.13,2.89,other,121.58382589063474,0
58.24,75.97,65.09,33.71,3.82,Tossed green salad,1.27,49.88,1.9,1.33,3.24,1.33,other,349.55842740525975,0
70.79,109.53,26.02,45.65,11.61,Spring basket salad,0.85,160.46,1.46,3.09,11.3,3.36,other,116.47096861480509,0
6.74,21.36,141.73,68.49,4.72,Cucumber and yogurt salad (Kheere aur dahi ka salad),0.52,36.13,2.28,1.66,0.93,2.09,other,320.08369586559456,0
56.69,49.49,76.02,17.54,2.36,Chicken and tomato towers,0.77,100.55,1.21,1.14,6.99,6.9,other,167.69358273087758,0
28.75,37.7,74.2,37.14,4.21,Jellied sunshine fruit salad,0.87,48.86,2.86,1.8,0.85,5.85,other,285.78530670221215,0
35.87,39.01,98.17,44.28,5.02,Tomato aspic,1.18,50.37,3.21,1.58,0.26,6.87,other,297.433521852819,0
33.45,20.91,13.23,28.61,15.61,Frozen frosty fruit salad (Phalon ka salaad),0.41,103.51,14.38,0.26,4.17,1.68,other,136.84205745842303,0
6.42,1.95,261.13,6.98,3.68,French dressing,0.48,733.77,3.01,0.22,79.65,0.32,other,15.0369902117725,3
12.05,18.85,193.58,75.54,3.98,Mayonnaise without eggs,0.27,329.05,3.68,0.04,33.84,2.13,other,36.68125151790248,0
5.34,39.4,204.62,194.59,8.03,Curd dressing ,0.18,78.8,7.57,0.22,2.9,5.59,other,154.6977092281661,0
7.76,32.0,274.46,146.72,7.19,Carrot raita (Gajar ka raita),0.55,64.78,5.99,1.69,2.19,4.14,other,189.8177394626916,0
7.11,31.7,129.14,130.11,6.02,Pumpkin raita (Kaddu ka raita),0.33,55.6,5.48,1.04,1.88,3.74,other,215.36294041689726,0
6.06,44.25,223.01,191.01,7.31,Mint and peanut raita (Pudinay aur moongfali ka raita),1.68,112.05,6.17,1.79,6.19,7.05,other,116.69767388642893,0
32.9,160.65,126.57,142.96,5.06,Spinach raita (Palak ka raita),1.61,52.75,3.97,1.39,1.86,3.95,other,296.6766314254466,0
43.65,61.2,110.92,206.31,5.31,Bathua raita,1.46,54.4,4.11,2.19,1.76,4.13,other,317.0608660130719,0
19.89,27.72,135.48,134.53,8.62,Pineapple raita (Ananas ka raita),0.27,67.74,8.12,1.39,2.02,3.9,other,197.73909291181215,0
5.73,27.58,135.43,133.23,13.51,Banana raita (Kele ka raita),0.31,89.03,10.11,1.0,2.07,4.13,other,132.91851109440685,0
18.19,59.64,135.46,136.06,8.23,Mango raita (Aam ka raita),0.34,67.37,7.87,0.89,2.14,3.9,other,196.7732727418047,0
108.7,33.5,135.94,136.93,7.27,Guava raita (Amarood ka raita),0.28,64.36,6.71,3.0,2.07,4.19,other,329.53485469023065,0
10.55,22.88,135.64,134.52,9.66,Grapes raita (Angoor ka raita),0.26,72.59,8.51,0.71,2.07,3.98,other,170.15340814762223,0
6.2,35.87,19.62,94.18,10.0,Bottle gourd kheer (Ghiya/Lauki kheer),0.23,84.07,9.63,0.55,3.86,2.7,other,137.2799834082099,0
8.06,26.95,20.99,95.61,10.44,Pumpkin kheer (Kaddu ki kheer),0.24,86.35,10.12,0.63,3.86,2.76,other,136.24030604922325,0
5.82,16.4,15.86,75.67,11.34,Apple kheer (Seb ki kheer),0.18,81.3,10.71,0.51,3.18,2.14,other,139.34493960324218,0
3.02,35.21,44.78,90.59,14.95,Caramel custard (baked),0.53,122.7,14.92,0.0,5.01,5.11,other,92.31333458717322,0
2.13,9.67,23.97,81.27,14.21,Vanilla ice cream without egg,0.1,228.67,13.45,0.0,18.15,2.69,other,47.74293116008251,0
2.13,21.98,37.72,77.42,11.71,Vanilla ice cream with egg,0.34,214.85,11.69,0.0,17.02,4.16,other,51.29669079401451,0
2.13,22.0,37.62,77.08,12.26,Strawberry ice cream,0.34,215.61,11.6,0.0,16.96,4.15,other,51.10374580250745,0
2.13,24.1,34.84,73.22,16.75,Chocochip ice cream,0.51,241.45,16.08,0.0,17.93,4.23,other,45.90279879573729,6
2.17,29.32,29.83,67.38,23.13,Choconut ice cream,0.89,273.96,21.02,0.51,18.49,5.04,other,41.078490465262256,6
3.34,12.72,16.26,56.67,15.02,Pear chocholate sunday,0.24,183.49,14.41,0.07,13.11,2.08,other,59.62378070394855,0
0.0,0.63,2.8,18.8,43.21,Chocolate sauce,1.13,263.2,42.06,0.0,10.39,1.91,other,40.928545449822046,6
2.16,7.18,42.09,95.72,14.09,Coffee ice cream,0.15,150.62,13.35,0.0,9.43,3.15,other,73.42744008525445,0
3.48,13.85,51.11,60.61,19.36,Coffee pear alaska,0.22,203.99,16.88,0.15,13.22,2.88,other,53.80224353213225,6
2.13,18.72,22.24,72.26,19.92,Crunchy butterscotch,0.26,277.32,17.73,0.47,20.99,3.11,other,39.4380400438384,6
2.99,11.79,17.92,60.55,16.31,Peach melba ice cream,0.11,200.85,13.35,0.06,14.51,2.06,other,54.06573345333614,0
4.23,10.77,31.54,56.34,22.75,Vanilla ice cream with apples in hot cherry sauce,0.16,196.32,14.19,0.26,11.45,1.73,other,55.99161320432714,6
34.86,16.85,14.36,17.4,6.72,Grape and orange whip,0.53,57.39,5.66,0.97,2.62,1.41,other,249.20062609555558,0
16.68,28.45,15.65,43.52,13.64,Honey banana cream,0.23,125.49,10.51,0.7,6.68,2.78,other,98.14232482174151,0
21.41,20.79,24.59,26.4,17.82,Raspberry bavarian cream,0.31,150.1,15.3,2.19,7.88,3.34,other,84.97127271277839,6
7.74,19.39,17.27,71.69,9.11,Fruit delight,0.15,107.09,9.03,0.09,7.09,2.09,other,107.3377054047518,0
0.75,33.07,48.64,45.25,9.53,Creamy chocolate mousse,0.96,230.52,8.99,0.0,18.16,6.85,other,47.56525936900741,0
8.65,31.24,46.35,55.03,15.62,Cold lemon souffle,0.53,169.87,13.88,0.0,9.78,5.89,other,68.7517704589583,0
10.08,33.8,46.53,55.45,16.27,Cold orange souffle,0.57,173.19,14.42,0.11,9.82,5.94,other,68.49821079857456,0
1.88,30.3,49.38,57.13,16.85,Cold pineapple souffle,0.54,181.22,14.99,0.0,10.39,6.23,other,60.41469168607454,0
1.3,30.71,49.09,62.47,16.29,Cold vanilla souffle,0.52,179.54,14.49,0.0,10.32,6.22,other,60.78796811224125,0
1.3,32.45,47.77,62.91,17.22,Cold chocolate souffle,0.68,187.53,15.31,0.0,10.86,6.37,other,58.690051187251626,6
2.48,4.33,1.7,5.94,18.22,Stewed fruit (with pear),0.21,74.32,17.67,2.84,0.32,0.25,other,140.4455668718317,6
1.47,11.46,8.28,26.37,33.64,Apricot fool,0.73,240.79,21.29,1.0,11.35,1.54,other,44.734976713048894,6
23.78,19.18,26.34,23.0,21.84,Pavlova,0.25,200.6,20.37,0.06,12.29,1.84,other,64.59638179478658,6
3.6,7.86,59.36,38.49,35.17,Apple crumb pudding,1.05,220.85,27.69,1.33,8.87,1.54,other,51.072720201087876,6
1.81,25.81,100.32,67.76,29.06,Steamed cake with chocolate sauce,0.85,301.91,19.72,0.29,19.01,4.49,other,37.07914313061542,6
12.93,20.7,47.75,48.77,16.31,Hot lemon souffle,0.55,155.25,12.07,0.14,7.93,5.29,other,78.05073151933057,0
0.41,4.56,67.28,26.13,28.24,Gulab jamun with milk powder,0.13,471.15,27.04,0.05,40.15,0.85,other,21.90125815086019,3
2.69,10.2,16.65,62.58,28.27,Chum chum,0.13,130.05,27.84,0.02,1.92,1.52,other,83.44864072661075,6
2.69,10.2,16.65,62.58,28.27,Dil bahar,0.13,130.05,27.84,0.02,1.92,1.52,other,83.44864072661075,6
2.69,10.2,16.65,62.58,28.27,Rasbhari,0.13,130.05,27.84,0.02,1.92,1.52,other,83.44864072661075,6
2.69,12.02,16.57,63.23,28.16,Rajbogh,0.17,133.7,27.66,0.11,2.28,1.71,other,81.37410582436762,6
2.69,10.2,15.19,57.09,25.79,Rasgulla,0.12,118.64,25.4,0.01,1.75,1.38,other,91.07138740483313,6
2.69,11.29,16.46,62.31,29.17,Rasmalai,0.15,135.55,28.71,0.07,2.11,1.61,other,80.12932434179206,6
0.0,26.6,31.14,309.84,36.55,Khoa coconut burfi,2.1,411.45,35.6,4.07,26.01,9.98,other,32.93243719054875,1
3.36,9.75,23.31,107.53,12.33,Danedar burfi,0.24,102.68,11.98,0.09,4.72,3.24,other,110.38002057674828,0
0.0,3.21,8.33,14.86,47.1,Semolina burfi (Suji/Rava burfi),1.01,348.67,28.67,2.8,16.86,3.47,other,30.617543245529593,1
3.02,11.48,8.95,21.76,17.02,Pumpkin coconut burfi (Kaddu aur nariyal ki burfi),0.79,186.18,16.11,4.29,12.66,1.75,other,58.77016360419518,6
0.02,27.31,31.71,358.61,34.43,Khoa ladoo,2.25,396.02,33.37,3.08,24.09,12.21,other,35.3789219831339,1
0.0,14.55,27.06,35.27,50.5,Wheat and gram flour ladoo (Atta besan ladoo),2.39,501.7,18.46,6.01,29.86,9.38,other,23.119564421139067,1
0.03,4.01,3.93,18.04,48.02,Semolina ladoo with nuts (Suji/Rava ladoo with nuts),1.81,441.84,19.79,4.27,25.45,5.44,other,25.230079032360404,1
0.0,23.64,17.93,150.73,50.49,Sesame chickpeas brittle (Til aur channe ki chikki),4.8,282.74,36.48,5.54,4.66,8.5,other,48.9005029536967,1
0.0,2.16,15.03,63.3,59.59,Murmura chikki,3.3,253.82,48.27,0.37,0.32,2.12,other,48.539344457711806,1
1.18,14.65,99.22,11.06,6.48,Masala onion pakora/pakoda (Pyaaz ke pakode),0.42,551.64,1.58,1.44,57.61,2.05,other,18.942646232182884,3
3.84,12.67,120.9,8.58,5.55,Masala green chilli pakora/pakoda (Hari mirch kay pakode),0.47,668.76,0.27,1.34,71.01,2.22,other,16.08017491742595,3
0.14,11.46,103.23,9.08,4.55,Chicken pakora/pakoda,0.51,590.09,0.22,0.96,60.98,6.03,other,17.571446800886374,3
0.14,11.02,112.24,12.65,4.55,Fish pakora/pakoda,0.63,577.03,0.22,0.96,59.52,5.97,other,18.13226911575351,3
1.81,38.34,91.45,107.86,7.62,Paneer cutlet,0.48,672.2,2.52,0.39,69.38,4.59,other,16.806709439854338,3
13.39,9.09,48.17,5.43,11.23,Sago cutlet/vadas (Sabudana cutlet/vadas),0.38,558.76,0.1,0.54,56.97,0.56,other,21.01198747164815,3
16.42,43.66,57.11,14.94,7.39,Poshtik cutlet,0.69,496.45,0.32,1.35,50.94,2.0,other,24.821635320174952,3
11.07,22.05,79.4,16.22,5.77,Egg cutlet (Anda cutlet),0.56,575.02,0.2,0.58,60.25,2.45,other,20.287781889117497,3
1.81,8.86,95.81,20.82,5.61,Minced meat cutlet,0.63,531.86,0.31,0.4,54.47,5.1,other,20.139256490927984,3
10.06,12.39,107.7,10.37,13.22,Vegetable samosa,0.6,443.11,0.74,1.52,42.22,2.21,other,26.022613666765228,3
0.0,13.31,65.87,10.6,9.7,Plain urad dal vada (Uzunne vada/Minapa garelu/Ulundu vadai/Medu vada),0.96,745.5,0.16,2.27,76.32,4.39,other,14.238593956903816,3
2.05,15.89,61.49,11.87,9.93,Masala urad dal vada,1.0,703.78,0.7,2.71,71.62,4.32,other,15.451761950667859,3
2.6,19.33,124.1,5.31,5.36,Khaman (dhokla),0.58,54.73,1.36,1.49,2.8,1.92,other,194.6273938417187,0
2.7,22.87,763.98,66.58,24.11,Instant dhokla,1.05,207.11,6.86,3.57,9.37,7.66,other,55.02142426482148,6
3.65,2.29,209.42,23.63,9.11,Tomato ginger chutney (Tamatar adarak ki chutney),1.08,44.66,6.31,2.14,0.32,1.05,other,250.49988325850396,0
4.07,4.94,183.98,47.59,8.22,Mint tomato chutney (Pudinay aur tamatar ki chutney),2.06,43.65,5.48,2.63,0.36,1.53,other,274.0605633389139,0
4.24,3.57,186.64,39.8,8.16,Coriander chutney (Hare dhaniye ki chutney),1.63,42.86,5.5,2.47,0.37,1.38,other,272.580973234263,0
4.84,2.23,215.09,46.4,8.83,Gooseberry chutney (Amla chutney),1.22,43.02,0.06,4.58,0.62,1.44,other,269.00229271219507,0
1.33,4.63,160.0,119.57,8.91,Walnut chutney (Akhrot ki chutney),1.77,370.43,4.4,3.04,33.46,9.44,other,32.532139248657884,6
0.0,0.51,222.53,15.17,20.62,Saunth/Sonth chutney with ginger,0.7,84.22,19.04,0.31,0.11,0.28,other,124.7397434882593,6
0.02,14.27,195.67,68.87,47.65,Gun powder chutney,5.14,312.34,1.16,13.95,2.67,21.55,other,42.86209582041048,1
0.15,10.69,321.07,73.55,36.72,Dessicated coconut chutney (Sookhe kase nariyal ki chutney) ,5.44,346.36,10.41,13.16,15.88,12.88,other,39.27895288040801,1
3.28,7.82,222.77,172.79,9.11,Curd mint dip ,0.82,76.13,7.83,0.77,2.44,4.82,other,159.5843142802292,0
4.53,5.78,132.48,129.58,6.04,Curd vegetable dip,0.37,56.21,5.42,0.63,1.94,3.88,other,208.2486767418274,0
4.58,7.03,119.58,91.42,4.8,Mayonnaise vegetable dip,0.28,241.27,4.39,0.41,23.44,3.01,other,47.115991269843796,0
7.12,17.26,222.22,76.75,20.51,Tomato and cucumber sandwich (Tamatar aur kheere ka sandwich),1.15,150.68,1.79,2.1,6.31,4.03,other,79.77425415041554,6
8.91,16.85,420.6,150.9,21.29,Tomato sandwich (grilled),0.88,189.92,2.58,1.91,9.39,6.26,other,66.5525385407441,6
6.66,29.24,274.68,100.73,14.82,French sandwich (toasted),1.24,186.75,1.82,1.37,11.51,6.82,other,65.3479788098262,6
0.92,16.53,460.09,95.35,29.76,Peanut butter cucumber sandwich,1.32,243.33,2.91,3.35,10.56,9.04,other,47.54455716112725,6
1.75,15.62,453.3,114.99,31.83,Mint and peanut sandwich,1.7,273.59,2.78,3.67,13.88,7.18,other,43.94688164928306,6
0.21,23.71,315.4,154.53,34.03,Spicy chutney sandwich,1.51,249.58,3.96,3.73,9.58,8.74,other,48.28477654425246,6
0.0,12.99,287.39,78.45,22.62,Chicken walnut sandwich (Chicken aur akhrot ke sandwich),1.12,285.78,1.77,1.53,16.77,12.58,other,39.280858564923236,6
0.91,5.61,321.57,117.68,34.69,Rolled sandwich,1.23,293.07,2.7,2.07,15.29,6.45,other,39.886973124766136,6
4.55,10.44,382.11,157.85,24.76,Ribbon sandwich,1.05,239.26,4.66,2.92,13.37,6.26,other,51.42154834957644,6
0.05,8.52,358.25,188.02,25.94,Checker board sandwich,1.11,348.37,2.9,2.22,24.65,7.37,other,34.642850746418794,6
21.43,36.34,254.28,72.35,13.6,Submarine sandwich,1.23,216.92,2.5,1.24,15.32,6.09,other,62.79265584539419,0
0.6,12.93,504.41,256.25,28.42,Cheese open sandwich,1.22,274.07,3.24,1.74,14.24,9.84,other,46.39544018169917,6
3.86,26.36,381.29,114.07,18.89,Sunset and sunrise open sandwich,1.28,241.31,1.95,1.39,15.14,8.58,other,49.800926353908,6
2.35,25.88,365.63,77.13,17.77,Danish luncheon sandwich,1.27,193.82,1.13,1.52,10.1,9.03,other,59.64283540901022,6
2.12,14.16,226.72,65.13,19.21,Chicken and corn open sandwich,0.8,188.16,2.48,1.67,8.83,8.63,other,59.422831632653065,6
0.0,19.87,61.47,33.99,39.54,Chocolate sponge cake,1.81,239.86,25.0,0.52,5.51,9.13,other,46.973305653369025,6
0.19,8.91,44.53,42.79,26.97,Chocolate swiss roll,1.08,306.08,18.83,0.29,19.76,6.01,other,35.775826441665444,6
0.64,3.21,34.9,16.39,26.41,Lemon curd filling,0.6,225.62,26.13,0.0,12.58,3.43,other,46.67370520131799,6
0.0,0.0,0.0,0.0,46.15,Jam filling,0.0,184.62,41.54,0.0,0.0,0.0,other,0.0,6
0.25,17.22,46.54,50.7,32.24,Chocolate pastry,1.44,243.37,22.34,0.32,10.12,7.05,other,46.09351102345309,6
0.25,15.61,49.99,47.2,31.99,Assorted pastry,0.94,230.74,19.7,0.43,8.91,6.78,other,47.29599082550456,6
10.49,15.12,80.41,41.69,27.01,Orange gateau,0.89,178.05,18.33,0.68,6.02,4.78,other,67.28835893115588,6
143.5,10.98,79.37,46.79,30.57,Black forest gateau,1.09,217.82,21.97,0.28,8.58,5.94,other,96.25139396051158,6
2.44,9.0,151.29,32.77,43.1,Lemon cake,0.91,373.85,25.84,0.62,20.63,5.29,other,29.500450955580014,1
0.07,9.22,182.74,58.11,41.4,Dundee cake,1.57,396.62,21.3,1.81,22.7,7.78,other,28.55882204629116,1
0.08,8.66,145.28,36.25,44.74,Victorian sandwich cake,0.86,373.09,28.18,0.59,19.83,5.18,other,28.85500233325155,1
2.67,14.7,196.61,185.38,43.45,Chocolate eggless cake,0.95,312.01,34.2,0.32,13.19,6.66,other,39.2629865851878,1
3.47,13.72,226.28,205.84,52.65,Orange eggless cake,0.52,355.62,37.87,0.56,13.82,7.16,other,34.46889674323452,1
0.0,1.52,8.66,26.75,62.43,Chocolate glace icing,2.04,436.29,59.88,0.0,20.8,3.22,other,25.98982915973908,1
0.0,0.0,5.98,12.48,71.64,Butter icing,0.14,500.72,71.64,0.0,25.37,0.19,other,0.3470557952104525,1
0.0,1.22,4.99,31.87,61.72,Chocolate butter icing,1.85,469.59,59.82,0.0,24.77,3.21,other,24.00590222094087,1
0.03,2.28,151.76,44.05,52.14,Almond biscuit (Badam ke biscuit),1.11,407.74,22.19,1.5,19.7,6.25,other,26.877044572144392,1
1.36,5.1,259.14,20.35,62.11,Orange biscuit,0.77,354.78,42.63,0.75,11.01,3.63,other,30.25939272345496,1
3.65,4.91,918.57,41.35,55.24,Gingerman biscuit,1.59,357.43,21.64,2.0,12.73,6.26,other,32.4733956633909,1
0.03,2.72,88.17,57.09,43.06,Coffee drops,1.48,443.07,18.27,1.88,27.16,7.57,other,25.424220555915323,1
0.0,2.42,127.36,29.07,60.97,Christmas biscuit,1.2,406.07,26.01,2.17,15.88,5.67,other,26.818730886994977,1
2.28,2.53,120.2,29.71,58.07,Christmas wreath biscuit,1.21,386.05,24.89,2.28,15.01,5.43,other,28.892874024333683,1
0.0,2.42,127.01,32.0,60.79,Christmas bell biscuit,1.22,404.85,25.94,2.33,15.84,5.66,other,26.982664255728352,1
0.01,2.69,76.09,22.75,74.54,Christmas star biscuit,0.96,392.03,53.05,1.47,10.04,3.54,other,27.31792068067353,1
1.61,2.58,120.45,35.04,58.41,Christmas tree biscuit,1.18,385.63,24.77,2.65,15.0,5.43,other,28.794395939068295,1
0.0,2.42,126.84,28.53,59.26,Chocolate cream shells,1.08,427.17,34.72,0.9,19.34,5.1,other,25.328233580217567,1
0.03,1.69,110.57,36.46,55.24,Jelly biscuit,1.19,404.61,29.76,2.02,19.33,4.23,other,27.05050785424479,1
0.0,2.49,114.62,46.27,59.35,Cherry and walnut cookies,1.31,422.6,30.37,1.3,18.75,5.63,other,26.22740382087282,1
0.0,2.35,587.42,160.64,30.61,Cheese straws,1.29,382.0,1.79,1.29,24.28,9.83,other,31.28889783863606,6
0.03,2.63,572.05,202.49,25.33,Butterfly biscuit,1.09,341.45,2.44,1.02,22.11,9.98,other,35.63187662470134,6
0.0,7.11,193.23,21.85,47.84,Flan pastry,1.15,445.8,6.22,1.58,25.04,6.72,other,24.24173578278558,1
3.3,33.99,110.04,19.28,34.71,Fruit flan,0.61,261.35,9.52,0.71,12.48,3.3,other,41.52999138267934,6
43.79,76.78,82.41,27.9,36.16,Orange cream flan,0.93,280.28,25.27,0.63,13.59,4.73,other,55.64734410888258,6
2.6,6.05,49.65,19.64,30.42,Fruit puree tart,0.63,286.5,9.79,1.31,16.83,3.35,other,37.661311734610166,6
8.88,31.98,384.43,21.23,32.12,Apple banana pie,0.79,243.99,12.96,1.89,11.39,3.13,other,47.49728778992274,6
7.18,51.7,94.95,34.43,27.63,Lemon chiffon pie,0.61,259.31,11.39,0.66,14.52,4.88,other,43.968658441683,6
84.88,91.24,73.23,30.34,23.14,Orange chiffon pie,0.62,207.57,10.46,0.7,11.16,3.89,other,96.39610816081405,6
0.33,9.28,45.49,45.27,14.16,Cream buns,0.5,215.74,5.95,0.31,15.81,4.45,other,49.42372862554562,0
1.49,15.04,2274.24,68.83,10.8,Savoury puffs,1.19,190.79,4.51,0.33,15.24,9.51,other,59.521611222434124,0
4.27,18.67,145.08,44.67,14.92,Choux swans,0.51,216.34,6.13,0.35,15.6,4.35,other,51.31456578715522,0
1.16,3.35,112.45,9.2,8.01,Potato aigrettes,0.45,530.03,0.73,0.45,54.24,2.35,other,19.71522011897085,3
0.5,8.8,57.11,30.93,23.12,Cream horns,0.44,408.23,7.12,0.6,33.55,3.42,other,25.81369099998304,6
2.31,8.51,212.28,121.83,21.38,Savoury cheese horns,0.63,295.15,2.74,0.73,20.71,5.66,other,39.11170764973917,6
3.3,31.26,158.44,129.9,22.79,Paneer patties,0.79,338.58,4.04,1.18,23.96,7.6,other,34.86557482658847,6
13.92,22.85,139.52,18.96,20.98,Vegetable patties ,0.87,261.92,1.49,2.62,17.74,4.01,other,46.486889713829235,6
0.0,24.14,12.67,118.52,62.1,Pearl millet infant food (Bajra shishu aahaar),5.67,362.44,26.06,7.84,6.62,11.98,other,38.79729695312964,1
0.0,20.4,11.7,54.4,66.87,Sajina,5.39,345.26,25.89,7.62,3.03,10.81,other,38.848711066749644,1
0.62,23.98,9.29,21.4,21.84,Cereal mix ,1.18,120.81,10.68,2.03,2.02,3.32,other,90.13376234632753,6
0.0,24.23,3.88,14.93,16.0,Pulse mix,1.29,83.29,6.59,2.25,0.54,3.16,other,130.0457776505321,6
0.0,17.34,2.68,13.78,17.42,Shishu ahar,1.02,93.37,6.61,1.02,1.43,2.61,other,114.30509442718932,0
0.0,18.71,1.03,12.61,27.8,Cereal pulse mix with amylase rice flour,1.19,151.57,8.84,3.47,2.74,4.27,other,70.97783935548665,6
3.02,20.9,16.85,74.93,36.15,Banana groundnut paste/puree,1.9,213.19,31.67,1.7,5.45,4.27,other,56.13535215767966,6
0.0,11.87,12.33,50.46,65.04,Rice dal porridge (Chawal dal ki khichdi/khichri),2.76,383.33,26.54,4.51,8.33,10.8,other,31.099802205637907,1
0.8,21.48,9.64,44.74,23.19,Lentils and semolina porridge (Dal suji porridge/daliya),1.22,117.29,13.84,1.44,1.06,3.26,other,94.72947832569282,6
3.03,28.15,69.59,10.43,17.35,Spinach khichri (Palak khichri/khichdi),0.65,102.18,0.21,1.56,1.91,3.43,other,105.48060821108382,6
8.48,36.84,34.94,90.06,36.02,Vegetable mix,2.27,174.21,27.36,1.93,0.94,4.7,other,74.02619002412354,6
0.6,11.32,62.79,26.28,8.36,Lentils and wheat porridge (Dal wheat porridge/daliya ),0.52,52.54,0.92,1.28,0.94,2.71,other,200.94612488978686,0
3.03,23.98,5.59,17.02,15.64,Maize porridge,1.11,89.57,7.69,1.68,1.89,2.14,other,123.74965290003807,0
30.28,164.72,19.52,40.95,13.59,Spinach peanut burfi (Palak aur mungfali ki burfi),1.61,105.37,11.5,2.07,4.39,3.36,other,138.31155821285842,0
0.6,24.28,2.53,16.44,54.63,Split bengal gram burfi/fudge (Channa dal burfi),0.62,287.36,43.38,2.06,7.09,4.65,other,36.67028344088477,1
0.39,10.0,22.29,54.95,39.64,Chickpea flour cookies (Sweet besan rounds/cookies),2.16,207.01,30.66,2.56,3.42,4.29,other,56.354889333972466,6
0.0,16.09,33.17,4.63,7.42,Pearl millet mathri (Bajra mathri),0.72,785.08,0.16,1.36,83.12,1.82,other,13.29242291819354,3
0.0,5.46,182.26,298.06,53.65,Sesame biscuit (Til ke biscuit),5.73,424.03,29.73,6.83,19.34,8.27,other,36.497659514898864,1
3.95,38.78,63.87,20.5,8.68,Fermented bengal gram vada (Khameerikrit/Ufna hua channa dal ka vada),1.38,657.57,0.35,2.65,67.19,4.05,other,17.280666489115777,3
0.38,6.09,44.01,60.74,19.52,Poshtik namak paras,2.03,613.39,0.87,4.55,56.58,6.49,other,18.971992972221212,3
0.0,36.21,17.24,81.25,62.89,Soya chikki,4.47,423.7,45.47,3.55,15.51,7.18,other,30.937770435056255,1
2.05,24.35,166.36,64.75,40.65,Besan bathua chilla/cheela,2.68,373.82,1.45,7.79,18.57,11.48,other,32.675468379818064,1
0.0,13.1,8.07,127.29,44.31,Wheat flour and nuts ladoos (Atta nuts ladoos),4.01,391.9,15.94,7.3,19.19,9.46,other,33.69974897660532,1
6.55,76.09,196.59,66.66,25.92,Gram flour and semolina dhokla (Besan suji dhokla),1.6,198.91,2.58,4.59,7.1,8.52,other,60.979517859513834,6
0.0,9.07,3.56,17.07,40.64,Atta dal burfi ,1.56,298.8,21.08,4.08,12.47,6.66,other,36.80714310232383,1
4.04,35.91,155.93,53.42,40.03,Soya roti,3.85,283.96,1.58,8.71,9.23,9.18,other,45.77652082934517,1
25.77,65.43,41.67,30.41,15.64,Poshtik khichdi/khichri,1.0,93.37,0.26,2.0,1.88,3.04,other,146.22268357943625,0
6.88,6.32,149.63,35.98,49.32,Namkeen daliya,2.99,295.11,0.82,8.57,7.99,8.29,other,43.042678276997684,1
0.48,26.63,147.82,36.78,44.96,Sprouts upma ,2.76,316.25,1.67,7.16,10.44,9.5,other,37.5322995844735,1
1.61,17.37,185.02,100.85,33.67,Semolina idli (Suji/Rava idli),2.34,206.39,3.42,5.85,3.47,9.34,other,59.376220357857065,6
0.58,11.79,97.18,18.18,27.47,Poshtik chilla/cheela,2.1,159.53,1.22,4.91,3.04,4.85,other,71.2778616245049,6
43.5,48.09,519.29,16.72,2.49,Stuffed bittergourd (dry) (Bharwa karela),1.29,217.65,0.07,3.0,22.38,1.29,other,72.03590803866476,0
15.57,14.43,35.58,6.78,2.63,Cauliflower potato canjee,0.28,16.79,0.13,0.69,0.39,0.57,other,711.0011555514832,0
62.17,320.46,156.02,122.3,4.44,Creamed spinach,1.89,96.91,1.59,1.33,6.39,5.18,other,195.01131986943568,0
16.96,46.37,16.64,69.36,9.18,Mango milkshake with ice cream (Aam milkshake ice cream ke saath),0.15,68.35,9.11,0.23,2.8,1.93,other,182.9014811897036,0
18.32,20.84,16.65,68.78,9.33,Pineapple milkshake with ice cream (Ananas milkshake ice cream ke saath),0.12,68.49,9.2,0.42,2.75,1.93,other,184.42545109211775,0
20.86,21.34,16.65,69.8,9.15,Orange milkshake with ice cream (Narangi milkshake ice cream ke saath),0.19,67.82,9.0,0.16,2.75,1.95,other,191.09785329189634,0
18.36,5.65,127.45,11.85,6.51,Woodapple juice (Bel ka sharbat),0.12,34.18,5.75,1.03,0.7,0.63,other,356.8701144769021,0
0.0,25.48,12.65,1.59,5.16,Sattu drink,0.17,23.38,3.96,0.4,0.14,0.56,other,432.2786661110014,0
5.08,2.68,1.97,9.11,30.74,Apple and honey sorbet (Seb aur shehad ka sharbat),0.18,121.3,29.18,1.13,0.29,0.15,other,88.49564194164358,6
3.66,18.19,22.69,112.31,9.13,Thandai,0.6,101.18,8.21,0.8,5.89,3.59,other,114.68593671598215,0
9.16,25.26,2.57,6.49,6.64,Cucumber sharbat (Kheere ka sharbat),0.18,27.28,5.46,0.78,0.06,0.26,other,409.37319848610167,0
5.39,71.4,32.02,88.89,13.07,Apple oats chia seed smoothie,0.5,85.64,5.76,1.44,2.48,3.49,other,134.98874238014827,0
9.92,2.29,1.16,2.67,23.62,Nannari sharbat,0.05,88.79,23.58,0.0,0.01,0.01,other,125.58326907915824,6
6.58,11.86,11.95,8.26,6.93,Semolina milk drink (Thari kanji),0.36,44.16,3.88,0.72,1.36,0.98,other,248.97304285891244,0
4.84,17.96,23.69,110.88,12.64,Saffron milk (Kesariya doodh),0.21,102.18,12.5,0.14,4.57,3.17,other,112.61858995270622,0
3.22,11.25,25.77,94.89,22.93,Black rice kheer (Chak-hao kheer),0.46,147.94,12.57,0.76,4.91,4.37,other,76.67470873500346,6
12.21,49.34,45.97,89.52,14.42,Coconut kheer (Nariyal ki kheer),0.53,162.61,13.73,1.53,10.55,3.4,other,75.88540985011066,0
5.88,21.45,39.45,102.11,14.4,Apple sago payasam (Seb aur sabudana ki kheer),0.31,136.5,10.63,0.38,7.66,3.13,other,85.06239629316553,0
0.0,8.55,1.7,7.7,31.38,Kesari bath,0.69,244.57,20.16,1.65,12.59,2.4,other,42.69764935423029,6
0.0,2.44,2.67,6.11,59.61,Putharekulu,0.38,318.3,23.86,1.75,7.55,3.66,other,32.227807449296606,1
38.05,110.67,1.89,10.64,12.84,Mango malpua,0.7,334.64,4.96,2.08,30.67,1.65,other,43.92335889467135,6
16.05,49.19,30.12,84.86,18.41,Mango vanilla custard,0.58,147.63,14.62,0.99,7.04,3.43,other,86.42094957884433,6
65.34,207.15,59.21,62.2,32.33,Kiwi granola pudding,1.45,280.99,15.08,3.71,15.36,5.6,other,65.99529198198191,6
0.06,17.81,8.15,128.58,62.47,Oats burfi,2.46,425.19,32.93,4.96,17.27,8.89,other,29.075025885863397,1
0.06,179.08,3.06,82.84,39.56,Lotus seed halwa (Kamal gattay ka halwa),1.8,370.55,9.8,0.42,20.69,7.79,other,31.42328278477246,1
0.03,9.52,7.51,144.58,51.33,Amaranth ladoo (Rajgira ladoo),6.47,454.15,19.92,5.11,22.7,10.12,other,32.39002889779065,1
0.09,42.67,13.0,295.29,33.64,Chhena poda,1.41,344.57,30.65,1.4,17.94,13.68,other,37.91622855093267,6
34.1,29.16,4.22,30.94,29.69,Sweet couscous dessert,0.84,196.2,15.89,2.18,7.69,3.81,other,73.87133310680711,6
2.79,50.44,73.61,183.02,16.02,Sweetened yogurt (Shrikhand),0.17,107.18,15.81,0.08,2.89,5.27,other,110.20983950635004,0
4.09,16.31,23.92,111.87,10.55,Thickened sweetened milk (Rabri),0.29,102.79,10.09,0.19,5.35,3.52,other,111.64601631573127,0
1.66,51.61,15.4,77.42,25.78,Gram flour halwa (Besan halwa),0.67,276.79,15.83,1.82,17.3,5.88,other,40.29121401858856,6
12.57,50.99,213.38,75.53,11.89,Prawn sandwich,1.11,169.65,1.21,1.55,9.27,10.36,other,74.2371549268101,0
2.23,12.14,407.44,98.16,28.03,Watercress sandwich,0.99,229.42,1.81,2.26,11.47,5.17,other,50.356789734350535,6
3.89,39.29,161.88,47.28,10.09,Fish sandwich ,0.69,150.2,1.04,1.23,10.37,4.72,other,74.42908031456635,0
5.33,213.8,97.97,166.63,18.86,Kidney bean sandwich with cottage cheese,1.64,176.64,3.69,3.66,6.84,9.85,other,72.37943027684877,6
0.0,13.87,98.24,207.04,52.69,Finger millet biscuit (Ragi biscuit),2.54,458.56,16.9,5.97,25.79,4.03,other,28.35774270700998,1
0.0,11.23,323.74,67.16,34.93,Buttermilk biscuit,0.77,322.54,3.44,1.18,17.5,5.76,other,33.93189422209078,6
1.5,10.76,84.71,72.04,42.19,Lemon cookies,0.69,394.48,23.47,0.78,23.02,5.63,other,28.1488385878976,1
7.95,17.7,339.58,56.34,38.13,Sweet potato biscuit (Shakarkand ke biscuit),0.81,296.4,2.53,2.27,13.31,5.14,other,39.69877850444652,6
0.01,1.66,6.06,13.81,61.25,Raspberry shortbread cookies,0.6,441.12,40.86,0.75,21.25,3.0,other,23.668560060018166,1
1.26,7.8,51.49,19.36,44.69,Pumpkin cookies ,0.52,218.4,31.62,1.06,3.93,2.51,other,48.43320497166651,6
16.8,28.24,229.9,48.45,23.07,Greenpea cookies,1.47,159.42,14.45,5.32,4.24,6.53,other,81.89703701559179,6
0.0,51.65,181.68,70.45,40.06,Sunflower cookies,2.21,520.62,24.28,3.95,36.28,9.49,other,22.607085503247774,1
0.0,34.95,98.45,25.21,53.99,Cardamom cookies (Elaichi cookies),1.41,400.49,38.99,2.79,19.12,5.1,other,27.409564309362054,1
0.0,19.45,81.06,47.43,39.44,Hazelnut cookies,1.29,493.32,22.01,2.45,34.97,6.25,other,22.46313309923137,1
2.03,19.54,156.53,251.59,48.43,Milk cookies,0.75,459.43,22.06,0.99,24.96,10.49,other,27.376379240645832,1
5.52,17.21,58.25,36.16,36.39,Cranberry cookies,0.71,272.48,19.96,1.13,12.66,3.92,other,41.41930278894459,6
0.0,2.28,120.1,10.76,55.01,Olive biscuit,1.37,438.29,32.27,0.82,23.75,3.2,other,24.741336425381235,1
0.0,15.19,93.11,23.81,53.12,Tutti fruitti biscuit,1.96,420.78,15.75,5.43,17.9,5.21,other,26.788447015168813,1
16.56,16.68,2.81,9.03,45.76,Peach blueberry preserves,0.33,177.38,45.33,1.14,0.2,0.53,other,68.17451162360398,6
15.65,21.93,2.1,6.57,25.67,Pear preserves (Naashpati ka murabba),0.23,101.24,25.19,3.06,0.19,0.25,other,117.71241730743904,6
17.65,4.32,2.06,5.24,33.62,Starfruit preserves ,0.2,128.93,33.47,0.78,0.12,0.24,other,93.94655948599949,6
4.85,2.09,86.38,31.17,7.61,Gooseberry pickle (Amla ka achaar),1.04,278.58,0.36,3.7,27.61,1.55,other,40.76543864396546,0
12.35,1.91,181.83,137.73,20.07,Lotus stem pickle (Kamal kakdi ka achar),20.57,102.69,2.53,8.58,1.6,1.44,other,218.4407806084698,6
3.46,15.77,138.86,41.49,34.66,Date pickle (Khajoor ka achaar),1.96,182.29,30.47,5.2,4.21,1.68,other,64.69080684342082,6
7.33,15.98,269.12,54.66,9.75,Garlic pickle (Lahasun ka achar),1.82,413.62,2.32,5.13,39.88,3.72,other,29.606926874950663,3
19.87,23.14,161.31,16.62,1.73,Fermented bamboo shoot pickle (Mesu pickle),0.69,59.83,0.29,2.24,5.59,1.58,other,212.58494509371997,0
7.36,8.5,33.04,11.99,37.01,Sweet peach pickle (Aadoo ka achaar),0.33,144.64,36.46,1.32,0.2,0.46,other,76.69622428333712,6
301.6,550.52,242.36,81.44,1.05,Pickled mustard greens ,1.22,13.12,0.02,1.7,0.22,1.51,other,1623.798728371899,0
19.37,16.9,249.48,31.95,2.76,Small onion pickle ,1.2,16.86,2.99,1.09,0.64,1.65,other,774.890754428121,0
8.21,7.15,159.18,14.22,2.87,Green tomato pickle (Haray tamatar ka achaar),0.77,193.26,0.77,1.74,19.67,1.23,other,59.243426551715906,0
16.63,23.56,121.39,15.96,2.56,Pickled cabbage ,0.19,13.69,2.08,0.61,0.14,0.39,other,882.1112172463523,0
1.71,5.56,176.54,44.78,11.53,Coconut pickle (Nariyal ka aachar),2.62,517.26,8.98,6.35,51.71,3.02,other,23.17986523995108,3
10.14,8.16,213.73,48.46,7.87,Potato pickle (Aloo ka achaar),1.12,369.14,0.82,2.21,36.46,2.07,other,32.83756330838739,3
19.85,5.7,13.71,16.55,77.32,Mango murabba candy,0.33,293.35,74.73,0.95,0.05,0.27,other,42.66642775250241,1
3.54,20.52,87.02,35.14,1.95,Afghani chicken,1.04,151.51,0.83,0.31,9.07,15.66,other,74.19588676271405,0
1.35,12.83,136.37,9.55,4.27,Fish orly,0.31,563.7,0.24,0.33,58.18,5.87,other,18.441872912335924,3
11.11,26.78,100.45,34.86,2.21,Hariyali Fish Tikka,0.83,150.24,0.83,0.99,9.41,14.01,other,79.63065363225108,0
10.37,45.99,2414.77,26.52,6.06,Chicken manchurian,1.28,142.34,0.9,0.41,11.96,9.53,other,84.77823052784413,0
1.47,20.46,75.64,26.85,1.49,Handi chicken,0.93,166.02,0.75,0.67,12.46,12.32,other,65.57365655667066,0
8.94,31.21,79.93,17.4,0.55,Lemon chicken,0.95,169.79,0.16,0.16,9.66,20.2,other,68.64336689414728,4
8.7,19.1,187.72,18.66,0.75,Lemon butter fish,0.4,160.25,0.23,0.36,10.26,16.38,other,70.71717535368083,0
245.7,317.88,188.21,71.94,3.78,Baked eggs in tomato sauce,1.31,80.05,2.03,0.01,5.22,4.92,other,265.8483746803547,0
33.6,290.24,183.89,48.25,0.17,Egg in a pepper,1.76,128.78,0.05,0.17,8.68,12.64,other,117.11651620799005,0
2.27,54.24,227.97,140.31,0.59,Spinach mushroom scrambled egg (Palak mushroom bhurji),1.6,158.85,0.1,0.39,11.51,13.28,other,76.93055589184013,0
2.9,81.65,166.42,96.22,1.57,Corn omelette/omlet,1.34,166.93,0.41,0.02,12.89,11.37,other,70.72917098676399,0
45.44,44.55,1740.13,156.98,1.94,Cajun chicken,0.53,184.94,1.1,0.89,13.99,12.69,other,89.49319668471827,0
16.81,35.64,160.66,57.22,3.41,Paaner do pyaza,0.45,127.7,2.2,0.84,10.87,4.22,other,98.33932360165718,0
28.39,30.24,75.02,3.18,4.85,Cabbage manchurian (Pattagobhi manchurian),0.2,224.26,0.33,0.37,22.48,0.64,other,59.26164761445239,0
27.52,37.66,69.22,12.37,3.59,Gobi 65,0.3,278.29,0.29,0.57,29.11,0.56,other,47.862295772748894,0
27.48,56.6,142.45,55.56,3.37,Paneer lababdar,0.56,105.48,1.96,1.16,8.46,3.98,other,130.75302483721143,0
47.14,46.0,120.19,24.47,2.02,Roasted cauliflower steak,0.95,78.68,0.44,3.53,6.7,2.05,other,202.76800107760963,0
6.55,45.89,65.1,40.2,6.04,Sauteed radishes with green beans,1.01,94.32,1.78,3.52,6.61,2.41,other,122.9656452302763,0
5.7,16.82,177.62,63.51,20.44,Garlic chutney/Poondu chutney (Lahasun ki chutney),3.26,255.51,13.36,5.15,17.55,3.34,other,50.616347328804764,6
26.36,159.08,486.27,35.46,10.79,Schezwan chutney,1.96,205.19,5.66,5.72,17.72,3.33,other,69.64543597907797,6
2.83,17.03,256.89,28.5,13.52,Onion chutney (Pyaaz ki chutney/Vengaya chutney),1.19,143.94,6.8,4.6,8.38,2.97,other,77.77397752387331,6
3.41,17.27,76.77,28.72,21.69,Dates chutney (Khajoor ki chutney),1.19,103.57,18.68,3.41,1.12,1.07,other,108.7276535379268,6
4.92,35.5,50.62,43.19,1.3,Chicken salad,1.23,338.19,0.96,2.0,30.26,15.33,other,34.18856491685375,4
22.15,34.69,163.99,35.7,21.63,Macaroni salad,0.77,262.19,3.73,0.56,17.78,5.02,other,50.205973810993065,6
28.29,53.73,125.31,118.49,5.25,Cabbage raita (Pattagobhi raita),0.19,84.84,4.21,0.93,5.76,3.24,other,166.90653497584188,0
4.6,23.86,195.18,138.31,7.15,Pomegranate raita (Anaar ka raita),0.25,72.64,7.01,0.6,3.24,4.05,other,161.25995425279564,0
8.44,32.13,189.96,163.8,7.86,Onion raita (Pyaaz ka raita),0.3,71.56,7.07,0.65,2.43,4.86,other,172.7842991118564,0
4.3,18.82,161.31,193.58,7.66,Green chilli raita (Hari mirch ka raita),0.21,77.13,7.49,0.26,2.92,5.58,other,156.6643506744635,0
30.49,35.39,292.04,109.11,5.01,Kale salad,1.3,177.71,3.31,1.36,15.33,4.86,other,84.12192725399635,0
10.82,133.95,434.68,114.32,9.64,Spinach and paneer souffle ,1.4,186.19,2.81,1.07,13.49,7.56,other,69.06592521287187,0
382.64,363.81,131.14,103.68,8.02,Masala souffle ,0.74,123.51,1.84,1.24,7.37,6.38,other,171.716051920084,0
2.4,28.77,120.93,61.71,3.47,Chicken and cheese souffle,0.63,182.35,2.46,0.26,14.74,9.07,other,60.82456251362203,0
0.03,0.18,75.61,40.3,25.07,Tamarind chutney (Chintapandu pachadi/Puli chutney),1.95,109.15,22.85,1.65,0.48,0.88,other,54.02351504046419,6
0.06,0.21,1814.66,588.91,29.15,Pav bhaji masala,12.84,230.47,1.48,24.3,10.96,9.13,other,73.41552880234704,7
7.35,15.53,262.81,112.74,10.01,Green chutney,4.58,79.42,0.92,5.84,1.6,5.42,other,179.15313372377085,6
13.41,34.18,100.26,15.13,22.41,Sago khitchdi/khichri (Sabudana khitchdi/khichri),0.86,187.16,1.03,1.82,10.1,2.72,other,64.56594567836285,6
1.73,34.69,135.57,28.38,21.03,Gram flour chilla/cheela (Besan chilla/cheela),2.19,135.93,1.87,4.25,2.85,7.8,other,85.53811948206122,6
12.45,26.26,32.13,10.32,18.98,Vegetable namkeen jave,1.07,112.23,1.04,2.86,2.51,2.93,other,107.43261510436062,6
0.56,10.5,184.16,21.27,27.66,Khakhra,2.14,178.5,0.88,5.43,5.32,4.78,other,63.94804759510642,6
1.48,14.32,61.36,36.44,31.91,Moong bean dosa (Pesarattu),3.38,285.96,2.9,6.04,11.67,12.32,other,43.09179575650411,1
1.06,15.26,543.27,73.51,41.34,Methi thepla,4.52,346.16,2.98,7.56,15.95,8.98,other,38.116334721950615,1
0.0,4.85,48.28,4.96,11.82,Rice puttu (Ari puttu),0.42,81.98,0.33,0.76,3.13,1.26,other,125.29259794446423,0
0.66,3.38,69.97,11.32,27.28,Buckwheat pancake (Khura),0.69,263.3,0.64,0.56,16.43,2.91,other,40.04460155618529,6
9.13,82.57,69.64,24.59,8.83,Quinoa khichdi/khichri,1.12,64.01,0.69,2.58,1.59,3.18,other,184.74957839119688,0
46.67,312.97,102.78,24.49,16.64,Khakhra chaat,1.26,358.66,3.26,3.04,30.65,4.52,other,44.81665134372433,6
4.03,13.79,20.14,13.74,20.06,Banana appam,0.77,469.81,9.95,0.67,42.53,1.17,other,23.37380614130789,3
15.1,26.53,65.31,16.79,6.82,Veg manchurian,0.31,585.64,0.76,1.16,61.65,0.89,other,20.45480815202829,3
76.48,170.49,163.89,24.86,11.99,Pav bhaji,0.97,96.53,2.06,1.98,4.32,2.66,other,199.1908985382517,0
0.0,8.2,63.31,24.63,33.29,Rice murukku,1.7,593.99,0.17,2.18,48.22,5.41,other,18.744265026188963,3
31.61,157.03,93.98,24.22,16.47,Bhel puri ,1.29,509.89,3.41,2.24,47.91,3.52,other,28.27118904312024,3
3.66,15.26,443.39,31.17,30.86,Semolina dhokla (Suji/Rava dhokla),2.52,194.91,1.85,5.12,5.2,5.44,other,61.80511978572621,6
14.1,227.37,86.5,17.28,11.45,Spicy corn chaat ,0.84,479.8,0.95,2.17,46.55,4.61,other,25.35693291008006,3
0.32,2.47,46.39,24.62,24.0,Jackfruit fritters (Ponsa mulik/Kathal ka pakora),1.15,597.79,11.48,1.5,54.41,2.34,other,18.173320162312955,3
4.03,8.97,86.87,2.01,7.32,Banana chips (Kele ke chips),0.19,665.67,4.37,0.65,70.46,0.37,other,15.876928315524017,3
0.76,7.6,82.96,98.91,41.13,Wheat cake,1.08,314.63,25.79,2.76,14.95,4.79,other,36.376984388934936,1
24.93,68.68,107.12,55.1,20.06,Mango cheesecake,0.53,152.46,15.36,1.14,7.3,2.39,other,88.47101271343696,6
3.12,17.06,158.74,156.1,35.98,Carrot cake (Gajar ka cake),1.03,255.59,23.96,2.93,10.27,5.6,other,47.418357993889124,6
0.94,9.42,91.36,128.28,31.32,Semolina cake (Suji/Rava cake),1.36,374.14,18.86,5.37,25.18,6.58,other,31.664000723710995,1
0.76,11.41,98.26,118.38,38.93,Finger millet cake (Ragi cake),1.35,279.46,24.76,2.35,12.27,3.96,other,42.02769565970024,6
0.53,10.06,72.55,50.86,49.04,Honey cake,0.46,333.59,33.43,0.51,14.7,3.08,other,32.09231455881535,1
0.37,10.86,155.37,81.29,34.53,Almond cardamom cake (Badam elaichi cake),1.29,356.35,18.06,2.35,21.36,7.18,other,31.943554006132928,1
1.9,76.45,106.36,61.41,52.94,Tutti frutti cake,0.62,347.72,28.08,0.85,12.68,4.49,other,31.71500106677836,1
22.31,103.7,378.14,20.52,4.18,Ham and Bean soup,0.88,96.04,1.43,0.54,4.15,10.61,other,136.66830416101553,0
2.55,33.72,87.08,164.92,6.26,Whey soup,0.55,68.91,5.87,0.84,3.34,3.45,other,172.0723301916162,0
6.0,52.73,53.81,15.14,1.16,Bottle gourd soup (Ghiya/Lauki soup),0.26,23.05,0.39,0.96,1.79,0.45,other,474.08124293156834,0
18.93,42.67,268.69,106.56,5.85,Baked potato soup,0.27,147.05,3.44,0.3,11.21,5.73,other,88.90190847348276,0
11.5,35.73,45.5,12.17,2.08,Pumpkin soup,0.19,40.05,1.47,1.19,3.2,0.47,other,286.5655110598931,0
10.33,50.13,22.35,3.72,3.56,Sweet corn soup,0.41,32.25,0.9,0.31,1.63,0.99,other,353.6177035711919,0
7.59,106.5,68.03,82.76,2.42,Paneer soup,0.3,47.85,1.98,0.28,2.8,3.22,other,243.39844063981997,0
51.86,53.08,7311.44,37.25,3.12,Curried Cauliflower soup,2.12,37.32,1.79,2.34,9.77,6.72,other,461.58999093082684,0
4.23,26.39,10918.83,65.21,8.22,Millet soup,2.74,55.99,1.45,2.82,12.57,11.26,other,223.14409013819625,0
8.6,12.47,219.17,102.57,10.32,Lemon coriander soup,3.47,108.06,2.2,6.77,6.26,2.27,other,126.52538713060643,6
11.12,21.85,179.26,60.55,6.99,Garlic soup,0.73,194.86,2.39,1.66,17.62,2.38,other,62.13117285169014,0
9.19,75.16,41.85,20.62,7.96,Dal makhani,1.23,74.04,0.8,2.27,3.06,3.32,other,160.2250111974585,0
36.63,137.41,49.35,54.28,15.04,Dalma,2.1,118.93,3.1,2.16,4.58,4.91,other,131.6253689414372,6
13.38,103.45,46.4,21.99,9.99,Split bengal gram dal (Channa dal),1.92,99.67,0.98,3.72,4.62,4.15,other,127.64610393786676,0
13.98,86.1,63.63,38.22,8.21,Horsegram dal (Kulthi dal) ,1.3,55.65,0.72,1.52,1.13,2.91,other,225.8680243585904,0
8.49,79.58,79.46,23.05,10.71,Panchmel dal,1.42,111.22,0.75,3.2,5.36,4.63,other,107.08083001735223,0
2.77,45.31,37.53,14.54,8.55,Dal dhokli,0.79,68.74,1.12,1.86,2.47,2.96,other,157.96498138656997,0
31.39,374.11,308.55,68.21,31.86,Gujarati handvo ,2.03,207.09,2.51,4.95,4.8,8.24,other,73.10950728305502,6
0.0,59.29,53.19,13.95,12.87,Sev (Omapodi/Karapusa),0.72,609.14,0.53,2.35,60.08,5.12,other,17.24941342270692,3
0.04,5.01,28.91,6.06,12.89,Papdi,0.44,708.96,0.31,0.56,72.11,1.83,other,14.521981879801785,3
0.0,9.63,97.25,19.46,40.53,Jowar dosa,2.03,294.35,0.59,5.56,10.28,8.5,other,38.31313091717372,1
6.79,15.69,139.34,44.83,16.12,Bread roll,0.71,435.46,0.94,1.45,40.25,2.85,other,26.394468017119927,3
8.56,14.38,92.25,15.67,10.0,Soya seekh kebab,1.26,115.05,0.51,2.24,5.88,5.4,other,102.31768424728007,0
8.54,4.61,7989.07,40.11,7.66,Classic seasoned black beans,1.9,28.78,0.44,3.51,8.28,8.01,other,427.8312337033671,0
1.43,102.41,43.31,68.65,43.11,Maa chaane ki dal,5.97,344.67,1.05,13.45,9.5,19.8,other,40.62910168750538,1
13.24,380.59,79.73,13.93,13.92,Garlic chickpea soup (Lahasun aur chane ka shoraba),0.96,89.53,2.65,2.84,2.01,4.45,other,135.2797753892359,0
0.3,0.075,23.91,110.2,6.58,White sauce (thin),0.19,115.17,4.58,0.07,8.41,3.31,other,24.84658501850479,0
0.3,0.075,22.59,103.53,7.98,White sauce (medium),0.22,151.27,4.32,0.14,11.76,3.36,other,18.68804238077722,0
0.3,0.075,20.45,92.74,10.24,White sauce (thick),0.27,209.69,3.9,0.24,17.19,3.43,other,13.218169434488761,0
0.3,0.075,317.38,255.14,7.08,Cheese sauce,0.31,194.76,4.53,0.12,15.12,7.68,other,20.759760423962515,0
0.3,0.075,51.54,89.49,5.88,Egg sauce,0.65,146.85,3.19,0.12,11.08,5.97,other,20.14183901824351,0
0.3,0.075,20.94,94.1,7.31,Mushroom sauce,0.22,137.56,3.86,0.47,10.51,3.39,other,20.023275002920244,0
0.3,0.075,22.16,109.03,8.29,Mustard sauce,0.44,158.58,4.22,0.13,12.17,3.98,other,18.864106983668083,0
0.3,0.075,14174.59,40.44,5.38,Brown sauce,2.46,109.18,0.13,1.69,23.67,11.92,other,32.84554793072836,0
0.3,0.075,49.04,19.55,4.4,Classic italian pasta,0.41,42.12,2.94,1.36,2.45,0.57,other,54.285273658493026,0
0.3,0.075,115.79,58.57,1.76,Pasta spinach sauce,1.23,85.46,1.04,0.86,7.9,1.76,other,35.59800056406655,0
0.3,0.075,255.95,152.68,9.0,Pasta cheese sauce,0.25,149.26,4.22,0.14,10.84,4.33,other,21.584374652845774,0
0.3,0.075,272.89,15.36,1.65,Mayonnaise,0.51,774.86,1.44,0.11,84.52,1.86,other,2.9809520594952796,3
0.3,0.075,165.94,6.47,4.71,Low calorie quick mayonnaise,0.25,242.89,0.83,0.06,24.35,1.41,other,8.633502626668257,0
0.3,0.075,946.1,9.11,4.49,Thousand island dressing,0.45,407.87,3.1,0.46,42.87,1.37,other,5.463530674995112,3
0.3,0.075,301.07,167.17,7.95,Curd dip,0.25,79.95,7.12,0.1,3.36,5.04,other,41.69037272226765,0
0.3,0.075,97.2,16.9,44.72,Short crust pastry,1.02,422.1,3.18,1.58,23.98,6.11,other,6.171523335702439,1
0.3,0.075,132.28,19.43,16.2,Choux pastry,0.83,222.37,1.5,0.56,14.96,5.55,other,11.327544106246268,6
0.3,0.075,178.52,9.28,33.61,Flaky pastry,0.83,443.94,0.81,1.25,31.99,4.69,other,5.498105734624182,1
0.3,0.075,64.61,30.22,44.63,Sponge cake ,1.47,253.77,26.33,0.69,4.74,9.18,other,11.654102291293446,6
0.3,0.075,9.88,1.95,86.31,Glace icing,0.41,323.51,85.35,0.0,0.01,0.01,other,6.649287846159657,1
0.3,0.075,36.5,2.87,86.53,Royal icing,0.42,332.58,85.57,0.0,0.02,1.74,other,6.50593418047865,1
0.3,0.075,19.33,7.05,67.48,American frosting,0.14,257.57,67.46,0.0,0.01,1.05,other,7.921504369072019,1
0.3,0.075,29.32,18.62,53.19,Gum icing,0.4,223.07,52.63,0.0,0.0,5.94,other,10.193151588229364,1
0.3,0.075,206.28,21.36,72.59,Channa murmura premix,4.58,339.09,1.52,8.21,3.28,10.59,other,13.616106255228614,1
0.3,0.075,3.25,49.03,64.75,Cracked wheat and green gram dal premix (Dalia moong dal premix),4.28,362.16,0.63,11.66,5.11,15.89,other,12.876256232783733,1
0.3,0.075,205.51,17.23,71.94,Rice flakes and roasted channa ,4.51,333.4,1.31,8.84,2.94,10.57,other,13.636554740333981,1
0.3,0.075,31.16,106.1,3.98,Spinach soup in milk ,1.08,56.72,3.34,0.79,3.2,2.89,other,58.6122563379263,0
0.3,0.075,170.68,18.1,7.6,Vegetable soup,0.63,55.21,1.61,3.01,1.55,2.22,other,43.42626521579609,0
0.3,0.075,16.99,78.64,14.62,Mashed banana with milk,0.23,95.43,11.35,0.71,2.99,2.51,other,27.675093660632793,0
0.3,0.075,325.07,140.9,26.72,Poha with curd (Poha aur dahi),1.61,173.32,5.46,1.09,4.65,6.01,other,22.424555340548874,6
0.3,0.075,190.9,85.41,12.01,Potato with curd,0.38,73.18,3.3,1.02,1.33,3.19,other,37.939935015638746,0
0.3,0.075,24.63,99.18,23.77,Sweet wheat porridge (Sweet dalia),1.98,140.66,12.23,2.37,2.79,5.11,other,26.81115036439933,6
0.3,0.075,193.55,100.54,19.57,Vegetable khichdi/khichri,1.09,143.17,3.71,2.45,4.53,5.61,other,22.96063074857515,6
0.3,0.075,29.6,70.53,33.93,Moong dal mixture,1.25,158.84,24.68,1.9,1.0,4.62,other,19.801789469379493,6
0.3,0.075,224.95,123.04,22.35,Cracked wheat khichri/khichdi (Dalia khichri/khichdi),2.17,167.45,3.79,3.74,5.52,7.56,other,24.248136323382667,6
0.3,0.075,1.53,9.25,22.49,Stewed apple,0.18,91.93,20.45,1.48,0.37,0.17,other,22.620332638824962,6
0.3,0.075,15.01,9.85,48.88,Lemon squash (Nimbu ka squash),0.18,184.56,48.88,0.0,0.06,0.15,other,11.292276571860445,6
0.3,0.075,14.85,10.62,50.88,Orange squash (Santre ka squash),0.34,193.26,50.56,0.4,0.04,0.22,other,11.274524112152175,6
0.3,0.075,14.56,6.39,51.96,Lichi squash,0.34,198.33,51.31,0.41,0.08,0.3,other,10.822246096788522,6
0.3,0.075,14.81,9.47,50.96,Mango squash (Aam ka squash),0.25,194.66,50.84,0.58,0.17,0.17,other,10.891135189912543,6
0.3,0.075,14.84,7.96,51.34,Pineapple squash (Ananas ka squash),0.18,195.02,51.08,1.06,0.05,0.16,other,10.61206082742335,6
0.3,0.075,16.19,11.18,44.06,Lemon and ginger squash (Nimbu aur adrak ka squash),0.52,170.34,42.53,1.07,0.21,0.54,other,13.403911131984394,6
0.3,0.075,2.71,10.84,48.56,Apple jam (Seb ka murabba),0.21,188.79,46.76,1.29,0.32,0.14,other,11.167882914267786,6
0.3,0.075,2.67,7.5,46.2,Plum jam (Aloo bukhara jam),0.2,178.89,45.25,1.0,0.19,0.31,other,11.611251339576006,6
0.3,0.075,2.45,10.47,38.27,Pineapple jam ,0.24,149.18,37.44,2.2,0.15,0.32,other,14.225801905115482,6
0.3,0.075,3.36,16.55,28.18,Guava jelly (Amrood ki jelly),0.29,115.74,27.38,6.61,0.25,1.11,other,18.980059933922035,6
0.3,0.075,2.31,17.59,25.94,Orange marmalade (Santray ka murabba),0.63,104.17,25.09,1.97,0.13,0.66,other,22.978218543160462,6
0.3,0.075,19.53,15.86,45.6,Carrot murabba (Gajar ka murabba),0.28,175.24,44.83,1.39,0.16,0.32,other,12.473686880215066,6
0.3,0.075,216.89,16.4,32.34,Gooseberry marmalade (Amla murabba),0.38,123.16,28.61,0.0,0.03,0.14,other,18.23317871547816,6
0.3,0.075,5.4,10.43,50.38,Ginger candy (Adrak ki candy),0.68,195.71,47.99,1.67,0.27,0.69,other,12.091062696550406,6
0.3,0.075,3429.94,48.97,8.11,Mango pickle (Aam ka achaar),1.44,192.12,1.79,3.68,17.89,1.6,other,16.057805751747036,0
0.3,0.075,2488.32,42.81,7.48,Mixed vegetable pickle (Sabziyoon ka achaar),2.12,211.2,2.77,2.76,19.68,1.9,other,16.171490546490546,0
0.3,0.075,6415.9,42.57,16.87,Sweet lemon pickle (Neembu ka meetha achaar),1.02,69.54,14.63,2.13,0.21,1.22,other,40.29999336297869,6
0.3,0.075,216.81,12.38,44.95,Plum chutney (Aloo bukhara ki chutney),0.34,177.11,43.9,1.37,0.29,0.47,other,12.379046871735028,6
0.3,0.075,480.68,25.92,49.94,Raw mango chutney (Kachhe aam/Kairi ki chutney),0.48,193.13,45.22,2.17,0.16,0.51,other,12.29422987306278,6
0.3,0.075,174.79,13.0,7.23,Tomato sauce,0.31,34.33,5.69,1.79,0.27,0.81,other,63.51749360779363,0
0.3,0.075,244.99,8.91,3.68,Tomato puree,0.22,20.62,2.32,1.56,0.25,0.75,other,101.79893390368655,0
0.3,0.075,58.33,609.77,26.2,Garam masala,14.51,254.21,1.79,35.56,10.97,9.89,other,57.668789213575025,7
0.3,0.075,11873.64,519.5,23.87,Chat masala,13.27,222.58,0.79,18.62,9.91,8.19,other,59.649157164657204,1
0.3,0.075,3106.14,303.49,23.16,Kashmiri masala,14.72,389.02,2.41,12.12,31.03,8.26,other,31.92804887319308,1
0.3,0.075,38.78,562.15,25.19,Rasam powder (Rasam masala),14.72,267.96,1.91,35.71,11.8,12.04,other,53.77795895037275,7
0.3,0.075,27.66,439.95,23.38,Sambar powder (Sambar masala),12.63,297.46,1.87,34.56,15.58,12.5,other,41.38112946019892,7
0.3,0.075,256.95,21.06,2.96,Tartare sauce,0.56,610.93,2.18,0.42,66.12,1.44,other,3.898064335430318,3
0.3,0.075,504.95,28.61,20.46,Barbeque sauce,1.15,121.93,18.88,0.69,4.51,0.96,other,22.695802061011605,6
0.3,0.075,88.84,110.72,8.69,Bread sauce,0.31,111.04,4.63,0.56,7.05,3.46,other,26.407131333284067,0
0.3,0.075,1037.04,9.89,7.36,Green chilli sauce,0.64,46.06,5.36,1.77,0.27,1.25,other,50.80255779343924,0
0.3,0.075,182.07,12.27,44.5,Home made plain noodles,1.07,238.78,1.07,1.65,3.56,6.21,other,10.876800373408125,6
0.3,0.075,117.74,7.69,4.92,Dal moong,0.52,43.69,0.13,1.08,1.62,2.2,other,51.64513775179831,0
0.3,0.075,177.58,177.77,5.22,Cumin seeds baghar (Jeera baghar/tadka),5.09,736.81,0.49,6.01,78.77,3.34,other,8.28378096059045,3
0.3,0.075,31.33,20.45,6.17,Onion tomato baghar (Pyaaz tamatar ka tadka),0.63,137.52,3.51,2.12,11.98,1.26,other,17.56574335108366,0
0.3,0.075,8.9,182.93,10.45,Mustard seeds baghar (Mustard seed tadka),4.14,552.59,1.14,9.74,54.3,4.73,other,10.162122332085595,3
0.3,0.075,105.81,24.82,67.95,Hot cherry sauce,0.45,252.74,17.65,0.0,0.07,0.13,other,9.29515078838494,1
0.3,0.075,2.14,7.89,39.37,Apple jelly (Seb ki jelly),0.15,152.13,38.18,0.86,0.21,0.1,other,13.490823469131492,6
0.3,0.075,2.16,9.84,37.64,Marmalade (Murabba),0.34,143.76,37.29,0.43,0.04,0.23,other,15.114875695009248,6
0.3,0.075,12.71,6.9,55.51,Plum squash (Aloo bukhara squash),0.16,211.17,55.02,0.52,0.1,0.16,other,9.709234954298172,1
0.3,0.075,7559.38,20.05,2.14,Lemon green chilli pickle (Nimboo aur hari mirch ka achaar),0.55,14.07,1.0,1.07,0.24,0.85,other,168.309854877019,0
0.3,0.075,3507.59,37.28,4.23,Brinjal pickle (Baingan ka achaar),2.16,139.01,1.07,4.62,12.98,2.24,other,24.42344122079393,0
0.3,0.075,1281.94,15.18,6.55,Sweet and sour tomato pickle (Khatta meetha tamatar ka achaar),0.54,60.88,4.31,2.2,3.24,1.26,other,38.191566427440264,0
0.3,0.075,2067.33,54.31,6.32,Jhatpat achar with carrot (Jhatpat achaar gajar ke saath),2.32,91.21,3.04,5.08,6.55,1.98,other,39.633718375084456,0
0.3,0.075,823.65,25.34,31.85,Tomato chutney (Tamatar ki chutney),0.96,176.07,30.02,1.49,6.01,0.97,other,14.974667709375494,6
0.3,0.075,177.97,15.33,6.48,Tomato ketchup,0.36,33.07,4.68,1.9,0.3,0.91,other,67.31951648794707,0
0.3,0.075,51.43,523.0,20.0,Bengal 5 Spice Blend (Panch Phoran),13.37,289.79,1.4,18.4,22.16,18.26,other,46.099548066489646,1
0.3,0.075,0.1,21.94,60.0,adhirasam,0.7,300.0,0.92,2.0,10.0,5.0,other,8.21997150997151,1
0.3,0.075,0.15,21.94,40.0,aloo gobi,0.7,250.0,0.92,5.0,8.0,4.0,other,9.86396581196581,1
0.3,0.075,0.15,21.94,42.0,aloo matar,0.7,260.0,0.92,5.0,8.5,4.5,other,9.484582511505588,1
0.3,0.075,0.14,21.94,38.0,aloo methi,0.7,240.0,0.92,5.0,7.0,4.0,other,10.274964387464387,6
0.3,0.075,0.15,21.94,40.0,aloo shimla mirch,0.7,255.0,0.92,5.0,8.0,4.0,other,9.67055471761354,1
0.3,0.075,0.2,21.94,50.0,aloo tikki,0.7,280.0,0.92,4.0,12.0,6.0,other,8.80711233211233,1
0.3,0.075,0.1,21.94,40.0,anarsa,0.7,320.0,0.92,3.0,15.0,6.0,other,7.706223290598289,1
0.3,0.075,0.05,21.94,45.0,ariselu,0.7,250.0,0.92,1.0,7.0,5.0,other,9.86396581196581,6
0.3,0.075,0.4,21.94,10.0,baby back ribs,0.7,450.0,0.92,0.0,35.0,30.0,other,5.479981006647672,4
0.3,0.075,0.2,21.94,45.0,baklava,0.7,400.0,0.92,2.0,22.0,6.0,other,6.164978632478632,1
0.3,0.075,0.15,21.94,55.0,bandar laddu,0.7,330.0,0.92,3.0,12.0,7.0,other,7.472701372701372,1
0.3,0.075,0.1,21.94,30.0,basundi,0.7,300.0,0.92,0.0,15.0,8.0,other,8.21997150997151,6
0.3,0.075,0.25,21.94,2.0,beef carpaccio,0.7,220.0,0.92,0.0,10.0,28.0,other,11.209052059052057,4
0.3,0.075,0.2,21.94,2.0,beef tartare,0.7,210.0,0.92,0.0,15.0,20.0,other,11.74281644281644,4
0.3,0.075,0.1,21.94,20.0,beet salad,0.7,150.0,0.92,4.0,5.0,3.0,other,16.43994301994302,6
0.3,0.075,0.3,21.94,40.0,beignets,0.7,350.0,0.92,2.0,18.0,5.0,other,7.045689865689865,1
0.3,0.075,0.2,21.94,35.0,bhindi masala,0.7,240.0,0.92,4.0,10.0,4.0,other,10.274964387464387,6
0.3,0.075,0.35,21.94,55.0,bibimbap,0.7,350.0,0.92,4.0,8.0,12.0,other,7.045689865689865,1
0.3,0.075,0.4,21.94,60.0,biryani,0.7,400.0,0.92,3.0,15.0,14.0,other,6.164978632478632,1
0.3,0.075,0.2,21.94,50.0,boondi,0.7,300.0,0.92,3.0,12.0,5.0,other,8.21997150997151,1
0.3,0.075,0.3,21.94,45.0,bread pudding,0.7,350.0,0.92,2.0,16.0,8.0,other,7.045689865689865,1
0.3,0.075,0.4,21.94,50.0,breakfast burrito,0.7,400.0,0.92,5.0,18.0,15.0,other,6.164978632478632,1
0.3,0.075,0.15,21.94,20.0,bruschetta,0.7,200.0,0.92,3.0,10.0,5.0,other,12.329957264957264,6
0.3,0.075,0.2,21.94,10.0,caesar salad,0.7,220.0,0.92,2.0,15.0,7.0,other,11.209052059052057,0
0.3,0.075,0.25,21.94,35.0,cannoli,0.7,300.0,0.92,2.0,14.0,6.0,other,8.21997150997151,6
0.3,0.075,0.15,21.94,8.0,caprese salad,0.7,180.0,0.92,1.0,12.0,7.0,other,13.699952516619183,0
0.3,0.075,0.3,21.94,45.0,carrot cake,0.7,350.0,0.92,3.0,18.0,5.0,other,7.045689865689865,1
0.3,0.075,0.2,21.94,15.0,ceviche,0.7,200.0,0.92,2.0,5.0,18.0,other,12.329957264957264,6
0.3,0.075,0.2,21.94,45.0,chak hao kheer,0.7,280.0,0.92,2.0,10.0,7.0,other,8.80711233211233,1
0.3,0.075,0.25,21.94,50.0,chana masala,0.7,300.0,0.92,6.0,8.0,10.0,other,8.21997150997151,1
0.3,0.075,0.05,21.94,25.0,chapati,0.7,120.0,0.92,2.0,1.5,3.0,other,20.549928774928773,6
0.3,0.075,0.3,21.94,10.0,cheese plate,0.7,400.0,0.92,0.0,30.0,20.0,other,6.164978632478632,4
0.3,0.075,0.25,21.94,40.0,chhena kheeri,0.7,300.0,0.92,2.0,12.0,10.0,other,8.21997150997151,1
0.3,0.075,0.4,21.94,35.0,chicken quesadilla,0.7,300.0,0.92,3.0,12.0,15.0,other,8.21997150997151,6
0.3,0.075,0.35,21.94,36.0,chicken razala,0.7,320.0,0.92,2.0,14.0,18.0,other,7.706223290598289,1
0.3,0.075,0.35,21.94,34.0,chicken tikka,0.7,310.0,0.92,2.0,13.0,17.0,other,7.954811138682105,6
0.3,0.075,0.35,21.94,36.0,chicken tikka masala,0.7,330.0,0.92,2.0,15.0,18.0,other,7.472701372701372,1
0.3,0.075,0.4,21.94,5.0,chicken wings,0.7,350.0,0.92,0.0,22.0,20.0,other,7.045689865689865,4
0.3,0.075,0.15,21.94,50.0,chikki,0.7,290.0,0.92,3.0,11.0,5.0,other,8.503418803418802,1
0.3,0.075,0.2,21.94,40.0,churros,0.7,320.0,0.92,2.0,16.0,4.0,other,7.706223290598289,1
0.3,0.075,0.3,21.94,25.0,clam chowder,0.7,250.0,0.92,2.0,10.0,12.0,other,9.86396581196581,6
0.3,0.075,0.3,21.94,20.0,crab cakes,0.7,270.0,0.92,2.0,15.0,18.0,other,9.133301677746122,6
0.3,0.075,0.2,21.94,35.0,creme brulee,0.7,300.0,0.92,0.0,16.0,7.0,other,8.21997150997151,6
0.3,0.075,0.3,21.94,30.0,croque madame,0.7,320.0,0.92,1.0,18.0,14.0,other,7.706223290598289,6
0.3,0.075,0.3,21.94,40.0,cup cakes,0.7,350.0,0.92,2.0,20.0,6.0,other,7.045689865689865,1
